{"v":"5.9.6","fr":60,"ip":0,"op":282,"w":1000,"h":1000,"nm":"AI Assistant","ddd":0,"assets":[],"layers":[{"ddd":0,"ind":1,"ty":4,"nm":"Shape 5","td":1,"sr":1,"ks":{"o":{"a":0,"k":100,"ix":11},"r":{"a":0,"k":0,"ix":10},"p":{"a":0,"k":[500,500,0],"ix":2,"l":2},"a":{"a":0,"k":[247.647,257.059,0],"ix":1,"l":2},"s":{"a":0,"k":[150,150,100],"ix":6,"l":2}},"ao":0,"shapes":[{"ty":"gr","it":[{"ind":0,"ty":"sh","ix":1,"ks":{"a":0,"k":{"i":[[5.221,5.221],[0,0],[-5.221,5.221],[0,0],[-5.221,-5.221],[0,0],[5.221,-5.221],[0,0]],"o":[[0,0],[-5.221,-5.221],[0,0],[5.221,-5.221],[0,0],[5.221,5.221],[0,0],[-5.221,5.221]],"v":[[-9.454,144.724],[-144.724,9.454],[-144.724,-9.453],[-9.454,-144.724],[9.453,-144.724],[144.723,-9.453],[144.723,9.454],[9.453,144.724]],"c":true},"ix":2},"nm":"Path 1","mn":"ADBE Vector Shape - Group","hd":false},{"ty":"fl","c":{"a":0,"k":[1,0.999998743394,1,1],"ix":4},"o":{"a":0,"k":100,"ix":5},"r":1,"bm":0,"nm":"Fill 1","mn":"ADBE Vector Graphic - Fill","hd":false},{"ty":"tr","p":{"a":0,"k":[246.552,255.748],"ix":2},"a":{"a":0,"k":[0,0],"ix":1},"s":{"a":0,"k":[100,100],"ix":3},"r":{"a":0,"k":0,"ix":6},"o":{"a":0,"k":100,"ix":7},"sk":{"a":0,"k":0,"ix":4},"sa":{"a":0,"k":0,"ix":5},"nm":"Transform"}],"nm":"Group 1","np":2,"cix":2,"bm":0,"ix":1,"mn":"ADBE Vector Group","hd":false}],"ip":0,"op":600,"st":0,"ct":1,"bm":0},{"ddd":0,"ind":2,"ty":4,"nm":"Layer 2","tt":1,"sr":1,"ks":{"o":{"a":0,"k":55,"ix":11},"r":{"a":0,"k":0,"ix":10},"p":{"a":1,"k":[{"i":{"x":0.667,"y":1},"o":{"x":0.333,"y":0},"t":-2,"s":[262,504.982,0],"to":[74,1.246,0],"ti":[0,0,0]},{"i":{"x":0.833,"y":1},"o":{"x":0.333,"y":0},"t":102,"s":[706,512.461,0],"to":[0,0,0],"ti":[74,1.246,0]},{"t":281,"s":[262,504.982,0]}],"ix":2,"l":2},"a":{"a":0,"k":[0,0,0],"ix":1,"l":2},"s":{"a":1,"k":[{"i":{"x":[0.833,0.833,0.833],"y":[0.833,0.833,0.833]},"o":{"x":[0.167,0.167,0.167],"y":[0.167,0.167,0.167]},"t":35,"s":[108,108,100]},{"i":{"x":[0.833,0.833,0.833],"y":[0.833,0.833,0.833]},"o":{"x":[0.167,0.167,0.167],"y":[0.167,0.167,0.167]},"t":56,"s":[108,153,100]},{"i":{"x":[0.833,0.833,0.833],"y":[0.833,0.833,0.833]},"o":{"x":[0.167,0.167,0.167],"y":[0.167,0.167,0.167]},"t":80,"s":[108,108,100]},{"i":{"x":[0.833,0.833,0.833],"y":[0.833,0.833,0.833]},"o":{"x":[0.167,0.167,0.167],"y":[0.167,0.167,0.167]},"t":184,"s":[108,108,100]},{"i":{"x":[0.833,0.833,0.833],"y":[0.833,0.833,0.833]},"o":{"x":[0.167,0.167,0.167],"y":[0.167,0.167,0.167]},"t":205,"s":[108,153,100]},{"t":229,"s":[108,108,100]}],"ix":6,"l":2}},"ao":0,"shapes":[{"ty":"gr","it":[{"ind":0,"ty":"sh","ix":1,"ks":{"a":0,"k":{"i":[[0,0],[9.284,9.284],[0,0],[14.849,-13.258],[0,0],[3.942,3.909],[0,0],[30.849,-28.662],[12.825,-11.186],[5.558,2.424],[2.601,2.601],[0,0],[14.849,-13.258],[0,0],[3.942,3.909],[0,0],[30.849,-28.662],[12.825,-11.186],[5.815,3.191],[12.739,6.885],[0,-29.004],[0,0],[-25.516,13.79],[-8.008,4.394],[-4.999,-4.36],[-23.293,-21.641],[-29.901,29.649],[0,0],[-4.141,-3.698],[0,0],[-14.076,14.076],[0,0],[-3.163,1.658],[-4.635,-4.042],[-23.293,-21.641],[-29.901,29.649],[0,0],[-4.141,-3.698],[0,0],[-14.076,14.076],[0,0],[-12.597,-3.705],[0,0],[0,0]],"o":[[-12.597,3.705],[0,0],[-14.076,-14.076],[0,0],[-4.141,3.698],[0,0],[-29.901,-29.649],[-23.293,21.641],[-4.635,4.042],[-3.163,-1.659],[0,0],[-14.076,-14.076],[0,0],[-4.141,3.698],[0,0],[-29.901,-29.649],[-23.293,21.641],[-4.999,4.36],[-8.008,-4.394],[-25.516,-13.79],[0,0],[0,29.004],[12.739,-6.885],[5.815,-3.191],[12.825,11.186],[30.849,28.662],[0,0],[3.942,-3.909],[0,0],[14.849,13.258],[0,0],[2.601,-2.601],[5.558,-2.424],[12.825,11.186],[30.849,28.662],[0,0],[3.942,-3.909],[0,0],[14.849,13.258],[0,0],[9.284,-9.284],[0,0],[0,0],[0,0]],"v":[[395.434,-12.51],[359.939,-21.561],[350.082,-31.418],[298.541,-32.876],[276.371,-13.081],[261.983,-13.458],[203.691,-71.26],[94.978,-73.022],[33.349,-17.751],[16.651,-15.175],[7.939,-21.561],[-1.918,-31.418],[-53.459,-32.876],[-75.629,-13.081],[-90.017,-13.458],[-148.309,-71.26],[-257.022,-73.022],[-318.651,-17.751],[-336.643,-15.804],[-369.495,-33.703],[-426,0],[-426,0],[-369.495,33.703],[-336.643,15.804],[-318.651,17.751],[-257.022,73.022],[-148.309,71.26],[-90.017,13.458],[-75.629,13.081],[-53.459,32.876],[-1.918,31.418],[7.939,21.561],[16.651,15.176],[33.349,17.751],[94.978,73.022],[203.691,71.26],[261.983,13.458],[276.371,13.081],[298.541,32.876],[350.082,31.418],[359.939,21.561],[395.434,12.51],[426,21.5],[426,-21.5]],"c":true},"ix":2},"nm":"Path 1","mn":"ADBE Vector Shape - Group","hd":false},{"ty":"tr","p":{"a":0,"k":[0,0],"ix":2},"a":{"a":0,"k":[0,0],"ix":1},"s":{"a":0,"k":[100,100],"ix":3},"r":{"a":0,"k":0,"ix":6},"o":{"a":0,"k":100,"ix":7},"sk":{"a":0,"k":0,"ix":4},"sa":{"a":0,"k":0,"ix":5},"nm":"Transform"}],"nm":"Group 1","np":1,"cix":2,"bm":0,"ix":1,"mn":"ADBE Vector Group","hd":false},{"ty":"gf","o":{"a":0,"k":100,"ix":10},"r":1,"bm":0,"g":{"p":3,"k":{"a":0,"k":[0,0.098,0.926,1,0.59,0.543,0.463,1,1,0.988,0,1],"ix":9}},"s":{"a":0,"k":[-6,375],"ix":5},"e":{"a":0,"k":[-144,249],"ix":6},"t":1,"nm":"Gradient Fill 1","mn":"ADBE Vector Graphic - G-Fill","hd":false}],"ip":0,"op":2700,"st":0,"ct":1,"bm":1},{"ddd":0,"ind":3,"ty":4,"nm":"Shape 4","td":1,"sr":1,"ks":{"o":{"a":0,"k":100,"ix":11},"r":{"a":0,"k":0,"ix":10},"p":{"a":0,"k":[500,500,0],"ix":2,"l":2},"a":{"a":0,"k":[247.647,257.059,0],"ix":1,"l":2},"s":{"a":0,"k":[150,150,100],"ix":6,"l":2}},"ao":0,"shapes":[{"ty":"gr","it":[{"ind":0,"ty":"sh","ix":1,"ks":{"a":0,"k":{"i":[[5.221,5.221],[0,0],[-5.221,5.221],[0,0],[-5.221,-5.221],[0,0],[5.221,-5.221],[0,0]],"o":[[0,0],[-5.221,-5.221],[0,0],[5.221,-5.221],[0,0],[5.221,5.221],[0,0],[-5.221,5.221]],"v":[[-9.454,144.724],[-144.724,9.454],[-144.724,-9.453],[-9.454,-144.724],[9.453,-144.724],[144.723,-9.453],[144.723,9.454],[9.453,144.724]],"c":true},"ix":2},"nm":"Path 1","mn":"ADBE Vector Shape - Group","hd":false},{"ty":"fl","c":{"a":0,"k":[1,0.999998743394,1,1],"ix":4},"o":{"a":0,"k":100,"ix":5},"r":1,"bm":0,"nm":"Fill 1","mn":"ADBE Vector Graphic - Fill","hd":false},{"ty":"tr","p":{"a":0,"k":[246.552,255.748],"ix":2},"a":{"a":0,"k":[0,0],"ix":1},"s":{"a":0,"k":[100,100],"ix":3},"r":{"a":0,"k":0,"ix":6},"o":{"a":0,"k":100,"ix":7},"sk":{"a":0,"k":0,"ix":4},"sa":{"a":0,"k":0,"ix":5},"nm":"Transform"}],"nm":"Group 1","np":2,"cix":2,"bm":0,"ix":1,"mn":"ADBE Vector Group","hd":false}],"ip":0,"op":600,"st":0,"ct":1,"bm":0},{"ddd":0,"ind":4,"ty":4,"nm":"New Anim","tt":1,"sr":1,"ks":{"o":{"a":0,"k":47,"ix":11},"r":{"a":0,"k":0,"ix":10},"p":{"a":1,"k":[{"i":{"x":0.667,"y":1},"o":{"x":0.333,"y":0},"t":-2,"s":[262,504.982,0],"to":[74,1.246,0],"ti":[0,0,0]},{"i":{"x":0.833,"y":1},"o":{"x":0.333,"y":0},"t":143,"s":[706,512.461,0],"to":[0,0,0],"ti":[74,1.246,0]},{"t":281,"s":[262,504.982,0]}],"ix":2,"l":2},"a":{"a":0,"k":[0,0,0],"ix":1,"l":2},"s":{"a":1,"k":[{"i":{"x":[0.833,0.833,0.833],"y":[0.833,0.833,0.833]},"o":{"x":[0.167,0.167,0.167],"y":[0.167,0.167,0.167]},"t":76,"s":[108,108,100]},{"i":{"x":[0.833,0.833,0.833],"y":[0.833,0.833,0.833]},"o":{"x":[0.167,0.167,0.167],"y":[0.167,0.167,0.167]},"t":97,"s":[108,153,100]},{"i":{"x":[0.833,0.833,0.833],"y":[0.833,0.833,0.833]},"o":{"x":[0.167,0.167,0.167],"y":[0.167,0.167,0.167]},"t":121,"s":[108,108,100]},{"i":{"x":[0.833,0.833,0.833],"y":[0.833,0.833,0.833]},"o":{"x":[0.167,0.167,0.167],"y":[0.167,0.167,0.167]},"t":163,"s":[108,108,100]},{"i":{"x":[0.833,0.833,0.833],"y":[0.833,0.833,0.833]},"o":{"x":[0.167,0.167,0.167],"y":[0.167,0.167,0.167]},"t":184,"s":[108,153,100]},{"t":208,"s":[108,108,100]}],"ix":6,"l":2}},"ao":0,"shapes":[{"ty":"gr","it":[{"ind":0,"ty":"sh","ix":1,"ks":{"a":0,"k":{"i":[[0,0],[9.284,9.284],[0,0],[14.849,-13.258],[0,0],[3.942,3.909],[0,0],[30.849,-28.662],[12.825,-11.186],[5.558,2.424],[2.601,2.601],[0,0],[14.849,-13.258],[0,0],[3.942,3.909],[0,0],[30.849,-28.662],[12.825,-11.186],[5.815,3.191],[12.739,6.885],[0,-29.004],[0,0],[-25.516,13.79],[-8.008,4.394],[-4.999,-4.36],[-23.293,-21.641],[-29.901,29.649],[0,0],[-4.141,-3.698],[0,0],[-14.076,14.076],[0,0],[-3.163,1.658],[-4.635,-4.042],[-23.293,-21.641],[-29.901,29.649],[0,0],[-4.141,-3.698],[0,0],[-14.076,14.076],[0,0],[-12.597,-3.705],[0,0],[0,0]],"o":[[-12.597,3.705],[0,0],[-14.076,-14.076],[0,0],[-4.141,3.698],[0,0],[-29.901,-29.649],[-23.293,21.641],[-4.635,4.042],[-3.163,-1.659],[0,0],[-14.076,-14.076],[0,0],[-4.141,3.698],[0,0],[-29.901,-29.649],[-23.293,21.641],[-4.999,4.36],[-8.008,-4.394],[-25.516,-13.79],[0,0],[0,29.004],[12.739,-6.885],[5.815,-3.191],[12.825,11.186],[30.849,28.662],[0,0],[3.942,-3.909],[0,0],[14.849,13.258],[0,0],[2.601,-2.601],[5.558,-2.424],[12.825,11.186],[30.849,28.662],[0,0],[3.942,-3.909],[0,0],[14.849,13.258],[0,0],[9.284,-9.284],[0,0],[0,0],[0,0]],"v":[[395.434,-12.51],[359.939,-21.561],[350.082,-31.418],[298.541,-32.876],[276.371,-13.081],[261.983,-13.458],[203.691,-71.26],[94.978,-73.022],[33.349,-17.751],[16.651,-15.175],[7.939,-21.561],[-1.918,-31.418],[-53.459,-32.876],[-75.629,-13.081],[-90.017,-13.458],[-148.309,-71.26],[-257.022,-73.022],[-318.651,-17.751],[-336.643,-15.804],[-369.495,-33.703],[-426,0],[-426,0],[-369.495,33.703],[-336.643,15.804],[-318.651,17.751],[-257.022,73.022],[-148.309,71.26],[-90.017,13.458],[-75.629,13.081],[-53.459,32.876],[-1.918,31.418],[7.939,21.561],[16.651,15.176],[33.349,17.751],[94.978,73.022],[203.691,71.26],[261.983,13.458],[276.371,13.081],[298.541,32.876],[350.082,31.418],[359.939,21.561],[395.434,12.51],[426,21.5],[426,-21.5]],"c":true},"ix":2},"nm":"Path 1","mn":"ADBE Vector Shape - Group","hd":false},{"ty":"tr","p":{"a":0,"k":[0,0],"ix":2},"a":{"a":0,"k":[0,0],"ix":1},"s":{"a":0,"k":[100,100],"ix":3},"r":{"a":0,"k":0,"ix":6},"o":{"a":0,"k":100,"ix":7},"sk":{"a":0,"k":0,"ix":4},"sa":{"a":0,"k":0,"ix":5},"nm":"Transform"}],"nm":"Group 1","np":1,"cix":2,"bm":0,"ix":1,"mn":"ADBE Vector Group","hd":false},{"ty":"gf","o":{"a":0,"k":100,"ix":10},"r":1,"bm":0,"g":{"p":3,"k":{"a":0,"k":[0,0.149,1,0.75,0.5,0.533,0.604,0.788,1,0.918,0.209,0.826],"ix":9}},"s":{"a":0,"k":[0,0],"ix":5},"e":{"a":0,"k":[-3,74],"ix":6},"t":1,"nm":"Gradient Fill 1","mn":"ADBE Vector Graphic - G-Fill","hd":false}],"ip":0,"op":2700,"st":0,"ct":1,"bm":1},{"ddd":0,"ind":5,"ty":4,"nm":"Shape 3","td":1,"sr":1,"ks":{"o":{"a":0,"k":100,"ix":11},"r":{"a":0,"k":0,"ix":10},"p":{"a":0,"k":[500,500,0],"ix":2,"l":2},"a":{"a":0,"k":[247.647,257.059,0],"ix":1,"l":2},"s":{"a":0,"k":[150,150,100],"ix":6,"l":2}},"ao":0,"shapes":[{"ty":"gr","it":[{"ind":0,"ty":"sh","ix":1,"ks":{"a":0,"k":{"i":[[5.221,5.221],[0,0],[-5.221,5.221],[0,0],[-5.221,-5.221],[0,0],[5.221,-5.221],[0,0]],"o":[[0,0],[-5.221,-5.221],[0,0],[5.221,-5.221],[0,0],[5.221,5.221],[0,0],[-5.221,5.221]],"v":[[-9.454,144.724],[-144.724,9.454],[-144.724,-9.453],[-9.454,-144.724],[9.453,-144.724],[144.723,-9.453],[144.723,9.454],[9.453,144.724]],"c":true},"ix":2},"nm":"Path 1","mn":"ADBE Vector Shape - Group","hd":false},{"ty":"fl","c":{"a":0,"k":[1,0.999998743394,1,1],"ix":4},"o":{"a":0,"k":100,"ix":5},"r":1,"bm":0,"nm":"Fill 1","mn":"ADBE Vector Graphic - Fill","hd":false},{"ty":"tr","p":{"a":0,"k":[246.552,255.748],"ix":2},"a":{"a":0,"k":[0,0],"ix":1},"s":{"a":0,"k":[100,100],"ix":3},"r":{"a":0,"k":0,"ix":6},"o":{"a":0,"k":100,"ix":7},"sk":{"a":0,"k":0,"ix":4},"sa":{"a":0,"k":0,"ix":5},"nm":"Transform"}],"nm":"Group 1","np":2,"cix":2,"bm":0,"ix":1,"mn":"ADBE Vector Group","hd":false}],"ip":0,"op":600,"st":0,"ct":1,"bm":0},{"ddd":0,"ind":6,"ty":4,"nm":"Layer 1","tt":1,"sr":1,"ks":{"o":{"a":0,"k":100,"ix":11},"r":{"a":0,"k":0,"ix":10},"p":{"a":1,"k":[{"i":{"x":0.833,"y":0.833},"o":{"x":0.167,"y":0.167},"t":0,"s":[640,504.982,0],"to":[-109.833,0,0],"ti":[109.833,0,0]},{"t":281,"s":[-19,504.982,0]}],"ix":2,"l":2},"a":{"a":0,"k":[0,0,0],"ix":1,"l":2},"s":{"a":1,"k":[{"i":{"x":[0.667,0.667,0.667],"y":[1,1,1]},"o":{"x":[0.333,0.333,0.333],"y":[0,0,0]},"t":0,"s":[93,93,100]},{"i":{"x":[0.667,0.667,0.667],"y":[1,1,1]},"o":{"x":[0.333,0.333,0.333],"y":[0,0,0]},"t":114,"s":[93,55,100]},{"i":{"x":[0.667,0.667,0.667],"y":[1,1,1]},"o":{"x":[0.333,0.333,0.333],"y":[0,0,0]},"t":145,"s":[93,93,100]},{"i":{"x":[0.667,0.667,0.667],"y":[1,1,1]},"o":{"x":[0.333,0.333,0.333],"y":[0,0,0]},"t":174,"s":[93,55,100]},{"t":281,"s":[93,93,100]}],"ix":6,"l":2}},"ao":0,"shapes":[{"ty":"gr","it":[{"ind":0,"ty":"sh","ix":1,"ks":{"a":0,"k":{"i":[[20.58,-10.79],[9.284,9.284],[0,0],[14.849,-13.258],[0,0],[3.942,3.909],[0,0],[30.849,-28.662],[12.825,-11.186],[5.558,2.424],[2.601,2.601],[0,0],[14.849,-13.258],[0,0],[3.942,3.909],[0,0],[30.849,-28.662],[12.825,-11.186],[5.815,3.191],[12.739,6.885],[0,-29.004],[0,0],[-25.516,13.79],[-8.008,4.394],[-4.999,-4.36],[-23.293,-21.641],[-29.901,29.649],[0,0],[-4.141,-3.698],[0,0],[-14.076,14.076],[0,0],[-3.163,1.658],[-4.635,-4.042],[-23.293,-21.641],[-29.901,29.649],[0,0],[-4.141,-3.698],[0,0],[-14.076,14.076],[0,0],[-10.655,-5.963],[0,0],[0,0]],"o":[[-10.814,5.67],[0,0],[-14.076,-14.076],[0,0],[-4.141,3.698],[0,0],[-29.901,-29.649],[-23.293,21.641],[-4.635,4.042],[-3.163,-1.659],[0,0],[-14.076,-14.076],[0,0],[-4.141,3.698],[0,0],[-29.901,-29.649],[-23.293,21.641],[-4.999,4.36],[-8.008,-4.394],[-25.516,-13.79],[0,0],[0,29.004],[12.739,-6.885],[5.815,-3.191],[12.825,11.186],[30.849,28.662],[0,0],[3.942,-3.909],[0,0],[14.849,13.258],[0,0],[2.601,-2.601],[5.558,-2.424],[12.825,11.186],[30.849,28.662],[0,0],[3.942,-3.909],[0,0],[14.849,13.258],[0,0],[9.284,-9.284],[21.249,11.891],[0,0],[0,0]],"v":[[395.434,-12.51],[359.939,-21.561],[350.082,-31.418],[298.541,-32.876],[276.371,-13.081],[261.983,-13.458],[203.691,-71.26],[94.978,-73.022],[33.349,-17.751],[16.651,-15.175],[7.939,-21.561],[-1.918,-31.418],[-53.459,-32.876],[-75.629,-13.081],[-90.017,-13.458],[-148.309,-71.26],[-257.022,-73.022],[-318.651,-17.751],[-336.643,-15.804],[-369.495,-33.703],[-426,0],[-426,0],[-369.495,33.703],[-336.643,15.804],[-318.651,17.751],[-257.022,73.022],[-148.309,71.26],[-90.017,13.458],[-75.629,13.081],[-53.459,32.876],[-1.918,31.418],[7.939,21.561],[16.651,15.176],[33.349,17.751],[94.978,73.022],[203.691,71.26],[261.983,13.458],[276.371,13.081],[298.541,32.876],[350.082,31.418],[359.939,21.561],[395.434,12.51],[442.874,53.758],[441.798,-54.833]],"c":true},"ix":2},"nm":"Path 1","mn":"ADBE Vector Shape - Group","hd":false},{"ty":"fl","c":{"a":0,"k":[0.439215686275,0.81568627451,0.937254901961,1],"ix":4},"o":{"a":0,"k":100,"ix":5},"r":1,"bm":0,"nm":"Fill 1","mn":"ADBE Vector Graphic - Fill","hd":false},{"ty":"tr","p":{"a":0,"k":[0,0],"ix":2},"a":{"a":0,"k":[0,0],"ix":1},"s":{"a":0,"k":[100,100],"ix":3},"r":{"a":0,"k":0,"ix":6},"o":{"a":0,"k":100,"ix":7},"sk":{"a":0,"k":0,"ix":4},"sa":{"a":0,"k":0,"ix":5},"nm":"Transform"}],"nm":"Group 1","np":2,"cix":2,"bm":0,"ix":1,"mn":"ADBE Vector Group","hd":false},{"ty":"gr","it":[{"ind":0,"ty":"sh","ix":1,"ks":{"a":0,"k":{"i":[[20.58,-10.79],[9.284,9.284],[0,0],[14.849,-13.258],[0,0],[3.942,3.909],[0,0],[30.849,-28.662],[12.825,-11.186],[5.558,2.424],[2.601,2.601],[0,0],[14.849,-13.258],[0,0],[3.942,3.909],[0,0],[30.849,-28.662],[12.825,-11.186],[5.815,3.191],[12.739,6.885],[0,-29.004],[0,0],[-25.516,13.79],[-8.008,4.394],[-4.999,-4.36],[-23.293,-21.641],[-29.901,29.649],[0,0],[-4.141,-3.698],[0,0],[-14.076,14.076],[0,0],[-3.163,1.658],[-4.635,-4.042],[-23.293,-21.641],[-29.901,29.649],[0,0],[-4.141,-3.698],[0,0],[-14.076,14.076],[0,0],[-10.655,-5.963],[0,0],[0,0]],"o":[[-10.814,5.67],[0,0],[-14.076,-14.076],[0,0],[-4.141,3.698],[0,0],[-29.901,-29.649],[-23.293,21.641],[-4.635,4.042],[-3.163,-1.659],[0,0],[-14.076,-14.076],[0,0],[-4.141,3.698],[0,0],[-29.901,-29.649],[-23.293,21.641],[-4.999,4.36],[-8.008,-4.394],[-25.516,-13.79],[0,0],[0,29.004],[12.739,-6.885],[5.815,-3.191],[12.825,11.186],[30.849,28.662],[0,0],[3.942,-3.909],[0,0],[14.849,13.258],[0,0],[2.601,-2.601],[5.558,-2.424],[12.825,11.186],[30.849,28.662],[0,0],[3.942,-3.909],[0,0],[14.849,13.258],[0,0],[9.284,-9.284],[21.249,11.891],[0,0],[0,0]],"v":[[395.434,-12.51],[359.939,-21.561],[350.082,-31.418],[298.541,-32.876],[276.371,-13.081],[261.983,-13.458],[203.691,-71.26],[94.978,-73.022],[33.349,-17.751],[16.651,-15.175],[7.939,-21.561],[-1.918,-31.418],[-53.459,-32.876],[-75.629,-13.081],[-90.017,-13.458],[-148.309,-71.26],[-257.022,-73.022],[-318.651,-17.751],[-336.643,-15.804],[-369.495,-33.703],[-426,0],[-426,0],[-369.495,33.703],[-336.643,15.804],[-318.651,17.751],[-257.022,73.022],[-148.309,71.26],[-90.017,13.458],[-75.629,13.081],[-53.459,32.876],[-1.918,31.418],[7.939,21.561],[16.651,15.176],[33.349,17.751],[94.978,73.022],[203.691,71.26],[261.983,13.458],[276.371,13.081],[298.541,32.876],[350.082,31.418],[359.939,21.561],[395.434,12.51],[442.861,71.769],[441.785,-68.274]],"c":true},"ix":2},"nm":"Path 1","mn":"ADBE Vector Shape - Group","hd":false},{"ty":"fl","c":{"a":0,"k":[0.439215686275,0.81568627451,0.937254901961,1],"ix":4},"o":{"a":0,"k":100,"ix":5},"r":1,"bm":0,"nm":"Fill 1","mn":"ADBE Vector Graphic - Fill","hd":false},{"ty":"tr","p":{"a":0,"k":[708.602,0],"ix":2},"a":{"a":0,"k":[0,0],"ix":1},"s":{"a":0,"k":[100,100],"ix":3},"r":{"a":0,"k":0,"ix":6},"o":{"a":0,"k":100,"ix":7},"sk":{"a":0,"k":0,"ix":4},"sa":{"a":0,"k":0,"ix":5},"nm":"Transform"}],"nm":"Group 2","np":2,"cix":2,"bm":0,"ix":2,"mn":"ADBE Vector Group","hd":false}],"ip":0,"op":2700,"st":0,"ct":1,"bm":0},{"ddd":0,"ind":7,"ty":4,"nm":"Shape 2","td":1,"sr":1,"ks":{"o":{"a":0,"k":100,"ix":11},"r":{"a":0,"k":0,"ix":10},"p":{"a":0,"k":[500,500,0],"ix":2,"l":2},"a":{"a":0,"k":[247.647,257.059,0],"ix":1,"l":2},"s":{"a":0,"k":[150,150,100],"ix":6,"l":2}},"ao":0,"shapes":[{"ty":"gr","it":[{"ind":0,"ty":"sh","ix":1,"ks":{"a":0,"k":{"i":[[5.221,5.221],[0,0],[-5.221,5.221],[0,0],[-5.221,-5.221],[0,0],[5.221,-5.221],[0,0]],"o":[[0,0],[-5.221,-5.221],[0,0],[5.221,-5.221],[0,0],[5.221,5.221],[0,0],[-5.221,5.221]],"v":[[-9.454,144.724],[-144.724,9.454],[-144.724,-9.453],[-9.454,-144.724],[9.453,-144.724],[144.723,-9.453],[144.723,9.454],[9.453,144.724]],"c":true},"ix":2},"nm":"Path 1","mn":"ADBE Vector Shape - Group","hd":false},{"ty":"fl","c":{"a":0,"k":[1,0.999998743394,1,1],"ix":4},"o":{"a":0,"k":100,"ix":5},"r":1,"bm":0,"nm":"Fill 1","mn":"ADBE Vector Graphic - Fill","hd":false},{"ty":"tr","p":{"a":0,"k":[246.552,255.748],"ix":2},"a":{"a":0,"k":[0,0],"ix":1},"s":{"a":0,"k":[100,100],"ix":3},"r":{"a":0,"k":0,"ix":6},"o":{"a":0,"k":100,"ix":7},"sk":{"a":0,"k":0,"ix":4},"sa":{"a":0,"k":0,"ix":5},"nm":"Transform"}],"nm":"Group 1","np":2,"cix":2,"bm":0,"ix":1,"mn":"ADBE Vector Group","hd":false}],"ip":0,"op":600,"st":0,"ct":1,"bm":0},{"ddd":0,"ind":8,"ty":4,"nm":"Layer 3","tt":1,"sr":1,"ks":{"o":{"a":0,"k":5,"ix":11},"r":{"a":0,"k":0,"ix":10},"p":{"a":1,"k":[{"i":{"x":0.667,"y":0.953},"o":{"x":0.333,"y":0.047},"t":0,"s":[661.866,505.836,0],"to":[87.518,1.474,0],"ti":[0,0,0]},{"i":{"x":0.667,"y":0.951},"o":{"x":0.333,"y":0.049},"t":143,"s":[331.926,505.836,0],"to":[0,0,0],"ti":[-0.136,-0.002,0]},{"t":281,"s":[661.866,505.836,0]}],"ix":2,"l":2},"a":{"a":0,"k":[0,0,0],"ix":1,"l":2},"s":{"a":1,"k":[{"i":{"x":[0.833,0.833,0.833],"y":[0.833,0.833,0.833]},"o":{"x":[0.167,0.167,0.167],"y":[0.167,0.167,0.167]},"t":0,"s":[126.36,126.36,100]},{"i":{"x":[0.833,0.833,0.833],"y":[0.833,0.833,0.833]},"o":{"x":[0.167,0.167,0.167],"y":[0.167,0.167,0.167]},"t":21,"s":[126.36,184.38,100]},{"i":{"x":[0.833,0.833,0.833],"y":[0.833,0.833,0.833]},"o":{"x":[0.167,0.167,0.167],"y":[0.167,0.167,0.167]},"t":45,"s":[126.36,126.36,100]},{"i":{"x":[0.833,0.833,0.833],"y":[0.833,0.833,0.833]},"o":{"x":[0.167,0.167,0.167],"y":[0.167,0.167,0.167]},"t":143,"s":[126.36,126.36,100]},{"i":{"x":[0.833,0.833,0.833],"y":[0.833,0.833,0.833]},"o":{"x":[0.167,0.167,0.167],"y":[0.167,0.167,0.167]},"t":164,"s":[126.36,184.38,100]},{"t":188,"s":[126.36,126.36,100]}],"ix":6,"l":2}},"ao":0,"shapes":[{"ty":"gr","it":[{"ind":0,"ty":"sh","ix":1,"ks":{"a":0,"k":{"i":[[0,0],[9.284,9.284],[0,0],[14.849,-13.258],[0,0],[3.942,3.909],[0,0],[30.849,-28.662],[12.825,-11.186],[5.558,2.424],[2.601,2.601],[0,0],[14.849,-13.258],[0,0],[3.942,3.909],[0,0],[30.849,-28.662],[12.825,-11.186],[5.815,3.191],[12.739,6.885],[0,-29.004],[0,0],[-25.516,13.79],[-8.008,4.394],[-4.999,-4.36],[-23.293,-21.641],[-29.901,29.649],[0,0],[-4.141,-3.698],[0,0],[-14.076,14.076],[0,0],[-3.163,1.658],[-4.635,-4.042],[-23.293,-21.641],[-29.901,29.649],[0,0],[-4.141,-3.698],[0,0],[-14.076,14.076],[0,0],[-12.597,-3.705],[0,0],[0,0]],"o":[[-12.597,3.705],[0,0],[-14.076,-14.076],[0,0],[-4.141,3.698],[0,0],[-29.901,-29.649],[-23.293,21.641],[-4.635,4.042],[-3.163,-1.659],[0,0],[-14.076,-14.076],[0,0],[-4.141,3.698],[0,0],[-29.901,-29.649],[-23.293,21.641],[-4.999,4.36],[-8.008,-4.394],[-25.516,-13.79],[0,0],[0,29.004],[12.739,-6.885],[5.815,-3.191],[12.825,11.186],[30.849,28.662],[0,0],[3.942,-3.909],[0,0],[14.849,13.258],[0,0],[2.601,-2.601],[5.558,-2.424],[12.825,11.186],[30.849,28.662],[0,0],[3.942,-3.909],[0,0],[14.849,13.258],[0,0],[9.284,-9.284],[0,0],[0,0],[0,0]],"v":[[395.434,-12.51],[359.939,-21.561],[350.082,-31.418],[298.541,-32.876],[276.371,-13.081],[261.983,-13.458],[203.691,-71.26],[94.978,-73.022],[33.349,-17.751],[16.651,-15.175],[7.939,-21.561],[-1.918,-31.418],[-53.459,-32.876],[-75.629,-13.081],[-90.017,-13.458],[-148.309,-71.26],[-257.022,-73.022],[-318.651,-17.751],[-336.643,-15.804],[-369.495,-33.703],[-426,0],[-426,0],[-369.495,33.703],[-336.643,15.804],[-318.651,17.751],[-257.022,73.022],[-148.309,71.26],[-90.017,13.458],[-75.629,13.081],[-53.459,32.876],[-1.918,31.418],[7.939,21.561],[16.651,15.176],[33.349,17.751],[94.978,73.022],[203.691,71.26],[261.983,13.458],[276.371,13.081],[298.541,32.876],[350.082,31.418],[359.939,21.561],[395.434,12.51],[426,21.5],[426,-21.5]],"c":true},"ix":2},"nm":"Path 1","mn":"ADBE Vector Shape - Group","hd":false},{"ty":"fl","c":{"a":0,"k":[1,0.352941146551,0,1],"ix":4},"o":{"a":0,"k":100,"ix":5},"r":1,"bm":0,"nm":"Fill 1","mn":"ADBE Vector Graphic - Fill","hd":false},{"ty":"tr","p":{"a":0,"k":[0,0],"ix":2},"a":{"a":0,"k":[0,0],"ix":1},"s":{"a":0,"k":[100,100],"ix":3},"r":{"a":0,"k":0,"ix":6},"o":{"a":0,"k":100,"ix":7},"sk":{"a":0,"k":0,"ix":4},"sa":{"a":0,"k":0,"ix":5},"nm":"Transform"}],"nm":"Group 1","np":2,"cix":2,"bm":0,"ix":1,"mn":"ADBE Vector Group","hd":false}],"ip":0,"op":2700,"st":0,"ct":1,"bm":1},{"ddd":0,"ind":9,"ty":4,"nm":"Shape","sr":1,"ks":{"o":{"a":0,"k":100,"ix":11},"r":{"a":0,"k":0,"ix":10},"p":{"a":0,"k":[500,500,0],"ix":2,"l":2},"a":{"a":0,"k":[247.647,257.059,0],"ix":1,"l":2},"s":{"a":0,"k":[150,150,100],"ix":6,"l":2}},"ao":0,"sy":[{"c":{"a":0,"k":[0.349465578794,0.80488216877,0.96862745285,1],"ix":5},"o":{"a":0,"k":75,"ix":2},"s":{"a":0,"k":111,"ix":10},"r":{"a":0,"k":100,"ix":11},"ch":{"a":0,"k":15,"ix":9},"bm":{"a":0,"k":11,"ix":1},"no":{"a":0,"k":0,"ix":3},"j":{"a":0,"k":0,"ix":12},"ty":3,"nm":"Outer Glow"}],"shapes":[{"ty":"gr","it":[{"ind":0,"ty":"sh","ix":1,"ks":{"a":0,"k":{"i":[[5.221,5.221],[0,0],[-5.221,5.221],[0,0],[-5.221,-5.221],[0,0],[5.221,-5.221],[0,0]],"o":[[0,0],[-5.221,-5.221],[0,0],[5.221,-5.221],[0,0],[5.221,5.221],[0,0],[-5.221,5.221]],"v":[[-9.454,144.724],[-144.724,9.454],[-144.724,-9.453],[-9.454,-144.724],[9.453,-144.724],[144.723,-9.453],[144.723,9.454],[9.453,144.724]],"c":true},"ix":2},"nm":"Path 1","mn":"ADBE Vector Shape - Group","hd":false},{"ty":"fl","c":{"a":0,"k":[1,0.999998743394,1,1],"ix":4},"o":{"a":0,"k":100,"ix":5},"r":1,"bm":0,"nm":"Fill 1","mn":"ADBE Vector Graphic - Fill","hd":false},{"ty":"tr","p":{"a":0,"k":[246.552,255.748],"ix":2},"a":{"a":0,"k":[0,0],"ix":1},"s":{"a":0,"k":[100,100],"ix":3},"r":{"a":0,"k":0,"ix":6},"o":{"a":0,"k":100,"ix":7},"sk":{"a":0,"k":0,"ix":4},"sa":{"a":0,"k":0,"ix":5},"nm":"Transform"}],"nm":"Group 1","np":2,"cix":2,"bm":0,"ix":1,"mn":"ADBE Vector Group","hd":false}],"ip":0,"op":600,"st":0,"ct":1,"bm":0},{"ddd":0,"ind":10,"ty":4,"nm":"Shape 6","sr":1,"ks":{"o":{"a":0,"k":100,"ix":11},"r":{"a":0,"k":0,"ix":10},"p":{"a":0,"k":[500,504,0],"ix":2,"l":2},"a":{"a":0,"k":[247.647,257.059,0],"ix":1,"l":2},"s":{"a":0,"k":[150,150,100],"ix":6,"l":2}},"ao":0,"sy":[{"c":{"a":0,"k":[0.349465578794,0.80488216877,0.96862745285,1],"ix":5},"o":{"a":0,"k":75,"ix":2},"s":{"a":0,"k":111,"ix":10},"r":{"a":0,"k":100,"ix":11},"ch":{"a":0,"k":15,"ix":9},"bm":{"a":0,"k":11,"ix":1},"no":{"a":0,"k":0,"ix":3},"j":{"a":0,"k":0,"ix":12},"ty":3,"nm":"Outer Glow"}],"shapes":[{"ty":"gr","it":[{"ind":0,"ty":"sh","ix":1,"ks":{"a":0,"k":{"i":[[5.221,5.221],[0,0],[-5.221,5.221],[0,0],[-5.221,-5.221],[0,0],[5.221,-5.221],[0,0]],"o":[[0,0],[-5.221,-5.221],[0,0],[5.221,-5.221],[0,0],[5.221,5.221],[0,0],[-5.221,5.221]],"v":[[-9.454,144.724],[-144.724,9.454],[-144.724,-9.453],[-9.454,-144.724],[9.453,-144.724],[144.723,-9.453],[144.723,9.454],[9.453,144.724]],"c":true},"ix":2},"nm":"Path 1","mn":"ADBE Vector Shape - Group","hd":false},{"ty":"fl","c":{"a":0,"k":[0.717647058824,0.717647058824,0.717647058824,1],"ix":4},"o":{"a":0,"k":100,"ix":5},"r":1,"bm":0,"nm":"Fill 1","mn":"ADBE Vector Graphic - Fill","hd":false},{"ty":"tr","p":{"a":0,"k":[246.552,255.748],"ix":2},"a":{"a":0,"k":[0,0],"ix":1},"s":{"a":0,"k":[100,100],"ix":3},"r":{"a":0,"k":0,"ix":6},"o":{"a":0,"k":100,"ix":7},"sk":{"a":0,"k":0,"ix":4},"sa":{"a":0,"k":0,"ix":5},"nm":"Transform"}],"nm":"Group 1","np":2,"cix":2,"bm":0,"ix":1,"mn":"ADBE Vector Group","hd":false}],"ip":0,"op":600,"st":0,"ct":1,"bm":0}],"markers":[]}