{"nm":"SAYNO","ddd":0,"h":1080,"w":1080,"meta":{"g":"@lottiefiles/toolkit-js 0.26.1"},"layers":[{"ty":5,"nm":"Oh! No","sr":1,"st":0,"op":300,"ip":0,"hd":true,"ddd":0,"bm":0,"hasMask":false,"ao":0,"ks":{"a":{"a":0,"k":[148.419,-30.668,0],"ix":1},"s":{"a":0,"k":[100,100,100],"ix":6},"sk":{"a":0,"k":0},"p":{"a":0,"k":[552.419,359.332,0],"ix":2},"r":{"a":1,"k":[{"h":1,"s":[0],"t":30},{"h":1,"s":[-10],"t":45},{"h":1,"s":[10],"t":59},{"h":1,"s":[-10],"t":74},{"h":1,"s":[10],"t":89},{"h":1,"s":[-10],"t":104},{"h":1,"s":[10],"t":121},{"s":[0],"t":135}],"ix":10},"sa":{"a":0,"k":0},"o":{"a":1,"k":[{"o":{"x":0.333,"y":0},"i":{"x":0.667,"y":1},"s":[0],"t":15},{"o":{"x":0.333,"y":0},"i":{"x":0.667,"y":1},"s":[100],"t":30},{"o":{"x":0.333,"y":0},"i":{"x":0.667,"y":1},"s":[100],"t":224},{"s":[100],"t":239}],"ix":11}},"ef":[],"t":{"m":{"a":{"a":0,"k":[0,0],"ix":2},"g":1},"p":{},"a":[],"d":{"k":[{"s":{"f":"Nunito-ExtraBold","s":87,"t":"Oh! No","fc":[0.1882,0.2118,0.2235],"lh":104.4,"tr":0,"j":0,"ca":0},"t":0}]}},"ind":1},{"ty":4,"nm":"MF - Simple Shape 24","sr":1,"st":0,"op":300.3003003003,"ip":0,"hd":false,"ddd":0,"bm":0,"hasMask":false,"ao":0,"ks":{"a":{"a":0,"k":[0,0,0],"ix":1},"s":{"a":0,"k":[31,31,100],"ix":6},"sk":{"a":0,"k":0},"p":{"a":0,"k":[554,724,0],"ix":2},"r":{"a":0,"k":0,"ix":10},"sa":{"a":0,"k":0},"o":{"a":0,"k":100,"ix":11}},"ef":[],"shapes":[{"ty":"gr","bm":0,"hd":false,"mn":"ADBE Vector Group","nm":"Shape 2","ix":1,"cix":2,"np":2,"it":[{"ty":"sh","bm":0,"hd":false,"mn":"ADBE Vector Shape - Group","nm":"Path 1","ix":1,"d":1,"ks":{"a":1,"k":[{"o":{"x":0.85,"y":0},"i":{"x":0.15,"y":1},"s":[{"c":false,"i":[[0,0],[0,0]],"o":[[0,0],[0,0]],"v":[[0.667,1.448],[0.333,1.052]]}],"t":6.006},{"o":{"x":0.85,"y":0},"i":{"x":0.15,"y":1},"s":[{"c":false,"i":[[0,0],[0,0]],"o":[[0,0],[0,0]],"v":[[-84,84],[85,-81.5]]}],"t":24.023},{"o":{"x":0.85,"y":0},"i":{"x":0.15,"y":1},"s":[{"c":false,"i":[[0,0],[0,0]],"o":[[0,0],[0,0]],"v":[[-84,84],[85,-81.5]]}],"t":274.273},{"s":[{"c":false,"i":[[0,0],[0,0]],"o":[[0,0],[0,0]],"v":[[0.667,1.448],[0.333,1.052]]}],"t":292.29296875}],"ix":2}},{"ty":"st","bm":0,"hd":false,"mn":"ADBE Vector Graphic - Stroke","nm":"Stroke 1","lc":2,"lj":1,"ml":4,"o":{"a":0,"k":100,"ix":4},"w":{"a":1,"k":[{"o":{"x":0.85,"y":0},"i":{"x":0.15,"y":1},"s":[0],"t":0},{"o":{"x":0.85,"y":0},"i":{"x":0.15,"y":1},"s":[50],"t":12.012},{"o":{"x":0.85,"y":0},"i":{"x":0.15,"y":1},"s":[50],"t":286.287},{"s":[0],"t":298.298828125}],"ix":5},"c":{"a":0,"k":[0.9608,0.2314,0.2471],"ix":3}},{"ty":"tr","a":{"a":0,"k":[0,0],"ix":1},"s":{"a":0,"k":[100,100],"ix":3},"sk":{"a":0,"k":0,"ix":4},"p":{"a":0,"k":[0,0],"ix":2},"r":{"a":1,"k":[{"o":{"x":0.85,"y":0},"i":{"x":0.15,"y":1},"s":[-315.5],"t":24.023},{"o":{"x":0.167,"y":0},"i":{"x":0.15,"y":1},"s":[0],"t":66.066},{"o":{"x":0.85,"y":0},"i":{"x":0.15,"y":1},"s":[0],"t":250.25},{"s":[-315.5],"t":292.29296875}],"ix":6},"sa":{"a":0,"k":0,"ix":5},"o":{"a":0,"k":100,"ix":7}}]},{"ty":"gr","bm":0,"hd":false,"mn":"ADBE Vector Group","nm":"Shape 1","ix":2,"cix":2,"np":2,"it":[{"ty":"sh","bm":0,"hd":false,"mn":"ADBE Vector Shape - Group","nm":"Path 1","ix":1,"d":1,"ks":{"a":1,"k":[{"o":{"x":0.85,"y":0},"i":{"x":0.15,"y":1},"s":[{"c":false,"i":[[0,0],[0,0]],"o":[[0,0],[0,0]],"v":[[-0.034,0.734],[1.034,1.766]]}],"t":6.006},{"o":{"x":0.85,"y":0},"i":{"x":0.15,"y":1},"s":[{"c":false,"i":[[0,0],[0,0]],"o":[[0,0],[0,0]],"v":[[-84,84],[85,-81.5]]}],"t":24.023},{"o":{"x":0.85,"y":0},"i":{"x":0.15,"y":1},"s":[{"c":false,"i":[[0,0],[0,0]],"o":[[0,0],[0,0]],"v":[[-84,84],[85,-81.5]]}],"t":274.273},{"s":[{"c":false,"i":[[0,0],[0,0]],"o":[[0,0],[0,0]],"v":[[-0.034,0.734],[1.034,1.766]]}],"t":292.29296875}],"ix":2}},{"ty":"st","bm":0,"hd":false,"mn":"ADBE Vector Graphic - Stroke","nm":"Stroke 1","lc":2,"lj":1,"ml":4,"o":{"a":0,"k":100,"ix":4},"w":{"a":1,"k":[{"o":{"x":0.85,"y":0},"i":{"x":0.15,"y":1},"s":[0],"t":0},{"o":{"x":0.85,"y":0},"i":{"x":0.15,"y":1},"s":[50],"t":12.012},{"o":{"x":0.85,"y":0},"i":{"x":0.15,"y":1},"s":[50],"t":286.287},{"s":[0],"t":298.298828125}],"ix":5},"c":{"a":0,"k":[0.9608,0.2314,0.2314],"ix":3}},{"ty":"tr","a":{"a":0,"k":[0,0],"ix":1},"s":{"a":0,"k":[100,100],"ix":3},"sk":{"a":0,"k":0,"ix":4},"p":{"a":0,"k":[0,0],"ix":2},"r":{"a":1,"k":[{"o":{"x":0.85,"y":0},"i":{"x":0.15,"y":1},"s":[-315.5],"t":24.023},{"o":{"x":0.167,"y":0},"i":{"x":0.15,"y":1},"s":[90],"t":70.07},{"o":{"x":0.85,"y":0},"i":{"x":0.15,"y":1},"s":[90],"t":250.25},{"s":[-315.5],"t":296.296875}],"ix":6},"sa":{"a":0,"k":0,"ix":5},"o":{"a":0,"k":100,"ix":7}}]}],"ind":2},{"ty":3,"nm":"NULL CONTROL","sr":1,"st":0,"op":300.3003003003,"ip":0,"hd":false,"ddd":0,"bm":0,"hasMask":false,"ao":0,"ks":{"a":{"a":0,"k":[60,120,0],"ix":1},"s":{"a":0,"k":[100,100,100],"ix":6},"sk":{"a":0,"k":0},"p":{"a":0,"k":[533.749,801.374,0],"ix":2},"r":{"a":0,"k":0,"ix":10},"sa":{"a":0,"k":0},"o":{"a":0,"k":0,"ix":11}},"ef":[],"ind":3},{"ty":4,"nm":"Layer 55","sr":1,"st":84.0840840840841,"op":98.0980980980981,"ip":84.0840840840841,"hd":false,"ddd":0,"bm":2,"hasMask":false,"ao":0,"ks":{"a":{"a":0,"k":[0,0,0],"ix":1},"s":{"a":0,"k":[100,100,100],"ix":6},"sk":{"a":0,"k":0},"p":{"a":0,"k":[-94.446,-5.581,0],"ix":2},"r":{"a":0,"k":0,"ix":10},"sa":{"a":0,"k":0},"o":{"a":0,"k":100,"ix":11}},"ef":[],"shapes":[{"ty":"gr","bm":2,"hd":false,"mn":"ADBE Vector Group","nm":"Group 1","ix":1,"cix":2,"np":2,"it":[{"ty":"sh","bm":0,"hd":false,"mn":"ADBE Vector Shape - Group","nm":"Path 1","ix":1,"d":1,"ks":{"a":0,"k":{"c":true,"i":[[1.633,1.311],[2.252,0],[-0.024,-3.888],[-4.857,-0.025],[0,3.868]],"o":[[-1.348,-1.581],[-3.979,0],[0.028,4.722],[3.996,0.023],[0,-2.196]],"v":[[5.109,-4.981],[-0.489,-7.603],[-7.818,-0.474],[0.489,7.603],[7.818,0.474]]},"ix":2}},{"ty":"fl","bm":0,"hd":false,"mn":"ADBE Vector Graphic - Fill","nm":"Fill 1","c":{"a":0,"k":[0.1882,0.2118,0.2235],"ix":4},"r":1,"o":{"a":0,"k":100,"ix":5}},{"ty":"tr","a":{"a":0,"k":[0,0],"ix":1},"s":{"a":0,"k":[100,100],"ix":3},"sk":{"a":0,"k":0,"ix":4},"p":{"a":0,"k":[0,0],"ix":2},"r":{"a":0,"k":0,"ix":6},"sa":{"a":0,"k":0,"ix":5},"o":{"a":0,"k":100,"ix":7}}]}],"ind":4,"parent":10},{"ty":4,"nm":"Layer 57","sr":1,"st":138.144144144144,"op":238,"ip":138.144144144144,"hd":false,"ddd":0,"bm":2,"hasMask":false,"ao":0,"ks":{"a":{"a":0,"k":[0,0,0],"ix":1},"s":{"a":0,"k":[100,100,100],"ix":6},"sk":{"a":0,"k":0},"p":{"a":0,"k":[-94.446,-5.581,0],"ix":2},"r":{"a":0,"k":0,"ix":10},"sa":{"a":0,"k":0},"o":{"a":0,"k":100,"ix":11}},"ef":[],"shapes":[{"ty":"gr","bm":2,"hd":false,"mn":"ADBE Vector Group","nm":"Group 1","ix":1,"cix":2,"np":2,"it":[{"ty":"sh","bm":0,"hd":false,"mn":"ADBE Vector Shape - Group","nm":"Path 1","ix":1,"d":1,"ks":{"a":0,"k":{"c":true,"i":[[1.633,1.311],[2.252,0],[-0.024,-3.888],[-4.857,-0.025],[0,3.868]],"o":[[-1.348,-1.581],[-3.979,0],[0.028,4.722],[3.996,0.023],[0,-2.196]],"v":[[5.109,-4.981],[-0.489,-7.603],[-7.818,-0.474],[0.489,7.603],[7.818,0.474]]},"ix":2}},{"ty":"fl","bm":0,"hd":false,"mn":"ADBE Vector Graphic - Fill","nm":"Fill 1","c":{"a":0,"k":[0.1882,0.2118,0.2235],"ix":4},"r":1,"o":{"a":0,"k":100,"ix":5}},{"ty":"tr","a":{"a":0,"k":[0,0],"ix":1},"s":{"a":0,"k":[100,100],"ix":3},"sk":{"a":0,"k":0,"ix":4},"p":{"a":0,"k":[0,0],"ix":2},"r":{"a":0,"k":0,"ix":6},"sa":{"a":0,"k":0,"ix":5},"o":{"a":0,"k":100,"ix":7}}]}],"ind":5,"parent":10},{"ty":4,"nm":"Layer 54","sr":1,"st":62.0620620620621,"op":76.0760760760761,"ip":62.0620620620621,"hd":false,"ddd":0,"bm":2,"hasMask":false,"ao":0,"ks":{"a":{"a":0,"k":[0,0,0],"ix":1},"s":{"a":0,"k":[100,100,100],"ix":6},"sk":{"a":0,"k":0},"p":{"a":0,"k":[-94.446,-5.581,0],"ix":2},"r":{"a":0,"k":0,"ix":10},"sa":{"a":0,"k":0},"o":{"a":0,"k":100,"ix":11}},"ef":[],"shapes":[{"ty":"gr","bm":2,"hd":false,"mn":"ADBE Vector Group","nm":"Group 1","ix":1,"cix":2,"np":2,"it":[{"ty":"sh","bm":0,"hd":false,"mn":"ADBE Vector Shape - Group","nm":"Path 1","ix":1,"d":1,"ks":{"a":0,"k":{"c":true,"i":[[1.633,1.311],[2.252,0],[-0.024,-3.888],[-4.857,-0.025],[0,3.868]],"o":[[-1.348,-1.581],[-3.979,0],[0.028,4.722],[3.996,0.023],[0,-2.196]],"v":[[5.109,-4.981],[-0.489,-7.603],[-7.818,-0.474],[0.489,7.603],[7.818,0.474]]},"ix":2}},{"ty":"fl","bm":0,"hd":false,"mn":"ADBE Vector Graphic - Fill","nm":"Fill 1","c":{"a":0,"k":[0.1882,0.2118,0.2235],"ix":4},"r":1,"o":{"a":0,"k":100,"ix":5}},{"ty":"tr","a":{"a":0,"k":[0,0],"ix":1},"s":{"a":0,"k":[100,100],"ix":3},"sk":{"a":0,"k":0,"ix":4},"p":{"a":0,"k":[0,0],"ix":2},"r":{"a":0,"k":0,"ix":6},"sa":{"a":0,"k":0,"ix":5},"o":{"a":0,"k":100,"ix":7}}]}],"ind":6,"parent":10},{"ty":4,"nm":"Layer 56","sr":1,"st":122.122122122122,"op":136.136136136136,"ip":122.122122122122,"hd":false,"ddd":0,"bm":2,"hasMask":false,"ao":0,"ks":{"a":{"a":0,"k":[0,0,0],"ix":1},"s":{"a":0,"k":[100,100,100],"ix":6},"sk":{"a":0,"k":0},"p":{"a":0,"k":[-94.446,-5.581,0],"ix":2},"r":{"a":0,"k":0,"ix":10},"sa":{"a":0,"k":0},"o":{"a":0,"k":100,"ix":11}},"ef":[],"shapes":[{"ty":"gr","bm":2,"hd":false,"mn":"ADBE Vector Group","nm":"Group 1","ix":1,"cix":2,"np":2,"it":[{"ty":"sh","bm":0,"hd":false,"mn":"ADBE Vector Shape - Group","nm":"Path 1","ix":1,"d":1,"ks":{"a":0,"k":{"c":true,"i":[[1.633,1.311],[2.252,0],[-0.024,-3.888],[-4.857,-0.025],[0,3.868]],"o":[[-1.348,-1.581],[-3.979,0],[0.028,4.722],[3.996,0.023],[0,-2.196]],"v":[[5.109,-4.981],[-0.489,-7.603],[-7.818,-0.474],[0.489,7.603],[7.818,0.474]]},"ix":2}},{"ty":"fl","bm":0,"hd":false,"mn":"ADBE Vector Graphic - Fill","nm":"Fill 1","c":{"a":0,"k":[0.1882,0.2118,0.2235],"ix":4},"r":1,"o":{"a":0,"k":100,"ix":5}},{"ty":"tr","a":{"a":0,"k":[0,0],"ix":1},"s":{"a":0,"k":[100,100],"ix":3},"sk":{"a":0,"k":0,"ix":4},"p":{"a":0,"k":[0,0],"ix":2},"r":{"a":0,"k":0,"ix":6},"sa":{"a":0,"k":0,"ix":5},"o":{"a":0,"k":100,"ix":7}}]}],"ind":7,"parent":10},{"ty":4,"nm":"Layer 53","sr":1,"st":40.04004004004,"op":56,"ip":42,"hd":false,"ddd":0,"bm":2,"hasMask":false,"ao":0,"ks":{"a":{"a":0,"k":[0,0,0],"ix":1},"s":{"a":0,"k":[100,100,100],"ix":6},"sk":{"a":0,"k":0},"p":{"a":0,"k":[-94.446,-5.581,0],"ix":2},"r":{"a":0,"k":0,"ix":10},"sa":{"a":0,"k":0},"o":{"a":0,"k":100,"ix":11}},"ef":[],"shapes":[{"ty":"gr","bm":2,"hd":false,"mn":"ADBE Vector Group","nm":"Group 1","ix":1,"cix":2,"np":2,"it":[{"ty":"sh","bm":0,"hd":false,"mn":"ADBE Vector Shape - Group","nm":"Path 1","ix":1,"d":1,"ks":{"a":0,"k":{"c":true,"i":[[1.633,1.311],[2.252,0],[-0.024,-3.888],[-4.857,-0.025],[0,3.868]],"o":[[-1.348,-1.581],[-3.979,0],[0.028,4.722],[3.996,0.023],[0,-2.196]],"v":[[5.109,-4.981],[-0.489,-7.603],[-7.818,-0.474],[0.489,7.603],[7.818,0.474]]},"ix":2}},{"ty":"fl","bm":0,"hd":false,"mn":"ADBE Vector Graphic - Fill","nm":"Fill 1","c":{"a":0,"k":[0.1882,0.2118,0.2235],"ix":4},"r":1,"o":{"a":0,"k":100,"ix":5}},{"ty":"tr","a":{"a":0,"k":[0,0],"ix":1},"s":{"a":0,"k":[100,100],"ix":3},"sk":{"a":0,"k":0,"ix":4},"p":{"a":0,"k":[0,0],"ix":2},"r":{"a":0,"k":0,"ix":6},"sa":{"a":0,"k":0,"ix":5},"o":{"a":0,"k":100,"ix":7}}]}],"ind":8,"parent":10},{"ty":4,"nm":"Layer 52","sr":1,"st":0,"op":42.042042042042,"ip":0,"hd":false,"ddd":0,"bm":2,"hasMask":false,"ao":0,"ks":{"a":{"a":0,"k":[0,0,0],"ix":1},"s":{"a":0,"k":[100,100,100],"ix":6},"sk":{"a":0,"k":0},"p":{"a":0,"k":[-94.446,-5.581,0],"ix":2},"r":{"a":0,"k":0,"ix":10},"sa":{"a":0,"k":0},"o":{"a":0,"k":100,"ix":11}},"ef":[],"shapes":[{"ty":"gr","bm":2,"hd":false,"mn":"ADBE Vector Group","nm":"Group 1","ix":1,"cix":2,"np":2,"it":[{"ty":"sh","bm":0,"hd":false,"mn":"ADBE Vector Shape - Group","nm":"Path 1","ix":1,"d":1,"ks":{"a":0,"k":{"c":true,"i":[[1.633,1.311],[2.252,0],[-0.024,-3.888],[-4.857,-0.025],[0,3.868]],"o":[[-1.348,-1.581],[-3.979,0],[0.028,4.722],[3.996,0.023],[0,-2.196]],"v":[[5.109,-4.981],[-0.489,-7.603],[-7.818,-0.474],[0.489,7.603],[7.818,0.474]]},"ix":2}},{"ty":"fl","bm":0,"hd":false,"mn":"ADBE Vector Graphic - Fill","nm":"Fill 1","c":{"a":0,"k":[0.1882,0.2118,0.2235],"ix":4},"r":1,"o":{"a":0,"k":100,"ix":5}},{"ty":"tr","a":{"a":0,"k":[0,0],"ix":1},"s":{"a":0,"k":[100,100],"ix":3},"sk":{"a":0,"k":0,"ix":4},"p":{"a":0,"k":[0,0],"ix":2},"r":{"a":0,"k":0,"ix":6},"sa":{"a":0,"k":0,"ix":5},"o":{"a":0,"k":100,"ix":7}}]}],"ind":9,"parent":10},{"ty":4,"nm":"Layer 51","sr":1,"st":0,"op":300.3003003003,"ip":0,"hd":false,"ddd":0,"bm":0,"hasMask":false,"ao":0,"ks":{"a":{"a":0,"k":[0,0,0],"ix":1},"s":{"a":0,"k":[100,100,100],"ix":6},"sk":{"a":0,"k":0},"p":{"a":0,"k":[1.372,78.298,0],"ix":2},"r":{"a":0,"k":0,"ix":10},"sa":{"a":0,"k":0},"o":{"a":0,"k":100,"ix":11}},"ef":[],"shapes":[{"ty":"gr","bm":0,"hd":false,"mn":"ADBE Vector Group","nm":"Group 1","ix":1,"cix":2,"np":2,"it":[{"ty":"sh","bm":0,"hd":false,"mn":"ADBE Vector Shape - Group","nm":"Path 1","ix":1,"d":1,"ks":{"a":0,"k":{"c":true,"i":[[-49.992,25.822],[0.088,-0.57],[8.356,-5.988],[14.161,22.953],[2.756,17.309],[0.09,0.565]],"o":[[-0.09,0.565],[-2.638,18.592],[-19.877,14.258],[-3.841,-6.243],[-0.09,-0.57],[41.466,24.822]],"v":[[117.229,-27],[116.994,-25.292],[100.898,13.974],[-106.733,12.005],[-116.964,-25.292],[-117.229,-27]]},"ix":2}},{"ty":"fl","bm":0,"hd":false,"mn":"ADBE Vector Graphic - Fill","nm":"Fill 1","c":{"a":0,"k":[0.1882,0.2118,0.2235],"ix":4},"r":1,"o":{"a":0,"k":100,"ix":5}},{"ty":"tr","a":{"a":0,"k":[0,0],"ix":1},"s":{"a":0,"k":[100,100],"ix":3},"sk":{"a":0,"k":0,"ix":4},"p":{"a":0,"k":[0,0],"ix":2},"r":{"a":0,"k":0,"ix":6},"sa":{"a":0,"k":0,"ix":5},"o":{"a":0,"k":100,"ix":7}}]}],"ind":10,"parent":19},{"ty":4,"nm":"Layer 47","sr":1,"st":0,"op":300.3003003003,"ip":0,"hd":false,"ddd":0,"bm":2,"hasMask":false,"ao":0,"ks":{"a":{"a":0,"k":[0,0,0],"ix":1},"s":{"a":0,"k":[100,100,100],"ix":6},"sk":{"a":0,"k":0},"p":{"a":0,"k":[-98.174,-16.928,0],"ix":2},"r":{"a":0,"k":0,"ix":10},"sa":{"a":0,"k":0},"o":{"a":0,"k":100,"ix":11}},"ef":[],"shapes":[{"ty":"gr","bm":2,"hd":false,"mn":"ADBE Vector Group","nm":"Group 1","ix":1,"cix":2,"np":2,"it":[{"ty":"sh","bm":0,"hd":false,"mn":"ADBE Vector Shape - Group","nm":"Path 1","ix":1,"d":1,"ks":{"a":0,"k":{"c":true,"i":[[3.593,-12.365],[0.245,-23.623],[-0.606,-5.719],[-2.995,6.133],[0.87,12.129],[-6.76,23.268]],"o":[[-6.635,22.846],[-0.071,6.78],[2.48,23.382],[5.568,-11.397],[-1.737,-24.16],[3.604,-12.413]],"v":[[-6.028,-57.835],[-14.197,12.433],[-12.017,45.116],[6.863,61.065],[6.476,21.106],[13.763,-52.528]]},"ix":2}},{"ty":"fl","bm":0,"hd":false,"mn":"ADBE Vector Graphic - Fill","nm":"Fill 1","c":{"a":0,"k":[1,0.6314,0.0431],"ix":4},"r":1,"o":{"a":0,"k":100,"ix":5}},{"ty":"tr","a":{"a":0,"k":[0,0],"ix":1},"s":{"a":0,"k":[100,100],"ix":3},"sk":{"a":0,"k":0,"ix":4},"p":{"a":0,"k":[0,0],"ix":2},"r":{"a":0,"k":0,"ix":6},"sa":{"a":0,"k":0,"ix":5},"o":{"a":0,"k":100,"ix":7}}]}],"ind":11,"parent":19},{"ty":3,"nm":"NULL CONTROL","sr":1,"st":0,"op":300.30078125,"ip":0,"hd":false,"ddd":0,"bm":0,"hasMask":false,"ao":0,"ks":{"a":{"a":0,"k":[60,60,0],"ix":1},"s":{"a":0,"k":[100,100,100],"ix":6},"sk":{"a":0,"k":0},"p":{"a":1,"k":[{"o":{"x":0.86,"y":0},"i":{"x":0.418,"y":1},"s":[-3.623,-1.268,0],"t":30,"ti":[-7,1.5,0],"to":[0.167,-1.5,0]},{"o":{"x":0.86,"y":0},"i":{"x":0.418,"y":1},"s":[-2.623,-10.268,0],"t":44.748,"ti":[4.833,0,0],"to":[7,-1.5,0]},{"o":{"x":0.86,"y":0},"i":{"x":0.418,"y":1},"s":[38.377,-10.268,0],"t":59.498,"ti":[1.667,0,0],"to":[-4.833,0,0]},{"o":{"x":0.86,"y":0},"i":{"x":0.418,"y":1},"s":[-31.623,-10.268,0],"t":74.244,"ti":[1.667,0,0],"to":[-1.667,0,0]},{"o":{"x":0.86,"y":0},"i":{"x":0.418,"y":1},"s":[28.377,-10.268,0],"t":88.992,"ti":[5.333,-1.5,0],"to":[-1.667,0,0]},{"o":{"x":0.167,"y":0},"i":{"x":0.667,"y":1},"s":[-41.623,-10.268,0],"t":103.742,"ti":[-6.333,-1.5,0],"to":[-5.333,1.5,0]},{"s":[-3.623,-1.268,0],"t":121}],"ix":2},"r":{"a":0,"k":0,"ix":10},"sa":{"a":0,"k":0},"o":{"a":0,"k":0,"ix":11}},"ef":[],"ind":12,"parent":19},{"ty":4,"nm":"Layer 44","sr":1,"st":0,"op":300.3003003003,"ip":0,"hd":false,"ddd":0,"bm":0,"hasMask":false,"ao":0,"ks":{"a":{"a":0,"k":[0,0,0],"ix":1},"s":{"a":1,"k":[{"h":1,"s":[100,100,100],"t":30},{"s":[100,-100,100],"t":45}],"ix":6},"sk":{"a":0,"k":0},"p":{"a":0,"k":[61.866,71.914,0],"ix":2},"r":{"a":0,"k":0,"ix":10},"sa":{"a":0,"k":0},"o":{"a":0,"k":100,"ix":11}},"ef":[],"shapes":[{"ty":"gr","bm":0,"hd":false,"mn":"ADBE Vector Group","nm":"Group 1","ix":1,"cix":2,"np":2,"it":[{"ty":"sh","bm":0,"hd":false,"mn":"ADBE Vector Shape - Group","nm":"Path 1","ix":1,"d":1,"ks":{"a":0,"k":{"c":true,"i":[[11.066,0],[0.694,0.04],[0.192,12.084],[-1.618,0.023],[-0.024,-1.575],[-8.626,-0.522],[-1.325,9.206],[-1.593,-0.233],[0.224,-1.558]],"o":[[-0.704,0],[-10.957,-0.659],[-0.026,-1.578],[1.585,0.085],[0.135,8.506],[9.003,0.539],[0.224,-1.561],[1.605,0.219],[-1.728,12.036]],"v":[[0.207,10.959],[-1.891,10.894],[-24.92,-8.061],[-22.036,-10.959],[-19.057,-8.152],[-1.531,5.203],[19.085,-7.076],[22.393,-9.506],[24.892,-6.29]]},"ix":2}},{"ty":"fl","bm":0,"hd":false,"mn":"ADBE Vector Graphic - Fill","nm":"Fill 1","c":{"a":0,"k":[0.2157,0.1961,0.2471],"ix":4},"r":1,"o":{"a":0,"k":100,"ix":5}},{"ty":"tr","a":{"a":0,"k":[0,0],"ix":1},"s":{"a":0,"k":[100,100],"ix":3},"sk":{"a":0,"k":0,"ix":4},"p":{"a":0,"k":[0,0],"ix":2},"r":{"a":0,"k":0,"ix":6},"sa":{"a":0,"k":0,"ix":5},"o":{"a":0,"k":100,"ix":7}}]}],"ind":13,"parent":12},{"ty":4,"nm":"mat 2","sr":1,"st":0,"op":238,"ip":0,"hd":false,"ddd":0,"bm":0,"hasMask":false,"ao":0,"ks":{"a":{"a":0,"k":[-62.274,-143.552,0],"ix":1},"s":{"a":0,"k":[100,100,100],"ix":6},"sk":{"a":0,"k":0},"p":{"a":0,"k":[107.458,48.086,0],"ix":2},"r":{"a":0,"k":0,"ix":10},"sa":{"a":0,"k":0},"o":{"a":0,"k":100,"ix":11}},"ef":[],"shapes":[{"ty":"gr","bm":0,"hd":false,"mn":"ADBE Vector Group","nm":"Group 1","ix":1,"cix":2,"np":2,"it":[{"ty":"sh","bm":0,"hd":false,"mn":"ADBE Vector Shape - Group","nm":"Path 2","ix":1,"d":1,"ks":{"a":0,"k":{"c":true,"i":[[7.209,0],[-7.207,0]],"o":[[-7.207,0],[7.209,0]],"v":[[-62.275,-138.116],[-62.275,-148.988]]},"ix":2}},{"ty":"fl","bm":0,"hd":false,"mn":"ADBE Vector Graphic - Fill","nm":"Fill 1","c":{"a":0,"k":[1,1,1],"ix":4},"r":1,"o":{"a":0,"k":100,"ix":5}},{"ty":"tr","a":{"a":0,"k":[0,0],"ix":1},"s":{"a":0,"k":[100,100],"ix":3},"sk":{"a":0,"k":0,"ix":4},"p":{"a":0,"k":[0,0],"ix":2},"r":{"a":0,"k":0,"ix":6},"sa":{"a":0,"k":0,"ix":5},"o":{"a":0,"k":100,"ix":7}}]}],"ind":14,"parent":12},{"ty":4,"nm":"mat","sr":1,"st":0,"op":238,"ip":0,"hd":false,"ddd":0,"bm":0,"hasMask":false,"ao":0,"ks":{"a":{"a":0,"k":[-62.274,-143.552,0],"ix":1},"s":{"a":0,"k":[100,100,100],"ix":6},"sk":{"a":0,"k":0},"p":{"a":0,"k":[11.958,48.836,0],"ix":2},"r":{"a":0,"k":0,"ix":10},"sa":{"a":0,"k":0},"o":{"a":0,"k":100,"ix":11}},"ef":[],"shapes":[{"ty":"gr","bm":0,"hd":false,"mn":"ADBE Vector Group","nm":"Group 1","ix":1,"cix":2,"np":2,"it":[{"ty":"sh","bm":0,"hd":false,"mn":"ADBE Vector Shape - Group","nm":"Path 2","ix":1,"d":1,"ks":{"a":0,"k":{"c":true,"i":[[7.209,0],[-7.207,0]],"o":[[-7.207,0],[7.209,0]],"v":[[-62.275,-138.116],[-62.275,-148.988]]},"ix":2}},{"ty":"fl","bm":0,"hd":false,"mn":"ADBE Vector Graphic - Fill","nm":"Fill 1","c":{"a":0,"k":[1,1,1],"ix":4},"r":1,"o":{"a":0,"k":100,"ix":5}},{"ty":"tr","a":{"a":0,"k":[0,0],"ix":1},"s":{"a":0,"k":[100,100],"ix":3},"sk":{"a":0,"k":0,"ix":4},"p":{"a":0,"k":[0,0],"ix":2},"r":{"a":0,"k":0,"ix":6},"sa":{"a":0,"k":0,"ix":5},"o":{"a":0,"k":100,"ix":7}}]}],"ind":15,"parent":12},{"ty":4,"nm":"Layer 43","sr":1,"st":0,"op":238,"ip":0,"hd":false,"ddd":0,"bm":0,"hasMask":false,"ao":0,"ks":{"a":{"a":0,"k":[0,0,0],"ix":1},"s":{"a":0,"k":[100,100,100],"ix":6},"sk":{"a":0,"k":0},"p":{"a":0,"k":[108.042,48.123,0],"ix":2},"r":{"a":0,"k":0,"ix":10},"sa":{"a":0,"k":0},"o":{"a":0,"k":100,"ix":11}},"ef":[],"shapes":[{"ty":"gr","bm":0,"hd":false,"mn":"ADBE Vector Group","nm":"Group 1","ix":1,"cix":2,"np":2,"it":[{"ty":"sh","bm":0,"hd":false,"mn":"ADBE Vector Shape - Group","nm":"Path 1","ix":1,"d":1,"ks":{"a":0,"k":{"c":true,"i":[[0,-7.089],[7.286,0],[0,7.087],[-7.286,0]],"o":[[0,7.087],[-7.286,0],[0,-7.089],[7.286,0]],"v":[[13.193,-0.001],[-0.001,12.832],[-13.193,-0.001],[-0.001,-12.832]]},"ix":2}},{"ty":"fl","bm":0,"hd":false,"mn":"ADBE Vector Graphic - Fill","nm":"Fill 1","c":{"a":0,"k":[0.2157,0.1961,0.2471],"ix":4},"r":1,"o":{"a":0,"k":100,"ix":5}},{"ty":"tr","a":{"a":0,"k":[0,0],"ix":1},"s":{"a":0,"k":[100,100],"ix":3},"sk":{"a":0,"k":0,"ix":4},"p":{"a":0,"k":[0,0],"ix":2},"r":{"a":0,"k":0,"ix":6},"sa":{"a":0,"k":0,"ix":5},"o":{"a":0,"k":100,"ix":7}}]}],"ind":16,"parent":12},{"ty":4,"nm":"Layer 42","sr":1,"st":0,"op":238,"ip":0,"hd":false,"ddd":0,"bm":0,"hasMask":false,"ao":0,"ks":{"a":{"a":0,"k":[0,0,0],"ix":1},"s":{"a":0,"k":[100,100,100],"ix":6},"sk":{"a":0,"k":0},"p":{"a":0,"k":[12.025,48.123,0],"ix":2},"r":{"a":0,"k":0,"ix":10},"sa":{"a":0,"k":0},"o":{"a":0,"k":100,"ix":11}},"ef":[],"shapes":[{"ty":"gr","bm":0,"hd":false,"mn":"ADBE Vector Group","nm":"Group 1","ix":1,"cix":2,"np":2,"it":[{"ty":"sh","bm":0,"hd":false,"mn":"ADBE Vector Shape - Group","nm":"Path 1","ix":1,"d":1,"ks":{"a":0,"k":{"c":true,"i":[[7.286,0],[0,-7.089],[-7.288,0],[0,7.087]],"o":[[-7.288,0],[0,7.087],[7.286,0],[0,-7.089]],"v":[[0.001,-12.832],[-13.193,-0.001],[0.001,12.832],[13.193,-0.001]]},"ix":2}},{"ty":"fl","bm":0,"hd":false,"mn":"ADBE Vector Graphic - Fill","nm":"Fill 1","c":{"a":0,"k":[0.2157,0.1961,0.2471],"ix":4},"r":1,"o":{"a":0,"k":100,"ix":5}},{"ty":"tr","a":{"a":0,"k":[0,0],"ix":1},"s":{"a":0,"k":[100,100],"ix":3},"sk":{"a":0,"k":0,"ix":4},"p":{"a":0,"k":[0,0],"ix":2},"r":{"a":0,"k":0,"ix":6},"sa":{"a":0,"k":0,"ix":5},"o":{"a":0,"k":100,"ix":7}}]}],"ind":17,"parent":12},{"ty":4,"nm":"Layer 41","sr":1,"st":0,"op":300.3003003003,"ip":0,"hd":false,"ddd":0,"bm":0,"hasMask":false,"ao":0,"ks":{"a":{"a":0,"k":[0,0,0],"ix":1},"s":{"a":0,"k":[100,100,100],"ix":6},"sk":{"a":0,"k":0},"p":{"a":0,"k":[4.471,8.777,0],"ix":2},"r":{"a":0,"k":0,"ix":10},"sa":{"a":0,"k":0},"o":{"a":0,"k":100,"ix":11}},"ef":[],"shapes":[{"ty":"gr","bm":0,"hd":false,"mn":"ADBE Vector Group","nm":"Group 1","ix":1,"cix":2,"np":2,"it":[{"ty":"sh","bm":0,"hd":false,"mn":"ADBE Vector Shape - Group","nm":"Path 1","ix":1,"d":1,"ks":{"a":0,"k":{"c":true,"i":[[6.185,-46.654],[0.088,-0.57],[8.356,-5.988],[14.161,22.953],[1.935,7.87],[-18.853,13.514],[-2.638,18.595],[-0.09,0.573],[8.501,29.569],[-0.646,-0.996]],"o":[[-0.089,0.565],[-2.638,18.592],[-19.877,14.258],[-2.228,-3.621],[28.352,18.932],[8.354,-5.991],[0.09,-0.57],[4.896,-36.985],[0.996,0.914],[12.724,19.645]],"v":[[114.131,42.52],[113.895,44.229],[97.8,83.495],[-109.831,81.525],[-116.134,63.933],[88.039,62.593],[104.133,23.327],[104.368,21.616],[96.159,-96.521],[98.621,-93.669]]},"ix":2}},{"ty":"fl","bm":0,"hd":false,"mn":"ADBE Vector Graphic - Fill","nm":"Fill 1","c":{"a":0,"k":[1,0.6549,0.0588],"ix":4},"r":1,"o":{"a":0,"k":100,"ix":5}},{"ty":"tr","a":{"a":0,"k":[0,0],"ix":1},"s":{"a":0,"k":[100,100],"ix":3},"sk":{"a":0,"k":0,"ix":4},"p":{"a":0,"k":[0,0],"ix":2},"r":{"a":0,"k":0,"ix":6},"sa":{"a":0,"k":0,"ix":5},"o":{"a":0,"k":100,"ix":7}}]}],"ind":18,"parent":19},{"ty":4,"nm":"HEAD","sr":1,"st":0,"op":300.3003003003,"ip":0,"hd":false,"ddd":0,"bm":0,"hasMask":false,"ao":0,"ks":{"a":{"a":0,"k":[0,105.298,0],"ix":1},"s":{"a":0,"k":[100,100,100],"ix":6},"sk":{"a":0,"k":0},"p":{"a":0,"k":[0.006,-69.502,0],"ix":2},"r":{"a":0,"k":0,"ix":10},"sa":{"a":0,"k":0},"o":{"a":0,"k":100,"ix":11}},"ef":[],"shapes":[{"ty":"gr","bm":0,"hd":false,"mn":"ADBE Vector Group","nm":"Group 1","ix":1,"cix":2,"np":2,"it":[{"ty":"sh","bm":0,"hd":false,"mn":"ADBE Vector Shape - Group","nm":"Path 1","ix":1,"d":1,"ks":{"a":0,"k":{"c":true,"i":[[6.185,-46.653],[0.088,-0.57],[8.356,-5.988],[14.161,22.953],[2.756,17.309],[0.09,0.565],[-18.5,19.131],[-19.261,3.425],[-3.284,0.46],[-31.753,-3.366],[-2.991,-0.429],[-5.307,-8.216]],"o":[[-0.089,0.565],[-2.638,18.592],[-19.877,14.258],[-3.841,-6.243],[-0.09,-0.57],[-7.211,-46.537],[6.421,-6.615],[3.079,-0.539],[31.077,-4.388],[3.166,0.312],[23.513,3.252],[12.724,19.645]],"v":[[118.602,51.297],[118.366,53.006],[102.27,92.272],[-105.36,90.303],[-115.591,53.006],[-115.857,51.297],[-105.36,-84.892],[-64.608,-100.006],[-55.05,-101.519],[46.89,-103.142],[56.153,-102.03],[103.092,-84.892]]},"ix":2}},{"ty":"fl","bm":0,"hd":false,"mn":"ADBE Vector Graphic - Fill","nm":"Fill 1","c":{"a":0,"k":[1,0.8,0.0667],"ix":4},"r":1,"o":{"a":0,"k":100,"ix":5}},{"ty":"tr","a":{"a":0,"k":[0,0],"ix":1},"s":{"a":0,"k":[100,100],"ix":3},"sk":{"a":0,"k":0,"ix":4},"p":{"a":0,"k":[0,0],"ix":2},"r":{"a":0,"k":0,"ix":6},"sa":{"a":0,"k":0,"ix":5},"o":{"a":0,"k":100,"ix":7}}]}],"ind":19,"parent":26},{"ty":4,"nm":"Layer 50","sr":1,"st":0,"op":300.3003003003,"ip":0,"hd":false,"ddd":0,"bm":2,"hasMask":false,"ao":0,"ks":{"a":{"a":0,"k":[0,0,0],"ix":1},"s":{"a":0,"k":[100,100,100],"ix":6},"sk":{"a":0,"k":0},"p":{"a":0,"k":[-97.159,-3.706,0],"ix":2},"r":{"a":0,"k":0,"ix":10},"sa":{"a":0,"k":0},"o":{"a":0,"k":100,"ix":11}},"ef":[],"shapes":[{"ty":"gr","bm":2,"hd":false,"mn":"ADBE Vector Group","nm":"Group 1","ix":1,"cix":2,"np":2,"it":[{"ty":"sh","bm":0,"hd":false,"mn":"ADBE Vector Shape - Group","nm":"Path 1","ix":1,"d":1,"ks":{"a":0,"k":{"c":true,"i":[[2.998,-8.667],[-12.684,-39.031],[2.856,8.795],[-12.636,36.536]],"o":[[-13.402,38.755],[2.839,8.733],[-11.964,-36.809],[3.022,-8.741]],"v":[[-2.012,-60.018],[-3.478,59.974],[10.658,56.18],[12.124,-56.224]]},"ix":2}},{"ty":"fl","bm":0,"hd":false,"mn":"ADBE Vector Graphic - Fill","nm":"Fill 1","c":{"a":0,"k":[0.6392,0.8078,0.1255],"ix":4},"r":1,"o":{"a":0,"k":100,"ix":5}},{"ty":"tr","a":{"a":0,"k":[0,0],"ix":1},"s":{"a":0,"k":[100,100],"ix":3},"sk":{"a":0,"k":0,"ix":4},"p":{"a":0,"k":[0,0],"ix":2},"r":{"a":0,"k":0,"ix":6},"sa":{"a":0,"k":0,"ix":5},"o":{"a":0,"k":100,"ix":7}}]}],"ind":20,"parent":26},{"ty":4,"nm":"Layer 46","sr":1,"st":0,"op":300.3003003003,"ip":0,"hd":false,"ddd":0,"bm":2,"hasMask":false,"ao":0,"ks":{"a":{"a":0,"k":[0,0,0],"ix":1},"s":{"a":0,"k":[100,100,100],"ix":6},"sk":{"a":0,"k":0},"p":{"a":0,"k":[15.616,-73.68,0],"ix":2},"r":{"a":0,"k":0,"ix":10},"sa":{"a":0,"k":0},"o":{"a":0,"k":100,"ix":11}},"ef":[],"shapes":[{"ty":"gr","bm":2,"hd":false,"mn":"ADBE Vector Group","nm":"Group 1","ix":1,"cix":2,"np":3,"it":[{"ty":"sh","bm":0,"hd":false,"mn":"ADBE Vector Shape - Group","nm":"Path 1","ix":1,"d":1,"ks":{"a":0,"k":{"c":true,"i":[[2.793,10.296],[-1.449,-5.338],[1.471,-8.923],[8.197,1.586],[-5.561,-1.076],[-7.04,11.449]],"o":[[-1.444,-5.33],[2.357,8.699],[-1.792,10.864],[-5.538,-1.067],[11.671,2.256],[5.98,-9.731]],"v":[[33.295,51.033],[24.815,53.306],[26.816,80.953],[-1.049,88.914],[-3.387,97.164],[33.499,88.446]]},"ix":2}},{"ty":"sh","bm":0,"hd":false,"mn":"ADBE Vector Shape - Group","nm":"Path 2","ix":2,"d":1,"ks":{"a":0,"k":{"c":true,"i":[[5.523,-1.252],[-2.321,-16.809],[0.751,5.446],[-26.39,5.968]],"o":[[-20.971,4.745],[0.746,5.389],[-2.988,-21.614],[5.519,-1.251]],"v":[[-46.003,45.836],[-62.478,86.201],[-70.958,88.474],[-48.341,37.589]]},"ix":2}},{"ty":"fl","bm":0,"hd":false,"mn":"ADBE Vector Graphic - Fill","nm":"Fill 1","c":{"a":0,"k":[0.9569,0.898,0.8235],"ix":4},"r":1,"o":{"a":0,"k":100,"ix":5}},{"ty":"tr","a":{"a":0,"k":[0,0],"ix":1},"s":{"a":0,"k":[100,100],"ix":3},"sk":{"a":0,"k":0,"ix":4},"p":{"a":0,"k":[0,0],"ix":2},"r":{"a":0,"k":0,"ix":6},"sa":{"a":0,"k":0,"ix":5},"o":{"a":0,"k":100,"ix":7}}]}],"ind":21,"parent":26},{"ty":4,"nm":"Layer 40","sr":1,"st":0,"op":300.3003003003,"ip":0,"hd":false,"ddd":0,"bm":0,"hasMask":false,"ao":0,"ks":{"a":{"a":0,"k":[0,0,0],"ix":1},"s":{"a":0,"k":[100,100,100],"ix":6},"sk":{"a":0,"k":0},"p":{"a":0,"k":[15.616,-73.68,0],"ix":2},"r":{"a":0,"k":0,"ix":10},"sa":{"a":0,"k":0},"o":{"a":0,"k":100,"ix":11}},"ef":[],"shapes":[{"ty":"gr","bm":0,"hd":false,"mn":"ADBE Vector Group","nm":"Group 1","ix":1,"cix":2,"np":3,"it":[{"ty":"sh","bm":0,"hd":false,"mn":"ADBE Vector Shape - Group","nm":"Path 1","ix":1,"d":1,"ks":{"a":0,"k":{"c":true,"i":[[7.824,-11.764],[8.941,10.691],[-8.381,10.154],[-11.735,-12.297]],"o":[[-7.821,11.761],[-8.941,-10.696],[8.382,-10.16],[11.736,12.3]],"v":[[40.038,101.007],[-76.193,101.007],[-76.193,36.318],[40.038,36.318]]},"ix":2}},{"ty":"sh","bm":0,"hd":false,"mn":"ADBE Vector Shape - Group","nm":"Path 2","ix":2,"d":1,"ks":{"a":0,"k":{"c":true,"i":[[14.147,14.823],[10.103,-12.243],[-10.777,-12.89],[-9.429,14.179]],"o":[[-14.145,-14.823],[-10.103,12.246],[10.779,12.89],[9.432,-14.179]],"v":[[51.885,29.671],[-88.228,29.671],[-88.228,107.65],[51.885,107.65]]},"ix":2}},{"ty":"fl","bm":0,"hd":false,"mn":"ADBE Vector Graphic - Fill","nm":"Fill 1","c":{"a":0,"k":[0.1882,0.2118,0.2235],"ix":4},"r":1,"o":{"a":0,"k":100,"ix":5}},{"ty":"tr","a":{"a":0,"k":[0,0],"ix":1},"s":{"a":0,"k":[100,100],"ix":3},"sk":{"a":0,"k":0,"ix":4},"p":{"a":0,"k":[0,0],"ix":2},"r":{"a":0,"k":0,"ix":6},"sa":{"a":0,"k":0,"ix":5},"o":{"a":0,"k":100,"ix":7}}]}],"ind":22,"parent":26},{"ty":4,"nm":"Layer 39","sr":1,"st":0,"op":300.3003003003,"ip":0,"hd":false,"ddd":0,"bm":1,"hasMask":false,"ao":0,"ks":{"a":{"a":0,"k":[0,0,0],"ix":1},"s":{"a":0,"k":[100,100,100],"ix":6},"sk":{"a":0,"k":0},"p":{"a":0,"k":[15.616,-73.68,0],"ix":2},"r":{"a":0,"k":0,"ix":10},"sa":{"a":0,"k":0},"o":{"a":0,"k":50,"ix":11}},"ef":[],"shapes":[{"ty":"gr","bm":1,"hd":false,"mn":"ADBE Vector Group","nm":"Group 1","ix":1,"cix":2,"np":3,"it":[{"ty":"sh","bm":0,"hd":false,"mn":"ADBE Vector Shape - Group","nm":"Path 1","ix":1,"d":1,"ks":{"a":0,"k":{"c":true,"i":[[7.824,-11.76],[8.94,10.691],[-8.382,10.157],[-11.735,-12.297]],"o":[[-7.823,11.761],[-8.941,-10.696],[8.382,-10.157],[11.735,12.3]],"v":[[43.703,103.143],[-72.528,103.143],[-72.528,38.455],[43.703,38.455]]},"ix":2}},{"ty":"sh","bm":0,"hd":false,"mn":"ADBE Vector Shape - Group","nm":"Path 2","ix":2,"d":1,"ks":{"a":0,"k":{"c":true,"i":[[14.146,14.823],[10.103,-12.243],[-10.777,-12.89],[-9.429,14.179]],"o":[[-14.146,-14.823],[-10.105,12.246],[10.777,12.89],[9.431,-14.179]],"v":[[55.55,31.811],[-84.562,31.811],[-84.562,109.79],[55.55,109.79]]},"ix":2}},{"ty":"fl","bm":0,"hd":false,"mn":"ADBE Vector Graphic - Fill","nm":"Fill 1","c":{"a":0,"k":[0.1882,0.2118,0.2235],"ix":4},"r":1,"o":{"a":0,"k":100,"ix":5}},{"ty":"tr","a":{"a":0,"k":[0,0],"ix":1},"s":{"a":0,"k":[100,100],"ix":3},"sk":{"a":0,"k":0,"ix":4},"p":{"a":0,"k":[0,0],"ix":2},"r":{"a":0,"k":0,"ix":6},"sa":{"a":0,"k":0,"ix":5},"o":{"a":0,"k":100,"ix":7}}]}],"ind":23,"parent":26},{"ty":4,"nm":"Layer 38","sr":1,"st":0,"op":300.3003003003,"ip":0,"hd":false,"ddd":0,"bm":0,"hasMask":false,"ao":0,"ks":{"a":{"a":0,"k":[0,0,0],"ix":1},"s":{"a":0,"k":[100,100,100],"ix":6},"sk":{"a":0,"k":0},"p":{"a":0,"k":[15.616,-73.68,0],"ix":2},"r":{"a":0,"k":0,"ix":10},"sa":{"a":0,"k":0},"o":{"a":0,"k":100,"ix":11}},"ef":[],"shapes":[{"ty":"gr","bm":0,"hd":false,"mn":"ADBE Vector Group","nm":"Group 1","ix":1,"cix":2,"np":3,"it":[{"ty":"sh","bm":0,"hd":false,"mn":"ADBE Vector Shape - Group","nm":"Path 1","ix":1,"d":1,"ks":{"a":0,"k":{"c":true,"i":[[7.824,-11.764],[8.941,10.691],[-8.381,10.154],[-11.735,-12.297]],"o":[[-7.821,11.761],[-8.941,-10.696],[8.382,-10.16],[11.736,12.3]],"v":[[40.038,101.007],[-76.193,101.007],[-76.193,36.318],[40.038,36.318]]},"ix":2}},{"ty":"sh","bm":0,"hd":false,"mn":"ADBE Vector Shape - Group","nm":"Path 2","ix":2,"d":1,"ks":{"a":0,"k":{"c":true,"i":[[14.147,14.823],[10.103,-12.243],[-10.777,-12.89],[-9.429,14.179]],"o":[[-14.145,-14.823],[-10.103,12.246],[10.779,12.89],[9.432,-14.179]],"v":[[51.885,29.671],[-88.228,29.671],[-88.228,107.65],[51.885,107.65]]},"ix":2}},{"ty":"fl","bm":0,"hd":false,"mn":"ADBE Vector Graphic - Fill","nm":"Fill 1","c":{"a":0,"k":[0.1882,0.2118,0.2235],"ix":4},"r":1,"o":{"a":0,"k":100,"ix":5}},{"ty":"tr","a":{"a":0,"k":[0,0],"ix":1},"s":{"a":0,"k":[100,100],"ix":3},"sk":{"a":0,"k":0,"ix":4},"p":{"a":0,"k":[0,0],"ix":2},"r":{"a":0,"k":0,"ix":6},"sa":{"a":0,"k":0,"ix":5},"o":{"a":0,"k":100,"ix":7}}]}],"ind":24,"parent":26},{"ty":4,"nm":"Layer 37","sr":1,"st":0,"op":300.3003003003,"ip":0,"hd":false,"ddd":0,"bm":0,"hasMask":false,"ao":0,"ks":{"a":{"a":0,"k":[0,0,0],"ix":1},"s":{"a":0,"k":[100,100,100],"ix":6},"sk":{"a":0,"k":0},"p":{"a":0,"k":[15.616,-73.68,0],"ix":2},"r":{"a":0,"k":0,"ix":10},"sa":{"a":0,"k":0},"o":{"a":0,"k":100,"ix":11}},"ef":[],"shapes":[{"ty":"gr","bm":0,"hd":false,"mn":"ADBE Vector Group","nm":"Group 1","ix":1,"cix":2,"np":2,"it":[{"ty":"sh","bm":0,"hd":false,"mn":"ADBE Vector Shape - Group","nm":"Path 1","ix":1,"d":1,"ks":{"a":0,"k":{"c":true,"i":[[14.147,14.823],[10.103,-12.243],[-10.777,-12.89],[-9.429,14.179]],"o":[[-14.145,-14.823],[-10.103,12.246],[10.779,12.89],[9.432,-14.179]],"v":[[51.885,29.671],[-88.228,29.671],[-88.228,107.65],[51.885,107.65]]},"ix":2}},{"ty":"fl","bm":0,"hd":false,"mn":"ADBE Vector Graphic - Fill","nm":"Fill 1","c":{"a":0,"k":[0.9569,0.898,0.8235],"ix":4},"r":1,"o":{"a":0,"k":100,"ix":5}},{"ty":"tr","a":{"a":0,"k":[0,0],"ix":1},"s":{"a":0,"k":[100,100],"ix":3},"sk":{"a":0,"k":0,"ix":4},"p":{"a":0,"k":[0,0],"ix":2},"r":{"a":0,"k":0,"ix":6},"sa":{"a":0,"k":0,"ix":5},"o":{"a":0,"k":100,"ix":7}}]}],"ind":25,"parent":26},{"ty":4,"nm":"BODY","sr":1,"st":0,"op":300.3003003003,"ip":0,"hd":false,"ddd":0,"bm":0,"hasMask":false,"ao":0,"ks":{"a":{"a":0,"k":[0,104.353,0],"ix":1},"s":{"a":0,"k":[100,100,100],"ix":6},"sk":{"a":0,"k":0},"p":{"a":0,"k":[78.636,152.659,0],"ix":2},"r":{"a":0,"k":0,"ix":10},"sa":{"a":0,"k":0},"o":{"a":0,"k":100,"ix":11}},"ef":[],"shapes":[{"ty":"gr","bm":0,"hd":false,"mn":"ADBE Vector Group","nm":"Group 1","ix":1,"cix":2,"np":2,"it":[{"ty":"sh","bm":0,"hd":false,"mn":"ADBE Vector Shape - Group","nm":"Path 1","ix":1,"d":1,"ks":{"a":0,"k":{"c":true,"i":[[3.137,-45.399],[9.791,-7.359],[13.282,22.724],[2.699,23.382],[-15.978,17.397],[-0.117,0.088],[-13.75,3.224],[-37.412,-6.499],[-4.954,-7.016],[-0.146,-0.23]],"o":[[-1.73,24.949],[-18.648,14.142],[-4.515,-7.759],[-5.188,-45.422],[0.088,-0.083],[5.101,-5.386],[35.065,-8.239],[18.557,3.224],[0.176,0.221],[10.936,17.766]],"v":[[112.597,38.375],[96.063,91.442],[-98.934,89.504],[-110.397,38.857],[-98.934,-84.127],[-98.669,-84.385],[-69.235,-97.3],[58.74,-100.153],[96.354,-84.808],[96.823,-84.127]]},"ix":2}},{"ty":"fl","bm":0,"hd":false,"mn":"ADBE Vector Graphic - Fill","nm":"Fill 1","c":{"a":0,"k":[1,0.8,0.0667],"ix":4},"r":1,"o":{"a":0,"k":100,"ix":5}},{"ty":"tr","a":{"a":0,"k":[0,0],"ix":1},"s":{"a":0,"k":[100,100],"ix":3},"sk":{"a":0,"k":0,"ix":4},"p":{"a":0,"k":[0,0],"ix":2},"r":{"a":0,"k":0,"ix":6},"sa":{"a":0,"k":0,"ix":5},"o":{"a":0,"k":100,"ix":7}}]}],"ind":26,"parent":3},{"ty":4,"nm":"Merged Shape Layer","sr":1,"st":0,"op":300.3003003003,"ip":0,"hd":false,"ddd":0,"bm":0,"hasMask":false,"ao":0,"ks":{"a":{"a":0,"k":[301.573,498.716,0],"ix":1},"s":{"a":0,"k":[100,100,100],"ix":6},"sk":{"a":0,"k":0},"p":{"a":1,"k":[{"o":{"x":0.333,"y":0},"i":{"x":0.667,"y":1},"s":[-240.678,-44.409,0],"t":0,"ti":[-2.586,-17.863,0],"to":[2.586,17.863,0]},{"s":[-225.163,62.77,0],"t":30}],"ix":2},"r":{"a":0,"k":44,"ix":10},"sa":{"a":0,"k":0},"o":{"a":0,"k":100,"ix":11}},"ef":[],"shapes":[{"ty":"gr","bm":0,"hd":false,"mn":"ADBE Vector Group","nm":"Layer 30","ix":1,"cix":2,"np":1,"it":[{"ty":"gr","bm":0,"hd":false,"mn":"ADBE Vector Group","nm":"Group 1","ix":1,"cix":2,"np":2,"it":[{"ty":"sh","bm":0,"hd":false,"mn":"ADBE Vector Shape - Group","nm":"Path 1","ix":1,"d":1,"ks":{"a":0,"k":{"c":true,"i":[[11.236,-15.167],[9.717,7.158],[1.037,3.594],[-10.565,14.352],[2.484,8.788],[-0.521,-0.409]],"o":[[-11.2,15.21],[-2.818,-2.075],[9.901,5.377],[7.976,-10.794],[0.596,0.334],[9.753,7.158]],"v":[[17.187,12.059],[-20.713,26.598],[-26.46,17.921],[9.768,2.345],[18.189,-29.51],[19.858,-28.437]]},"ix":2}},{"ty":"fl","bm":0,"hd":false,"mn":"ADBE Vector Graphic - Fill","nm":"Fill 1","c":{"a":0,"k":[1,0.6314,0.0431],"ix":4},"r":1,"o":{"a":0,"k":100,"ix":5}},{"ty":"tr","a":{"a":0,"k":[0,0],"ix":1},"s":{"a":0,"k":[100,100],"ix":3},"sk":{"a":0,"k":0,"ix":4},"p":{"a":0,"k":[0,0],"ix":2},"r":{"a":0,"k":0,"ix":6},"sa":{"a":0,"k":0,"ix":5},"o":{"a":0,"k":100,"ix":7}}]},{"ty":"tr","a":{"a":0,"k":[0,0],"ix":1},"s":{"a":0,"k":[100,100],"ix":3},"sk":{"a":0,"k":0,"ix":4},"p":{"a":0,"k":[301.997,499.644],"ix":2},"r":{"a":0,"k":0,"ix":6},"sa":{"a":0,"k":0,"ix":5},"o":{"a":0,"k":100,"ix":7}}]},{"ty":"gr","bm":0,"hd":false,"mn":"ADBE Vector Group","nm":"Layer 29","ix":2,"cix":2,"np":1,"it":[{"ty":"gr","bm":0,"hd":false,"mn":"ADBE Vector Group","nm":"Group 1","ix":1,"cix":2,"np":2,"it":[{"ty":"sh","bm":0,"hd":false,"mn":"ADBE Vector Shape - Group","nm":"Path 1","ix":1,"d":1,"ks":{"a":0,"k":{"c":true,"i":[[9.739,7.176],[11.214,-15.199],[-9.739,-7.187],[-11.203,15.202]],"o":[[-9.739,-7.183],[-11.196,15.192],[9.739,7.179],[11.207,-15.192]],"v":[[20.288,-27.513],[-17.637,-12.999],[-20.29,27.515],[17.632,12.994]]},"ix":2}},{"ty":"fl","bm":0,"hd":false,"mn":"ADBE Vector Graphic - Fill","nm":"Fill 1","c":{"a":0,"k":[1,0.8,0.0667],"ix":4},"r":1,"o":{"a":0,"k":100,"ix":5}},{"ty":"tr","a":{"a":0,"k":[0,0],"ix":1},"s":{"a":0,"k":[100,100],"ix":3},"sk":{"a":0,"k":0,"ix":4},"p":{"a":0,"k":[0,0],"ix":2},"r":{"a":0,"k":0,"ix":6},"sa":{"a":0,"k":0,"ix":5},"o":{"a":0,"k":100,"ix":7}}]},{"ty":"tr","a":{"a":0,"k":[0,0],"ix":1},"s":{"a":0,"k":[100,100],"ix":3},"sk":{"a":0,"k":0,"ix":4},"p":{"a":0,"k":[301.571,498.716],"ix":2},"r":{"a":0,"k":0,"ix":6},"sa":{"a":0,"k":0,"ix":5},"o":{"a":0,"k":100,"ix":7}}]}],"ind":27,"parent":40},{"ty":4,"nm":"Layer 28 - Group 1","sr":1,"st":0,"op":300.3003003003,"ip":0,"hd":false,"ddd":0,"bm":0,"hasMask":false,"ao":0,"ks":{"a":{"a":0,"k":[274.442,510.998,0],"ix":1},"s":{"a":0,"k":[100,100,100],"ix":6},"sk":{"a":0,"k":0},"p":{"a":0,"k":[286.547,514.313,0],"ix":2},"r":{"a":0,"k":0,"ix":10},"sa":{"a":0,"k":0},"o":{"a":0,"k":100,"ix":11}},"ef":[],"shapes":[{"ty":"gr","bm":0,"hd":false,"mn":"ADBE Vector Group","nm":"Group 1","ix":1,"cix":2,"np":2,"it":[{"ty":"sh","bm":0,"hd":false,"mn":"ADBE Vector Shape - Group","nm":"Path 1","ix":1,"d":1,"ks":{"a":0,"k":{"c":true,"i":[[0,0],[0,0],[5.191,1.666],[-7.291,1.716]],"o":[[0,0],[-5.008,2.157],[-7.56,-2.43],[3.263,-0.765]],"v":[[11.814,-5.078],[11.247,2.96],[-6.422,4.155],[-6.056,-3.972]]},"ix":2}},{"ty":"fl","bm":0,"hd":false,"mn":"ADBE Vector Graphic - Fill","nm":"Fill 1","c":{"a":0,"k":[0.1804,0.2118,0.2235],"ix":4},"r":1,"o":{"a":0,"k":100,"ix":5}},{"ty":"tr","a":{"a":0,"k":[0,0],"ix":1},"s":{"a":0,"k":[100,100],"ix":3},"sk":{"a":0,"k":0,"ix":4},"p":{"a":0,"k":[266.192,512.373],"ix":2},"r":{"a":0,"k":0,"ix":6},"sa":{"a":0,"k":0,"ix":5},"o":{"a":0,"k":100,"ix":7}}]}],"ind":28,"parent":27},{"ty":4,"nm":"Layer 28 - Group 2","sr":1,"st":0,"op":300.3003003003,"ip":0,"hd":false,"ddd":0,"bm":0,"hasMask":false,"ao":0,"ks":{"a":{"a":0,"k":[277.518,497.31,0],"ix":1},"s":{"a":0,"k":[100,100,100],"ix":6},"sk":{"a":0,"k":0},"p":{"a":0,"k":[289.781,499.427,0],"ix":2},"r":{"a":0,"k":0,"ix":10},"sa":{"a":0,"k":0},"o":{"a":0,"k":100,"ix":11}},"ef":[],"shapes":[{"ty":"gr","bm":0,"hd":false,"mn":"ADBE Vector Group","nm":"Group 2","ix":1,"cix":2,"np":2,"it":[{"ty":"sh","bm":0,"hd":false,"mn":"ADBE Vector Shape - Group","nm":"Path 1","ix":1,"d":1,"ks":{"a":0,"k":{"c":true,"i":[[-5.202,-3.949],[0,0],[-5.381,6.713]],"o":[[0,0],[-4.117,1.066],[3.819,-4.771]],"v":[[12.676,-1.192],[10.268,4.95],[-11.877,-2.495]]},"ix":2}},{"ty":"fl","bm":0,"hd":false,"mn":"ADBE Vector Graphic - Fill","nm":"Fill 1","c":{"a":0,"k":[0.1804,0.2118,0.2235],"ix":4},"r":1,"o":{"a":0,"k":100,"ix":5}},{"ty":"tr","a":{"a":0,"k":[0,0],"ix":1},"s":{"a":0,"k":[100,100],"ix":3},"sk":{"a":0,"k":0,"ix":4},"p":{"a":0,"k":[269.268,495.435],"ix":2},"r":{"a":0,"k":0,"ix":6},"sa":{"a":0,"k":0,"ix":5},"o":{"a":0,"k":100,"ix":7}}]}],"ind":29,"parent":27},{"ty":4,"nm":"Layer 28 - Group 3","sr":1,"st":-2.002002002002,"op":298.298298298298,"ip":0,"hd":false,"ddd":0,"bm":0,"hasMask":false,"ao":0,"ks":{"a":{"a":0,"k":[282.604,483.195,0],"ix":1},"s":{"a":0,"k":[100,100,100],"ix":6},"sk":{"a":0,"k":0},"p":{"a":0,"k":[296.404,492.161,0],"ix":2},"r":{"a":0,"k":0,"ix":10},"sa":{"a":0,"k":0},"o":{"a":0,"k":100,"ix":11}},"ef":[],"shapes":[{"ty":"gr","bm":0,"hd":false,"mn":"ADBE Vector Group","nm":"Group 3","ix":1,"cix":2,"np":2,"it":[{"ty":"sh","bm":0,"hd":false,"mn":"ADBE Vector Shape - Group","nm":"Path 1","ix":1,"d":1,"ks":{"a":0,"k":{"c":true,"i":[[-2.52,-6.433],[0,0],[-8.02,4.566]],"o":[[0,0],[-4.067,-1.371],[6.896,-3.916]],"v":[[13.056,4.063],[10.119,9.1],[-11.509,-8.2]]},"ix":2}},{"ty":"fl","bm":0,"hd":false,"mn":"ADBE Vector Graphic - Fill","nm":"Fill 1","c":{"a":0,"k":[0.1804,0.2118,0.2235],"ix":4},"r":1,"o":{"a":0,"k":100,"ix":5}},{"ty":"tr","a":{"a":0,"k":[0,0],"ix":1},"s":{"a":0,"k":[100,100],"ix":3},"sk":{"a":0,"k":0,"ix":4},"p":{"a":0,"k":[276.729,476.945],"ix":2},"r":{"a":0,"k":0,"ix":6},"sa":{"a":0,"k":0,"ix":5},"o":{"a":0,"k":100,"ix":7}}]}],"ind":30,"parent":27},{"ty":4,"nm":"Layer 28 - Group 4","sr":1,"st":0,"op":300.3003003003,"ip":0,"hd":false,"ddd":0,"bm":0,"hasMask":false,"ao":0,"ks":{"a":{"a":0,"k":[298.752,472.368,0],"ix":1},"s":{"a":0,"k":[100,100,100],"ix":6},"sk":{"a":0,"k":0},"p":{"a":0,"k":[306.504,481.255,0],"ix":2},"r":{"a":0,"k":0,"ix":10},"sa":{"a":0,"k":0},"o":{"a":0,"k":100,"ix":11}},"ef":[],"shapes":[{"ty":"gr","bm":0,"hd":false,"mn":"ADBE Vector Group","nm":"Group 4","ix":1,"cix":2,"np":2,"it":[{"ty":"sh","bm":0,"hd":false,"mn":"ADBE Vector Shape - Group","nm":"Path 1","ix":1,"d":1,"ks":{"a":0,"k":{"c":true,"i":[[-1.53,-4.627],[0,0],[-4.257,5.815]],"o":[[0,0],[-3.669,-2.743],[4.064,-5.55]],"v":[[11.082,7.33],[3.576,11.401],[-10.306,-10.378]]},"ix":2}},{"ty":"fl","bm":0,"hd":false,"mn":"ADBE Vector Graphic - Fill","nm":"Fill 1","c":{"a":0,"k":[0.1804,0.2118,0.2235],"ix":4},"r":1,"o":{"a":0,"k":100,"ix":5}},{"ty":"tr","a":{"a":0,"k":[0,0],"ix":1},"s":{"a":0,"k":[100,100],"ix":3},"sk":{"a":0,"k":0,"ix":4},"p":{"a":0,"k":[293.377,465.493],"ix":2},"r":{"a":0,"k":0,"ix":6},"sa":{"a":0,"k":0,"ix":5},"o":{"a":0,"k":100,"ix":7}}]}],"ind":31,"parent":27},{"ty":4,"nm":"Layer 27","sr":1,"st":0,"op":300.3003003003,"ip":0,"hd":false,"ddd":0,"bm":0,"hasMask":false,"ao":0,"ks":{"a":{"a":0,"k":[-3.947,4.587,0],"ix":1},"s":{"a":0,"k":[100,100,100],"ix":6},"sk":{"a":0,"k":0},"p":{"a":0,"k":[317.03,475.6,0],"ix":2},"r":{"a":0,"k":1,"ix":10},"sa":{"a":0,"k":0},"o":{"a":0,"k":100,"ix":11}},"ef":[],"shapes":[{"ty":"gr","bm":0,"hd":false,"mn":"ADBE Vector Group","nm":"Group 1","ix":1,"cix":2,"np":2,"it":[{"ty":"sh","bm":0,"hd":false,"mn":"ADBE Vector Shape - Group","nm":"Path 1","ix":1,"d":1,"ks":{"a":0,"k":{"c":true,"i":[[3.292,-14.423],[0,0],[0,0]],"o":[[-1.461,6.418],[0,0],[2.89,-7.994]],"v":[[7.659,-2.563],[-2.629,9.628],[-8.1,1.856]]},"ix":2}},{"ty":"fl","bm":0,"hd":false,"mn":"ADBE Vector Graphic - Fill","nm":"Fill 1","c":{"a":0,"k":[0.1804,0.2118,0.2235],"ix":4},"r":1,"o":{"a":0,"k":100,"ix":5}},{"ty":"tr","a":{"a":0,"k":[0,0],"ix":1},"s":{"a":0,"k":[100,100],"ix":3},"sk":{"a":0,"k":0,"ix":4},"p":{"a":0,"k":[0,0],"ix":2},"r":{"a":0,"k":0,"ix":6},"sa":{"a":0,"k":0,"ix":5},"o":{"a":0,"k":100,"ix":7}}]}],"ind":32,"parent":27},{"ty":4,"nm":"Merged Shape Layer","sr":1,"st":0,"op":300.3003003003,"ip":0,"hd":false,"ddd":0,"bm":0,"hasMask":false,"ao":0,"ks":{"a":{"a":0,"k":[524.376,331.771,0],"ix":1},"s":{"a":0,"k":[100,100,100],"ix":6},"sk":{"a":0,"k":0},"p":{"a":0,"k":[-7.265,-98.235,0],"ix":2},"r":{"a":0,"k":0,"ix":10},"sa":{"a":0,"k":0},"o":{"a":0,"k":100,"ix":11}},"ef":[],"shapes":[{"ty":"gr","bm":0,"hd":false,"mn":"ADBE Vector Group","nm":"Layer 4","ix":1,"cix":2,"np":1,"it":[{"ty":"gr","bm":0,"hd":false,"mn":"ADBE Vector Group","nm":"Group 1","ix":1,"cix":2,"np":2,"it":[{"ty":"sh","bm":0,"hd":false,"mn":"ADBE Vector Shape - Group","nm":"Path 1","ix":1,"d":1,"ks":{"a":0,"k":{"c":true,"i":[[0,-31.337],[0,0],[0,0],[0,0],[30.375,9.868]],"o":[[0,0],[0,0],[0,0],[0,-27.517],[45.943,4.107]],"v":[[51.266,35.558],[-51.348,35.558],[-51.348,32.706],[36.607,32.706],[9.223,-35.558]]},"ix":2}},{"ty":"fl","bm":0,"hd":false,"mn":"ADBE Vector Graphic - Fill","nm":"Fill 1","c":{"a":0,"k":[0.1882,0.2118,0.2235],"ix":4},"r":1,"o":{"a":0,"k":100,"ix":5}},{"ty":"tr","a":{"a":0,"k":[0,0],"ix":1},"s":{"a":0,"k":[100,100],"ix":3},"sk":{"a":0,"k":0,"ix":4},"p":{"a":0,"k":[0,0],"ix":2},"r":{"a":0,"k":0,"ix":6},"sa":{"a":0,"k":0,"ix":5},"o":{"a":0,"k":100,"ix":7}}]},{"ty":"tr","a":{"a":0,"k":[0,0],"ix":1},"s":{"a":0,"k":[100,100],"ix":3},"sk":{"a":0,"k":0,"ix":4},"p":{"a":0,"k":[524.412,331.965],"ix":2},"r":{"a":0,"k":0,"ix":6},"sa":{"a":0,"k":0,"ix":5},"o":{"a":0,"k":50,"ix":7}}]},{"ty":"gr","bm":0,"hd":false,"mn":"ADBE Vector Group","nm":"Layer 3","ix":2,"cix":2,"np":1,"it":[{"ty":"gr","bm":0,"hd":false,"mn":"ADBE Vector Group","nm":"Group 1","ix":1,"cix":2,"np":2,"it":[{"ty":"sh","bm":0,"hd":false,"mn":"ADBE Vector Shape - Group","nm":"Path 1","ix":1,"d":1,"ks":{"a":0,"k":{"c":true,"i":[[8.392,-4.072],[-3.207,-17.766],[1.653,9.161],[-11.152,5.412]],"o":[[-17.259,8.378],[1.663,9.209],[-2.116,-11.721],[8.429,-4.092]],"v":[[5.246,-26.673],[-15.53,22.22],[-1.518,18.355],[12.579,-14.123]]},"ix":2}},{"ty":"fl","bm":0,"hd":false,"mn":"ADBE Vector Graphic - Fill","nm":"Fill 1","c":{"a":0,"k":[0.3333,0.3765,0.3961],"ix":4},"r":1,"o":{"a":0,"k":100,"ix":5}},{"ty":"tr","a":{"a":0,"k":[0,0],"ix":1},"s":{"a":0,"k":[100,100],"ix":3},"sk":{"a":0,"k":0,"ix":4},"p":{"a":0,"k":[0,0],"ix":2},"r":{"a":0,"k":0,"ix":6},"sa":{"a":0,"k":0,"ix":5},"o":{"a":0,"k":100,"ix":7}}]},{"ty":"tr","a":{"a":0,"k":[0,0],"ix":1},"s":{"a":0,"k":[100,100],"ix":3},"sk":{"a":0,"k":0,"ix":4},"p":{"a":0,"k":[495.166,328.892],"ix":2},"r":{"a":0,"k":0,"ix":6},"sa":{"a":0,"k":0,"ix":5},"o":{"a":0,"k":100,"ix":7}}]},{"ty":"gr","bm":0,"hd":false,"mn":"ADBE Vector Group","nm":"Layer 2","ix":3,"cix":2,"np":1,"it":[{"ty":"gr","bm":0,"hd":false,"mn":"ADBE Vector Group","nm":"Group 1","ix":1,"cix":2,"np":2,"it":[{"ty":"sh","bm":0,"hd":false,"mn":"ADBE Vector Shape - Group","nm":"Path 1","ix":1,"d":1,"ks":{"a":0,"k":{"c":true,"i":[[55.704,0],[0,-33.304],[0,0]],"o":[[-55.705,0],[0,0],[0,-33.304]],"v":[[0.001,-35.761],[-51.307,35.761],[51.307,35.761]]},"ix":2}},{"ty":"fl","bm":0,"hd":false,"mn":"ADBE Vector Graphic - Fill","nm":"Fill 1","c":{"a":0,"k":[0.1882,0.2118,0.2235],"ix":4},"r":1,"o":{"a":0,"k":100,"ix":5}},{"ty":"tr","a":{"a":0,"k":[0,0],"ix":1},"s":{"a":0,"k":[100,100],"ix":3},"sk":{"a":0,"k":0,"ix":4},"p":{"a":0,"k":[0,0],"ix":2},"r":{"a":0,"k":0,"ix":6},"sa":{"a":0,"k":0,"ix":5},"o":{"a":0,"k":100,"ix":7}}]},{"ty":"tr","a":{"a":0,"k":[0,0],"ix":1},"s":{"a":0,"k":[100,100],"ix":3},"sk":{"a":0,"k":0,"ix":4},"p":{"a":0,"k":[524.376,331.771],"ix":2},"r":{"a":0,"k":0,"ix":6},"sa":{"a":0,"k":0,"ix":5},"o":{"a":0,"k":100,"ix":7}}]}],"ind":33,"parent":19},{"ty":4,"nm":"Merged Shape Layer","sr":1,"st":0,"op":300.3003003003,"ip":0,"hd":false,"ddd":0,"bm":0,"hasMask":false,"ao":0,"ks":{"a":{"a":0,"k":[737.452,615.011,0],"ix":1},"s":{"a":0,"k":[100,100,100],"ix":6},"sk":{"a":0,"k":0},"p":{"a":1,"k":[{"o":{"x":0.333,"y":0},"i":{"x":0.667,"y":1},"s":[199.201,76.386,0],"t":0,"ti":[15.177,-5.814,0],"to":[-15.177,5.814,0]},{"s":[108.14,111.27,0],"t":30}],"ix":2},"r":{"a":0,"k":0,"ix":10},"sa":{"a":0,"k":0},"o":{"a":0,"k":100,"ix":11}},"ef":[],"shapes":[{"ty":"gr","bm":0,"hd":false,"mn":"ADBE Vector Group","nm":"Layer 32","ix":1,"cix":2,"np":1,"it":[{"ty":"gr","bm":0,"hd":false,"mn":"ADBE Vector Group","nm":"Group 1","ix":1,"cix":2,"np":2,"it":[{"ty":"sh","bm":0,"hd":false,"mn":"ADBE Vector Shape - Group","nm":"Path 1","ix":1,"d":1,"ks":{"a":0,"k":{"c":true,"i":[[2.423,6.774],[11.336,5.323],[-6.49,-3.048],[-3.202,-8.946]],"o":[[-4.117,-11.516],[-6.454,-3.037],[8.738,4.107],[2.398,6.706]],"v":[[16.161,11.553],[-8.027,-17.729],[-13.641,-8.126],[5.435,14.507]]},"ix":2}},{"ty":"fl","bm":0,"hd":false,"mn":"ADBE Vector Graphic - Fill","nm":"Fill 1","c":{"a":0,"k":[1,0.8,0.0667],"ix":4},"r":1,"o":{"a":0,"k":100,"ix":5}},{"ty":"tr","a":{"a":0,"k":[0,0],"ix":1},"s":{"a":0,"k":[100,100],"ix":3},"sk":{"a":0,"k":0,"ix":4},"p":{"a":0,"k":[0,0],"ix":2},"r":{"a":0,"k":0,"ix":6},"sa":{"a":0,"k":0,"ix":5},"o":{"a":0,"k":100,"ix":7}}]},{"ty":"tr","a":{"a":0,"k":[-16.514,18.315],"ix":1},"s":{"a":0,"k":[100,100],"ix":3},"sk":{"a":0,"k":0,"ix":4},"p":{"a":0,"k":[723.933,608.578],"ix":2},"r":{"a":0,"k":60,"ix":6},"sa":{"a":0,"k":0,"ix":5},"o":{"a":0,"k":100,"ix":7}}]},{"ty":"gr","bm":0,"hd":false,"mn":"ADBE Vector Group","nm":"Layer 23","ix":2,"cix":2,"np":1,"it":[{"ty":"gr","bm":0,"hd":false,"mn":"ADBE Vector Group","nm":"Group 1","ix":1,"cix":2,"np":2,"it":[{"ty":"sh","bm":0,"hd":false,"mn":"ADBE Vector Shape - Group","nm":"Path 1","ix":1,"d":1,"ks":{"a":0,"k":{"c":true,"i":[[-0.851,1.149],[4.114,-3.04],[10.977,14.869],[-6.045,8.274],[-6.228,-8.454],[-9.531,7.047]],"o":[[-0.183,5.934],[-9.534,7.05],[-9.642,-13.052],[-0.298,7.79],[10.977,14.872],[1.184,-0.851]],"v":[[26.294,9.989],[19.883,23.967],[-17.242,9.766],[-22.878,-26.839],[-13.868,-1.176],[23.257,13.029]]},"ix":2}},{"ty":"fl","bm":0,"hd":false,"mn":"ADBE Vector Graphic - Fill","nm":"Fill 1","c":{"a":0,"k":[1,0.6314,0.0431],"ix":4},"r":1,"o":{"a":0,"k":100,"ix":5}},{"ty":"tr","a":{"a":0,"k":[0,0],"ix":1},"s":{"a":0,"k":[100,100],"ix":3},"sk":{"a":0,"k":0,"ix":4},"p":{"a":0,"k":[0,0],"ix":2},"r":{"a":0,"k":0,"ix":6},"sa":{"a":0,"k":0,"ix":5},"o":{"a":0,"k":100,"ix":7}}]},{"ty":"tr","a":{"a":0,"k":[0,0],"ix":1},"s":{"a":0,"k":[100,100],"ix":3},"sk":{"a":0,"k":0,"ix":4},"p":{"a":0,"k":[734.89,616.477],"ix":2},"r":{"a":0,"k":60,"ix":6},"sa":{"a":0,"k":0,"ix":5},"o":{"a":0,"k":100,"ix":7}}]},{"ty":"gr","bm":0,"hd":false,"mn":"ADBE Vector Group","nm":"Layer 22","ix":3,"cix":2,"np":1,"it":[{"ty":"gr","bm":0,"hd":false,"mn":"ADBE Vector Group","nm":"Group 1","ix":1,"cix":2,"np":2,"it":[{"ty":"sh","bm":0,"hd":false,"mn":"ADBE Vector Shape - Group","nm":"Path 1","ix":1,"d":1,"ks":{"a":0,"k":{"c":true,"i":[[-9.534,7.022],[-10.97,-14.88],[9.531,-7.036],[10.963,14.865]],"o":[[9.527,-7.029],[10.959,14.869],[-9.531,7.025],[-10.97,-14.876]],"v":[[-19.853,-26.925],[17.259,-12.72],[19.857,26.929],[-17.253,12.724]]},"ix":2}},{"ty":"fl","bm":0,"hd":false,"mn":"ADBE Vector Graphic - Fill","nm":"Fill 1","c":{"a":0,"k":[1,0.8,0.0667],"ix":4},"r":1,"o":{"a":0,"k":100,"ix":5}},{"ty":"tr","a":{"a":0,"k":[0,0],"ix":1},"s":{"a":0,"k":[100,100],"ix":3},"sk":{"a":0,"k":0,"ix":4},"p":{"a":0,"k":[0,0],"ix":2},"r":{"a":0,"k":0,"ix":6},"sa":{"a":0,"k":0,"ix":5},"o":{"a":0,"k":100,"ix":7}}]},{"ty":"tr","a":{"a":0,"k":[-26.307,29.788],"ix":1},"s":{"a":0,"k":[100,100],"ix":3},"sk":{"a":0,"k":0,"ix":4},"p":{"a":0,"k":[698.499,607.128],"ix":2},"r":{"a":0,"k":60,"ix":6},"sa":{"a":0,"k":0,"ix":5},"o":{"a":0,"k":100,"ix":7}}]}],"ind":34,"parent":41},{"ty":4,"nm":"Layer 21 - Group 1","sr":1,"st":0,"op":300.3003003003,"ip":0,"hd":false,"ddd":0,"bm":0,"hasMask":false,"ao":0,"ks":{"a":{"a":0,"k":[768.591,512.453,0],"ix":1},"s":{"a":0,"k":[100,100,100],"ix":6},"sk":{"a":0,"k":0},"p":{"a":0,"k":[737.536,645.491,0],"ix":2},"r":{"a":0,"k":60,"ix":10},"sa":{"a":0,"k":0},"o":{"a":0,"k":100,"ix":11}},"ef":[],"shapes":[{"ty":"gr","bm":0,"hd":false,"mn":"ADBE Vector Group","nm":"Group 1","ix":1,"cix":2,"np":2,"it":[{"ty":"sh","bm":0,"hd":false,"mn":"ADBE Vector Shape - Group","nm":"Path 1","ix":1,"d":1,"ks":{"a":0,"k":{"c":true,"i":[[0,0],[0,0],[-5.187,1.666],[7.291,1.72]],"o":[[0,0],[5.004,2.154],[7.564,-2.431],[-3.263,-0.765]],"v":[[-11.813,-5.078],[-11.246,2.963],[6.419,4.155],[6.053,-3.969]]},"ix":2}},{"ty":"fl","bm":0,"hd":false,"mn":"ADBE Vector Graphic - Fill","nm":"Fill 1","c":{"a":0,"k":[0.1804,0.2118,0.2235],"ix":4},"r":1,"o":{"a":0,"k":100,"ix":5}},{"ty":"tr","a":{"a":0,"k":[0,0],"ix":1},"s":{"a":0,"k":[100,100],"ix":3},"sk":{"a":0,"k":0,"ix":4},"p":{"a":0,"k":[776.187,512.797],"ix":2},"r":{"a":0,"k":0,"ix":6},"sa":{"a":0,"k":0,"ix":5},"o":{"a":0,"k":100,"ix":7}}]}],"ind":35,"parent":34},{"ty":4,"nm":"Layer 21 - Group 2","sr":1,"st":0,"op":300.3003003003,"ip":0,"hd":false,"ddd":0,"bm":0,"hasMask":false,"ao":0,"ks":{"a":{"a":0,"k":[764.115,497.04,0],"ix":1},"s":{"a":0,"k":[100,100,100],"ix":6},"sk":{"a":0,"k":0},"p":{"a":0,"k":[750.534,633.409,0],"ix":2},"r":{"a":0,"k":60,"ix":10},"sa":{"a":0,"k":0},"o":{"a":0,"k":100,"ix":11}},"ef":[],"shapes":[{"ty":"gr","bm":0,"hd":false,"mn":"ADBE Vector Group","nm":"Group 2","ix":1,"cix":2,"np":2,"it":[{"ty":"sh","bm":0,"hd":false,"mn":"ADBE Vector Shape - Group","nm":"Path 1","ix":1,"d":1,"ks":{"a":0,"k":{"c":true,"i":[[5.201,-3.949],[0,0],[5.378,6.713]],"o":[[0,0],[4.117,1.066],[-3.82,-4.774]],"v":[[-12.676,-1.19],[-10.267,4.949],[11.878,-2.493]]},"ix":2}},{"ty":"fl","bm":0,"hd":false,"mn":"ADBE Vector Graphic - Fill","nm":"Fill 1","c":{"a":0,"k":[0.1804,0.2118,0.2235],"ix":4},"r":1,"o":{"a":0,"k":100,"ix":5}},{"ty":"tr","a":{"a":0,"k":[0,0],"ix":1},"s":{"a":0,"k":[100,100],"ix":3},"sk":{"a":0,"k":0,"ix":4},"p":{"a":0,"k":[773.112,495.86],"ix":2},"r":{"a":0,"k":0,"ix":6},"sa":{"a":0,"k":0,"ix":5},"o":{"a":0,"k":100,"ix":7}}]}],"ind":36,"parent":34},{"ty":4,"nm":"Layer 21 - Group 3","sr":1,"st":0,"op":300.3003003003,"ip":0,"hd":false,"ddd":0,"bm":0,"hasMask":false,"ao":0,"ks":{"a":{"a":0,"k":[757.692,482.156,0],"ix":1},"s":{"a":0,"k":[100,100,100],"ix":6},"sk":{"a":0,"k":0},"p":{"a":0,"k":[758.853,619.77,0],"ix":2},"r":{"a":0,"k":60,"ix":10},"sa":{"a":0,"k":0},"o":{"a":0,"k":100,"ix":11}},"ef":[],"shapes":[{"ty":"gr","bm":0,"hd":false,"mn":"ADBE Vector Group","nm":"Group 3","ix":1,"cix":2,"np":2,"it":[{"ty":"sh","bm":0,"hd":false,"mn":"ADBE Vector Shape - Group","nm":"Path 1","ix":1,"d":1,"ks":{"a":0,"k":{"c":true,"i":[[2.52,-6.436],[0,0],[8.019,4.563]],"o":[[0,0],[4.067,-1.368],[-6.896,-3.92]],"v":[[-13.055,4.065],[-10.119,9.099],[11.509,-8.197]]},"ix":2}},{"ty":"fl","bm":0,"hd":false,"mn":"ADBE Vector Graphic - Fill","nm":"Fill 1","c":{"a":0,"k":[0.1804,0.2118,0.2235],"ix":4},"r":1,"o":{"a":0,"k":100,"ix":5}},{"ty":"tr","a":{"a":0,"k":[0,0],"ix":1},"s":{"a":0,"k":[100,100],"ix":3},"sk":{"a":0,"k":0,"ix":4},"p":{"a":0,"k":[765.652,477.369],"ix":2},"r":{"a":0,"k":0,"ix":6},"sa":{"a":0,"k":0,"ix":5},"o":{"a":0,"k":100,"ix":7}}]}],"ind":37,"parent":34},{"ty":4,"nm":"Layer 21 - Group 4","sr":1,"st":0,"op":300.3003003003,"ip":0,"hd":false,"ddd":0,"bm":0,"hasMask":false,"ao":0,"ks":{"a":{"a":0,"k":[743.669,472.655,0],"ix":1},"s":{"a":0,"k":[100,100,100],"ix":6},"sk":{"a":0,"k":0},"p":{"a":0,"k":[760.07,602.876,0],"ix":2},"r":{"a":0,"k":60,"ix":10},"sa":{"a":0,"k":0},"o":{"a":0,"k":100,"ix":11}},"ef":[],"shapes":[{"ty":"gr","bm":0,"hd":false,"mn":"ADBE Vector Group","nm":"Group 4","ix":1,"cix":2,"np":2,"it":[{"ty":"sh","bm":0,"hd":false,"mn":"ADBE Vector Shape - Group","nm":"Path 1","ix":1,"d":1,"ks":{"a":0,"k":{"c":true,"i":[[1.529,-4.627],[0,0],[4.261,5.816]],"o":[[0,0],[3.669,-2.743],[-4.064,-5.55]],"v":[[-11.081,7.332],[-3.578,11.403],[10.303,-10.38]]},"ix":2}},{"ty":"fl","bm":0,"hd":false,"mn":"ADBE Vector Graphic - Fill","nm":"Fill 1","c":{"a":0,"k":[0.1804,0.2118,0.2235],"ix":4},"r":1,"o":{"a":0,"k":100,"ix":5}},{"ty":"tr","a":{"a":0,"k":[0,0],"ix":1},"s":{"a":0,"k":[100,100],"ix":3},"sk":{"a":0,"k":0,"ix":4},"p":{"a":0,"k":[749.002,465.918],"ix":2},"r":{"a":0,"k":0,"ix":6},"sa":{"a":0,"k":0,"ix":5},"o":{"a":0,"k":100,"ix":7}}]}],"ind":38,"parent":34},{"ty":4,"nm":"Layer 20","sr":1,"st":0,"op":300.3003003003,"ip":0,"hd":false,"ddd":0,"bm":0,"hasMask":false,"ao":0,"ks":{"a":{"a":0,"k":[5.945,6.363,0],"ix":1},"s":{"a":0,"k":[100,100,100],"ix":6},"sk":{"a":0,"k":0},"p":{"a":0,"k":[740.779,586.306,0],"ix":2},"r":{"a":0,"k":60,"ix":10},"sa":{"a":0,"k":0},"o":{"a":0,"k":100,"ix":11}},"ef":[],"shapes":[{"ty":"gr","bm":0,"hd":false,"mn":"ADBE Vector Group","nm":"Group 1","ix":1,"cix":2,"np":2,"it":[{"ty":"sh","bm":0,"hd":false,"mn":"ADBE Vector Shape - Group","nm":"Path 1","ix":1,"d":1,"ks":{"a":0,"k":{"c":true,"i":[[-3.292,-14.427],[0,0],[0,0]],"o":[[1.465,6.418],[0,0],[-2.89,-7.994]],"v":[[-7.661,-2.562],[2.627,9.629],[8.101,1.857]]},"ix":2}},{"ty":"fl","bm":0,"hd":false,"mn":"ADBE Vector Graphic - Fill","nm":"Fill 1","c":{"a":0,"k":[0.1804,0.2118,0.2235],"ix":4},"r":1,"o":{"a":0,"k":100,"ix":5}},{"ty":"tr","a":{"a":0,"k":[0,0],"ix":1},"s":{"a":0,"k":[100,100],"ix":3},"sk":{"a":0,"k":0,"ix":4},"p":{"a":0,"k":[0,0],"ix":2},"r":{"a":0,"k":0,"ix":6},"sa":{"a":0,"k":0,"ix":5},"o":{"a":0,"k":100,"ix":7}}]}],"ind":39,"parent":34},{"ty":4,"nm":"Shape Layer 1","sr":1,"st":0,"op":300.3003003003,"ip":0,"hd":false,"ddd":0,"bm":0,"hasMask":false,"ao":0,"ks":{"a":{"a":0,"k":[-105.28,20.797,0],"ix":1},"s":{"a":0,"k":[100,100,100],"ix":6},"sk":{"a":0,"k":0},"p":{"a":0,"k":[-102.384,-61.68,0],"ix":2},"r":{"a":0,"k":-86,"ix":10},"sa":{"a":0,"k":0},"o":{"a":0,"k":100,"ix":11}},"ef":[],"shapes":[{"ty":"gr","bm":0,"hd":false,"mn":"ADBE Vector Group","nm":"Shape 1","ix":1,"cix":2,"np":3,"it":[{"ty":"sh","bm":0,"hd":false,"mn":"ADBE Vector Shape - Group","nm":"Path 1","ix":1,"d":1,"ks":{"a":1,"k":[{"o":{"x":0.333,"y":0},"i":{"x":0.667,"y":1},"s":[{"c":false,"i":[[0,0],[0,0],[0,0]],"o":[[0,0],[0,0],[0,0]],"v":[[-238,-39],[-184,10],[-91,24]]}],"t":0},{"s":[{"c":false,"i":[[0,0],[0,0],[0,0]],"o":[[0,0],[0,0],[0,0]],"v":[[-234.324,27.907],[-162.2,-36.634],[-95.779,27.341]]}],"t":30}],"ix":2}},{"ty":"st","bm":0,"hd":false,"mn":"ADBE Vector Graphic - Stroke","nm":"Stroke 1","lc":2,"lj":2,"ml":1,"o":{"a":0,"k":100,"ix":4},"w":{"a":0,"k":30,"ix":5},"c":{"a":0,"k":[0.1882,0.2118,0.2235],"ix":3}},{"ty":"tr","a":{"a":0,"k":[0,0],"ix":1},"s":{"a":0,"k":[100,100],"ix":3},"sk":{"a":0,"k":0,"ix":4},"p":{"a":0,"k":[1,13],"ix":2},"r":{"a":0,"k":0,"ix":6},"sa":{"a":0,"k":0,"ix":5},"o":{"a":0,"k":100,"ix":7}}]}],"ind":40,"parent":26},{"ty":4,"nm":"Shape Layer 2","sr":1,"st":0,"op":300.3003003003,"ip":0,"hd":false,"ddd":0,"bm":0,"hasMask":false,"ao":0,"ks":{"a":{"a":0,"k":[66,11,0],"ix":1},"s":{"a":0,"k":[100,100,100],"ix":6},"sk":{"a":0,"k":0},"p":{"a":0,"k":[82.616,-62.68,0],"ix":2},"r":{"a":0,"k":34,"ix":10},"sa":{"a":0,"k":0},"o":{"a":0,"k":100,"ix":11}},"ef":[],"shapes":[{"ty":"gr","bm":0,"hd":false,"mn":"ADBE Vector Group","nm":"Shape 1","ix":1,"cix":2,"np":3,"it":[{"ty":"sh","bm":0,"hd":false,"mn":"ADBE Vector Shape - Group","nm":"Path 1","ix":1,"d":1,"ks":{"a":1,"k":[{"o":{"x":0.333,"y":0},"i":{"x":0.667,"y":1},"s":[{"c":false,"i":[[0,0],[0,0],[0,0]],"o":[[0,0],[0,0],[0,0]],"v":[[68,12],[126,53],[197,74]]}],"t":0},{"s":[{"c":false,"i":[[0,0],[0,0],[0,0]],"o":[[0,0],[0,0],[0,0]],"v":[[65.185,4.249],[145.029,32.928],[143.382,108.959]]}],"t":30}],"ix":2}},{"ty":"st","bm":0,"hd":false,"mn":"ADBE Vector Graphic - Stroke","nm":"Stroke 1","lc":1,"lj":2,"ml":1,"o":{"a":0,"k":100,"ix":4},"w":{"a":0,"k":30,"ix":5},"c":{"a":0,"k":[0.1882,0.2118,0.2235],"ix":3}},{"ty":"tr","a":{"a":0,"k":[0,0],"ix":1},"s":{"a":0,"k":[100,100],"ix":3},"sk":{"a":0,"k":0,"ix":4},"p":{"a":0,"k":[0,0],"ix":2},"r":{"a":0,"k":0,"ix":6},"sa":{"a":0,"k":0,"ix":5},"o":{"a":0,"k":100,"ix":7}}]}],"ind":41,"parent":26},{"ty":4,"nm":"Shape Layer 4","sr":1,"st":0,"op":238,"ip":0,"hd":false,"ddd":0,"bm":0,"hasMask":false,"ao":0,"ks":{"a":{"a":0,"k":[-72,142,0],"ix":1},"s":{"a":0,"k":[-100,100,100],"ix":6},"sk":{"a":0,"k":0},"p":{"a":0,"k":[611,820,0],"ix":2},"r":{"a":0,"k":0,"ix":10},"sa":{"a":0,"k":0},"o":{"a":0,"k":100,"ix":11}},"ef":[],"shapes":[{"ty":"gr","bm":0,"hd":false,"mn":"ADBE Vector Group","nm":"Shape 1","ix":1,"cix":2,"np":3,"it":[{"ty":"sh","bm":0,"hd":false,"mn":"ADBE Vector Shape - Group","nm":"Path 1","ix":1,"d":1,"ks":{"a":0,"k":{"c":false,"i":[[0,0],[0,0],[0,0],[0,0]],"o":[[0,0],[0,0],[0,0],[0,0]],"v":[[-73,143],[-76.5,192.5],[-69.168,252.733],[-89,255]]},"ix":2}},{"ty":"st","bm":0,"hd":false,"mn":"ADBE Vector Graphic - Stroke","nm":"Stroke 1","lc":2,"lj":2,"ml":1,"o":{"a":0,"k":100,"ix":4},"w":{"a":0,"k":30,"ix":5},"c":{"a":0,"k":[0.1882,0.2118,0.2235],"ix":3}},{"ty":"tr","a":{"a":0,"k":[0,0],"ix":1},"s":{"a":0,"k":[100,100],"ix":3},"sk":{"a":0,"k":0,"ix":4},"p":{"a":0,"k":[0,0],"ix":2},"r":{"a":0,"k":0,"ix":6},"sa":{"a":0,"k":0,"ix":5},"o":{"a":0,"k":100,"ix":7}}]}],"ind":42},{"ty":4,"nm":"Shape Layer 3","sr":1,"st":0,"op":238,"ip":0,"hd":false,"ddd":0,"bm":0,"hasMask":false,"ao":0,"ks":{"a":{"a":0,"k":[-72,142,0],"ix":1},"s":{"a":0,"k":[100,100,100],"ix":6},"sk":{"a":0,"k":0},"p":{"a":0,"k":[500,822,0],"ix":2},"r":{"a":0,"k":0,"ix":10},"sa":{"a":0,"k":0},"o":{"a":0,"k":100,"ix":11}},"ef":[],"shapes":[{"ty":"gr","bm":0,"hd":false,"mn":"ADBE Vector Group","nm":"Shape 1","ix":1,"cix":2,"np":3,"it":[{"ty":"sh","bm":0,"hd":false,"mn":"ADBE Vector Shape - Group","nm":"Path 1","ix":1,"d":1,"ks":{"a":0,"k":{"c":false,"i":[[0,0],[0,0],[0,0],[0,0]],"o":[[0,0],[0,0],[0,0],[0,0]],"v":[[-73,143],[-76.5,192.5],[-69.168,252.733],[-89,255]]},"ix":2}},{"ty":"st","bm":0,"hd":false,"mn":"ADBE Vector Graphic - Stroke","nm":"Stroke 1","lc":2,"lj":2,"ml":1,"o":{"a":0,"k":100,"ix":4},"w":{"a":0,"k":30,"ix":5},"c":{"a":0,"k":[0.1882,0.2118,0.2235],"ix":3}},{"ty":"tr","a":{"a":0,"k":[0,0],"ix":1},"s":{"a":0,"k":[100,100],"ix":3},"sk":{"a":0,"k":0,"ix":4},"p":{"a":0,"k":[0,0],"ix":2},"r":{"a":0,"k":0,"ix":6},"sa":{"a":0,"k":0,"ix":5},"o":{"a":0,"k":100,"ix":7}}]}],"ind":43},{"ty":4,"nm":"Merged Shape Layer","sr":1,"st":0,"op":300.3003003003,"ip":0,"hd":false,"ddd":0,"bm":0,"hasMask":false,"ao":0,"ks":{"a":{"a":0,"k":[644.218,420.443,0],"ix":1},"s":{"a":0,"k":[100,100,100],"ix":6},"sk":{"a":0,"k":0},"p":{"a":1,"k":[{"o":{"x":0.333,"y":0},"i":{"x":0.667,"y":1},"s":[123.576,-5.063,0],"t":30,"ti":[0.5,0,0],"to":[-3.333,0,0]},{"o":{"x":0.333,"y":0},"i":{"x":0.667,"y":1},"s":[103.576,-5.063,0],"t":59,"ti":[-0.833,0,0],"to":[-0.5,0,0]},{"o":{"x":0.333,"y":0},"i":{"x":0.667,"y":1},"s":[120.576,-5.063,0],"t":74,"ti":[-0.833,0,0],"to":[0.833,0,0]},{"o":{"x":0.333,"y":0},"i":{"x":0.667,"y":1},"s":[108.576,-5.063,0],"t":89,"ti":[-2.833,0,0],"to":[0.833,0,0]},{"s":[125.576,-5.063,0],"t":104}],"ix":2},"r":{"a":0,"k":0,"ix":10},"sa":{"a":0,"k":0},"o":{"a":0,"k":100,"ix":11}},"ef":[],"shapes":[{"ty":"gr","bm":0,"hd":false,"mn":"ADBE Vector Group","nm":"Layer 49","ix":1,"cix":2,"np":1,"it":[{"ty":"gr","bm":0,"hd":false,"mn":"ADBE Vector Group","nm":"Group 1","ix":1,"cix":2,"np":2,"it":[{"ty":"sh","bm":0,"hd":false,"mn":"ADBE Vector Shape - Group","nm":"Path 1","ix":1,"d":1,"ks":{"a":0,"k":{"c":true,"i":[[8.518,5.914],[1.882,-3.125],[-3.245,-2.253],[-0.128,-4.745],[0.247,9.201]],"o":[[-3.258,-2.262],[-2.157,3.584],[4.128,2.866],[0.246,9.175],[-0.271,-10.14]],"v":[[-1.189,-15.51],[-11.217,-12.95],[-8.586,-3.196],[-2.445,9.657],[12.213,9.657]]},"ix":2}},{"ty":"fl","bm":0,"hd":false,"mn":"ADBE Vector Graphic - Fill","nm":"Fill 1","c":{"a":0,"k":[0.3333,0.3765,0.3961],"ix":4},"r":1,"o":{"a":0,"k":100,"ix":5}},{"ty":"tr","a":{"a":0,"k":[0,0],"ix":1},"s":{"a":0,"k":[100,100],"ix":3},"sk":{"a":0,"k":0,"ix":4},"p":{"a":0,"k":[0,0],"ix":2},"r":{"a":0,"k":0,"ix":6},"sa":{"a":0,"k":0,"ix":5},"o":{"a":0,"k":100,"ix":7}}]},{"ty":"tr","a":{"a":0,"k":[0,0],"ix":1},"s":{"a":0,"k":[100,100],"ix":3},"sk":{"a":0,"k":0,"ix":4},"p":{"a":0,"k":[656.079,385.362],"ix":2},"r":{"a":0,"k":0,"ix":6},"sa":{"a":0,"k":0,"ix":5},"o":{"a":0,"k":100,"ix":7}}]},{"ty":"gr","bm":0,"hd":false,"mn":"ADBE Vector Group","nm":"Layer 34 - Group 1","ix":2,"cix":2,"np":1,"it":[{"ty":"gr","bm":0,"hd":false,"mn":"ADBE Vector Group","nm":"Group 1","ix":1,"cix":2,"np":1,"it":[{"ty":"gr","bm":0,"hd":false,"mn":"ADBE Vector Group","nm":"Group 1","ix":1,"cix":2,"np":2,"it":[{"ty":"sh","bm":0,"hd":false,"mn":"ADBE Vector Shape - Group","nm":"Path 1","ix":1,"d":1,"ks":{"a":0,"k":{"c":true,"i":[[3.136,-10.007],[11.551,0],[0,0],[0,11.037],[0,0],[-5.923,0],[0,0],[-3.139,9.981],[2.756,17.908],[-1.379,-5.137]],"o":[[-3.139,9.981],[0,0],[-11.551,0],[0,0],[3.78,3.794],[0,0],[11.552,0],[2.842,-9.039],[1.935,3.022],[3.928,14.74]],"v":[[34.19,30.553],[13.286,50.542],[-15.944,50.542],[-36.847,30.553],[-36.847,27.304],[-21.807,33.434],[7.421,33.434],[28.327,13.443],[29.323,-50.542],[34.19,-38.421]]},"ix":2}},{"ty":"fl","bm":0,"hd":false,"mn":"ADBE Vector Graphic - Fill","nm":"Fill 1","c":{"a":0,"k":[0.1373,0.1686,0.1843],"ix":4},"r":1,"o":{"a":0,"k":100,"ix":5}},{"ty":"tr","a":{"a":0,"k":[0,0],"ix":1},"s":{"a":0,"k":[100,100],"ix":3},"sk":{"a":0,"k":0,"ix":4},"p":{"a":0,"k":[0,0],"ix":2},"r":{"a":0,"k":0,"ix":6},"sa":{"a":0,"k":0,"ix":5},"o":{"a":0,"k":100,"ix":7}}]},{"ty":"tr","a":{"a":0,"k":[0,0],"ix":1},"s":{"a":0,"k":[100,100],"ix":3},"sk":{"a":0,"k":0,"ix":4},"p":{"a":0,"k":[644.218,424.375],"ix":2},"r":{"a":0,"k":0,"ix":6},"sa":{"a":0,"k":0,"ix":5},"o":{"a":0,"k":100,"ix":7}}]},{"ty":"tr","a":{"a":0,"k":[644.218,424.375],"ix":1},"s":{"a":0,"k":[100,100],"ix":3},"sk":{"a":0,"k":0,"ix":4},"p":{"a":0,"k":[644.218,424.375],"ix":2},"r":{"a":0,"k":0,"ix":6},"sa":{"a":0,"k":0,"ix":5},"o":{"a":0,"k":100,"ix":7}}]},{"ty":"gr","bm":0,"hd":false,"mn":"ADBE Vector Group","nm":"Layer 34 - Group 2","ix":3,"cix":2,"np":1,"it":[{"ty":"gr","bm":0,"hd":false,"mn":"ADBE Vector Group","nm":"Group 2","ix":1,"cix":2,"np":1,"it":[{"ty":"gr","bm":0,"hd":false,"mn":"ADBE Vector Group","nm":"Group 1","ix":1,"cix":2,"np":2,"it":[{"ty":"sh","bm":0,"hd":false,"mn":"ADBE Vector Shape - Group","nm":"Path 1","ix":1,"d":1,"ks":{"a":0,"k":{"c":true,"i":[[0,0],[-11.539,0],[0,0],[-3.133,9.998],[3.918,14.741],[11.538,0],[0,0],[0,-11.043]],"o":[[0,11.045],[0,0],[11.538,0],[3.133,-9.995],[-3.917,-14.743],[0,0],[-11.539,0],[0,0]],"v":[[-36.845,34.48],[-15.952,54.471],[13.299,54.471],[34.193,34.48],[34.193,-34.477],[13.299,-54.471],[-15.952,-54.471],[-36.845,-34.477]]},"ix":2}},{"ty":"fl","bm":0,"hd":false,"mn":"ADBE Vector Graphic - Fill","nm":"Fill 1","c":{"a":0,"k":[0.1882,0.2118,0.2235],"ix":4},"r":1,"o":{"a":0,"k":100,"ix":5}},{"ty":"tr","a":{"a":0,"k":[0,0],"ix":1},"s":{"a":0,"k":[100,100],"ix":3},"sk":{"a":0,"k":0,"ix":4},"p":{"a":0,"k":[0,0],"ix":2},"r":{"a":0,"k":0,"ix":6},"sa":{"a":0,"k":0,"ix":5},"o":{"a":0,"k":100,"ix":7}}]},{"ty":"tr","a":{"a":0,"k":[0,0],"ix":1},"s":{"a":0,"k":[100,100],"ix":3},"sk":{"a":0,"k":0,"ix":4},"p":{"a":0,"k":[644.215,420.44],"ix":2},"r":{"a":0,"k":0,"ix":6},"sa":{"a":0,"k":0,"ix":5},"o":{"a":0,"k":100,"ix":7}}]},{"ty":"tr","a":{"a":0,"k":[644.214,420.44],"ix":1},"s":{"a":0,"k":[100,100],"ix":3},"sk":{"a":0,"k":0,"ix":4},"p":{"a":0,"k":[644.215,420.44],"ix":2},"r":{"a":0,"k":0,"ix":6},"sa":{"a":0,"k":0,"ix":5},"o":{"a":0,"k":100,"ix":7}}]}],"ind":44,"parent":19},{"ty":4,"nm":"Merged Shape Layer","sr":1,"st":0,"op":300.3003003003,"ip":0,"hd":false,"ddd":0,"bm":0,"hasMask":false,"ao":0,"ks":{"a":{"a":0,"k":[404.539,420.443,0],"ix":1},"s":{"a":0,"k":[100,100,100],"ix":6},"sk":{"a":0,"k":0},"p":{"a":1,"k":[{"o":{"x":0.333,"y":0},"i":{"x":0.667,"y":1},"s":[-124.103,-4.063,0],"t":30,"ti":[-2.833,0,0],"to":[0.333,0,0]},{"o":{"x":0.333,"y":0},"i":{"x":0.667,"y":1},"s":[-122.103,-4.063,0],"t":59,"ti":[0.5,0,0],"to":[2.833,0,0]},{"o":{"x":0.333,"y":0},"i":{"x":0.667,"y":1},"s":[-107.103,-4.063,0],"t":74,"ti":[-0.333,0,0],"to":[-0.5,0,0]},{"o":{"x":0.333,"y":0},"i":{"x":0.667,"y":1},"s":[-125.103,-4.063,0],"t":89,"ti":[0,0,0],"to":[0.333,0,0]},{"o":{"x":0.333,"y":0},"i":{"x":0.667,"y":1},"s":[-105.103,-4.063,0],"t":104,"ti":[3.333,0,0],"to":[0,0,0]},{"s":[-125.103,-4.063,0],"t":121}],"ix":2},"r":{"a":0,"k":0,"ix":10},"sa":{"a":0,"k":0},"o":{"a":0,"k":100,"ix":11}},"ef":[],"shapes":[{"ty":"gr","bm":0,"hd":false,"mn":"ADBE Vector Group","nm":"Layer 48","ix":1,"cix":2,"np":1,"it":[{"ty":"gr","bm":0,"hd":false,"mn":"ADBE Vector Group","nm":"Group 1","ix":1,"cix":2,"np":2,"it":[{"ty":"sh","bm":0,"hd":false,"mn":"ADBE Vector Shape - Group","nm":"Path 1","ix":1,"d":1,"ks":{"a":0,"k":{"c":true,"i":[[7.711,-5.358],[-2.734,-18.254],[1.346,8.991],[0.062,7.518],[-5.937,4.126]],"o":[[-18.003,12.504],[1.359,9.07],[-1.115,-7.444],[-0.051,-6.073],[7.62,-5.29]],"v":[[1.195,-33.518],[-9.015,29.662],[5.121,25.87],[3.562,3.353],[8.593,-21.209]]},"ix":2}},{"ty":"fl","bm":0,"hd":false,"mn":"ADBE Vector Graphic - Fill","nm":"Fill 1","c":{"a":0,"k":[0.3333,0.3765,0.3961],"ix":4},"r":1,"o":{"a":0,"k":100,"ix":5}},{"ty":"tr","a":{"a":0,"k":[0,0],"ix":1},"s":{"a":0,"k":[100,100],"ix":3},"sk":{"a":0,"k":0,"ix":4},"p":{"a":0,"k":[0,0],"ix":2},"r":{"a":0,"k":0,"ix":6},"sa":{"a":0,"k":0,"ix":5},"o":{"a":0,"k":100,"ix":7}}]},{"ty":"tr","a":{"a":0,"k":[0,0],"ix":1},"s":{"a":0,"k":[100,100],"ix":3},"sk":{"a":0,"k":0,"ix":4},"p":{"a":0,"k":[384.388,405.274],"ix":2},"r":{"a":0,"k":0,"ix":6},"sa":{"a":0,"k":0,"ix":5},"o":{"a":0,"k":100,"ix":7}}]},{"ty":"gr","bm":0,"hd":false,"mn":"ADBE Vector Group","nm":"Layer 34 - Group 3","ix":2,"cix":2,"np":1,"it":[{"ty":"gr","bm":0,"hd":false,"mn":"ADBE Vector Group","nm":"Group 3","ix":1,"cix":2,"np":1,"it":[{"ty":"gr","bm":0,"hd":false,"mn":"ADBE Vector Group","nm":"Group 1","ix":1,"cix":2,"np":2,"it":[{"ty":"sh","bm":0,"hd":false,"mn":"ADBE Vector Shape - Group","nm":"Path 1","ix":1,"d":1,"ks":{"a":0,"k":{"c":true,"i":[[0,-5.392],[0,0],[11.522,0],[0,0],[3.136,9.981],[0.38,2.997],[-7.475,0],[0,0],[0,11.037],[0,0]],"o":[[0,0],[0,11.037],[0,0],[-11.522,0],[-0.498,-1.566],[3.606,5.676],[0,0],[11.522,0],[0,0],[3.636,3.593]],"v":[[36.164,-37.551],[36.164,31.423],[15.289,51.411],[-13.971,51.411],[-34.874,31.423],[-36.164,24.436],[-19.834,34.304],[9.426,34.304],[30.3,14.313],[30.3,-51.411]]},"ix":2}},{"ty":"fl","bm":0,"hd":false,"mn":"ADBE Vector Graphic - Fill","nm":"Fill 1","c":{"a":0,"k":[0.1882,0.2118,0.2235],"ix":4},"r":1,"o":{"a":0,"k":100,"ix":5}},{"ty":"tr","a":{"a":0,"k":[0,0],"ix":1},"s":{"a":0,"k":[100,100],"ix":3},"sk":{"a":0,"k":0,"ix":4},"p":{"a":0,"k":[0,0],"ix":2},"r":{"a":0,"k":0,"ix":6},"sa":{"a":0,"k":0,"ix":5},"o":{"a":0,"k":100,"ix":7}}]},{"ty":"tr","a":{"a":0,"k":[0,0],"ix":1},"s":{"a":0,"k":[100,100],"ix":3},"sk":{"a":0,"k":0,"ix":4},"p":{"a":0,"k":[405.207,423.505],"ix":2},"r":{"a":0,"k":0,"ix":6},"sa":{"a":0,"k":0,"ix":5},"o":{"a":0,"k":100,"ix":7}}]},{"ty":"tr","a":{"a":0,"k":[405.207,423.505],"ix":1},"s":{"a":0,"k":[100,100],"ix":3},"sk":{"a":0,"k":0,"ix":4},"p":{"a":0,"k":[405.207,423.505],"ix":2},"r":{"a":0,"k":0,"ix":6},"sa":{"a":0,"k":0,"ix":5},"o":{"a":0,"k":100,"ix":7}}]},{"ty":"gr","bm":0,"hd":false,"mn":"ADBE Vector Group","nm":"Layer 34 - Group 4","ix":3,"cix":2,"np":1,"it":[{"ty":"gr","bm":0,"hd":false,"mn":"ADBE Vector Group","nm":"Group 4","ix":1,"cix":2,"np":1,"it":[{"ty":"gr","bm":0,"hd":false,"mn":"ADBE Vector Group","nm":"Group 1","ix":1,"cix":2,"np":2,"it":[{"ty":"sh","bm":0,"hd":false,"mn":"ADBE Vector Shape - Group","nm":"Path 1","ix":1,"d":1,"ks":{"a":0,"k":{"c":true,"i":[[0,0],[11.539,0],[0,0],[3.135,9.998],[-3.918,14.741],[-11.538,0],[0,0],[0,-11.043]],"o":[[0,11.045],[0,0],[-11.538,0],[-3.133,-9.995],[3.917,-14.743],[0,0],[11.539,0],[0,0]],"v":[[36.845,34.48],[15.952,54.471],[-13.299,54.471],[-34.193,34.48],[-34.193,-34.477],[-13.299,-54.471],[15.952,-54.471],[36.845,-34.477]]},"ix":2}},{"ty":"fl","bm":0,"hd":false,"mn":"ADBE Vector Graphic - Fill","nm":"Fill 1","c":{"a":0,"k":[0.1373,0.1686,0.1843],"ix":4},"r":1,"o":{"a":0,"k":100,"ix":5}},{"ty":"tr","a":{"a":0,"k":[0,0],"ix":1},"s":{"a":0,"k":[100,100],"ix":3},"sk":{"a":0,"k":0,"ix":4},"p":{"a":0,"k":[0,0],"ix":2},"r":{"a":0,"k":0,"ix":6},"sa":{"a":0,"k":0,"ix":5},"o":{"a":0,"k":100,"ix":7}}]},{"ty":"tr","a":{"a":0,"k":[0,0],"ix":1},"s":{"a":0,"k":[100,100],"ix":3},"sk":{"a":0,"k":0,"ix":4},"p":{"a":0,"k":[404.539,420.44],"ix":2},"r":{"a":0,"k":0,"ix":6},"sa":{"a":0,"k":0,"ix":5},"o":{"a":0,"k":100,"ix":7}}]},{"ty":"tr","a":{"a":0,"k":[404.539,420.44],"ix":1},"s":{"a":0,"k":[100,100],"ix":3},"sk":{"a":0,"k":0,"ix":4},"p":{"a":0,"k":[404.539,420.44],"ix":2},"r":{"a":0,"k":0,"ix":6},"sa":{"a":0,"k":0,"ix":5},"o":{"a":0,"k":100,"ix":7}}]}],"ind":45,"parent":19}],"v":"5.7.5","fr":60,"op":238,"ip":0,"fonts":{"list":[{"ascent":104.648948558033,"fClass":"","fFamily":"Nunito ExtraBold","fStyle":"Regular","fName":"Nunito-ExtraBold","fPath":"","fWeight":"","origin":0}]},"chars":[{"ch":"O","fFamily":"Nunito ExtraBold","size":87,"style":"Regular","w":78.7,"data":{"shapes":[{"ty":"gr","bm":0,"hd":false,"mn":"ADBE Vector Group","nm":"O","ix":1,"cix":2,"np":5,"it":[{"ty":"sh","bm":0,"hd":false,"mn":"ADBE Vector Shape - Group","nm":"O","ix":1,"d":1,"ks":{"a":0,"k":{"c":true,"i":[[-7,0],[-5.167,2.967],[-2.8,5.434],[0,7.334],[2.8,5.434],[5.166,2.934],[7,0],[5.166,-2.933],[2.8,-5.433],[0,-7.333],[-2.8,-5.433],[-5.167,-2.966]],"o":[[7,0],[5.166,-2.966],[2.8,-5.433],[0,-7.333],[-2.8,-5.433],[-5.167,-2.933],[-7,0],[-5.167,2.934],[-2.8,5.434],[0,7.334],[2.8,5.434],[5.166,2.967]],"v":[[39.4,0.9],[57.65,-3.55],[69.6,-16.15],[73.8,-35.3],[69.6,-54.45],[57.65,-67],[39.4,-71.4],[21.15,-67],[9.2,-54.45],[5,-35.3],[9.2,-16.15],[21.15,-3.55]]},"ix":2}},{"ty":"sh","bm":0,"hd":false,"mn":"ADBE Vector Shape - Group","nm":"O","ix":2,"d":1,"ks":{"a":0,"k":{"c":true,"i":[[5.866,0],[3.333,4.134],[0,7.8],[-3.3,4.1],[-5.934,0],[-3.334,-4.1],[0,-7.8],[3.366,-4.133]],"o":[[-5.867,0],[-3.334,-4.133],[0,-7.8],[3.3,-4.1],[5.933,0],[3.333,4.1],[0,7.8],[-3.367,4.134]],"v":[[39.4,-11.2],[25.6,-17.4],[20.6,-35.3],[25.55,-53.15],[39.4,-59.3],[53.3,-53.15],[58.3,-35.3],[53.25,-17.4]]},"ix":2}}]}]}},{"ch":"h","fFamily":"Nunito ExtraBold","size":87,"style":"Regular","w":59.5,"data":{"shapes":[{"ty":"gr","bm":0,"hd":false,"mn":"ADBE Vector Group","nm":"h","ix":1,"cix":2,"np":3,"it":[{"ty":"sh","bm":0,"hd":false,"mn":"ADBE Vector Shape - Group","nm":"h","ix":1,"d":1,"ks":{"a":0,"k":{"c":true,"i":[[11.4,0],[2.733,-1.3],[1.733,-2.533],[0,0],[1.333,1.2],[2.2,0],[1.433,-1.266],[0,-2.066],[0,0],[-1.367,-1.266],[-2.334,0],[-1.334,1.267],[0,2.2],[0,0],[-1.9,2],[-3.134,0],[-1.234,-1.433],[0,-2.933],[0,0],[-1.334,-1.266],[-2.334,0],[-1.367,1.267],[0,2.2],[0,0]],"o":[[-3.467,0],[-2.734,1.3],[0,0],[0,-2],[-1.334,-1.2],[-2.334,0],[-1.434,1.267],[0,0],[0,2.2],[1.366,1.267],[2.333,0],[1.333,-1.266],[0,0],[0,-3.333],[1.9,-2],[2.6,0],[1.233,1.434],[0,0],[0,2.2],[1.333,1.267],[2.333,0],[1.366,-1.266],[0,0],[0,-13.8]],"v":[[36.9,-50.3],[27.6,-48.35],[20.9,-42.6],[20.9,-64.4],[18.9,-69.2],[13.6,-71],[7.95,-69.1],[5.8,-64.1],[5.8,-6.5],[7.85,-1.3],[13.4,0.6],[18.9,-1.3],[20.9,-6.5],[20.9,-27.5],[23.75,-35.5],[31.3,-38.5],[37.05,-36.35],[38.9,-29.8],[38.9,-6.5],[40.9,-1.3],[46.4,0.6],[51.95,-1.3],[54,-6.5],[54,-29.6]]},"ix":2}}]}]}},{"ch":"!","fFamily":"Nunito ExtraBold","size":87,"style":"Regular","w":26,"data":{"shapes":[{"ty":"gr","bm":0,"hd":false,"mn":"ADBE Vector Group","nm":"!","ix":1,"cix":2,"np":5,"it":[{"ty":"sh","bm":0,"hd":false,"mn":"ADBE Vector Shape - Group","nm":"!","ix":1,"d":1,"ks":{"a":0,"k":{"c":true,"i":[[-1.2,0],[-0.834,0.8],[-0.134,1.534],[0,0],[0,0.6],[1.733,1.467],[2.6,0],[1.733,-1.466],[0,-2.466],[-0.067,-0.333],[0,0],[-0.834,-0.8]],"o":[[1.2,0],[0.833,-0.8],[0,0],[0.066,-0.333],[0,-2.533],[-1.734,-1.466],[-2.6,0],[-1.734,1.467],[0,0.6],[0,0],[0.2,1.534],[0.833,0.8]],"v":[[13,-21.8],[16.05,-23],[17.5,-26.5],[22,-61.4],[22.1,-62.8],[19.5,-68.8],[13,-71],[6.5,-68.8],[3.9,-62.9],[4,-61.5],[8.4,-26.5],[9.95,-23]]},"ix":2}},{"ty":"sh","bm":0,"hd":false,"mn":"ADBE Vector Shape - Group","nm":"!","ix":2,"d":1,"ks":{"a":0,"k":{"c":true,"i":[[-2.467,0],[-1.6,1.634],[0,2.467],[1.6,1.634],[2.466,0],[1.6,-1.633],[0,-2.466],[-1.6,-1.633]],"o":[[2.466,0],[1.6,-1.633],[0,-2.466],[-1.6,-1.633],[-2.467,0],[-1.6,1.634],[0,2.467],[1.6,1.634]],"v":[[13,0.6],[19.1,-1.85],[21.5,-8],[19.1,-14.15],[13,-16.6],[6.9,-14.15],[4.5,-8],[6.9,-1.85]]},"ix":2}}]}]}},{"ch":" ","fFamily":"Nunito ExtraBold","size":87,"style":"Regular","w":27.9},{"ch":"N","fFamily":"Nunito ExtraBold","size":87,"style":"Regular","w":75.2,"data":{"shapes":[{"ty":"gr","bm":0,"hd":false,"mn":"ADBE Vector Group","nm":"N","ix":1,"cix":2,"np":3,"it":[{"ty":"sh","bm":0,"hd":false,"mn":"ADBE Vector Shape - Group","nm":"N","ix":1,"d":1,"ks":{"a":0,"k":{"c":true,"i":[[2.2,0],[1.333,-1.433],[0,-2.266],[0,0],[0,0],[2.466,0],[1.366,-1.433],[0,-2.266],[0,0],[-1.334,-1.433],[-2.2,0],[-1.3,1.434],[0,2.334],[0,0],[0,0],[-2.4,0],[-1.367,1.434],[0,2.334],[0,0],[1.366,1.434]],"o":[[-2.134,0],[-1.334,1.434],[0,0],[0,0],[-1.334,-1.733],[-2.2,0],[-1.367,1.434],[0,0],[0,2.334],[1.333,1.434],[2.2,0],[1.3,-1.433],[0,0],[0,0],[1.466,1.734],[2.2,0],[1.366,-1.433],[0,0],[0,-2.266],[-1.367,-1.433]],"v":[[60.8,-71],[55.6,-68.85],[53.6,-63.3],[53.6,-25.8],[20.1,-68.4],[14.4,-71],[9.05,-68.85],[7,-63.3],[7,-7.2],[9,-1.55],[14.3,0.6],[19.55,-1.55],[21.5,-7.2],[21.5,-44.9],[55,-2],[60.8,0.6],[66.15,-1.55],[68.2,-7.2],[68.2,-63.3],[66.15,-68.85]]},"ix":2}}]}]}},{"ch":"o","fFamily":"Nunito ExtraBold","size":87,"style":"Regular","w":58.8,"data":{"shapes":[{"ty":"gr","bm":0,"hd":false,"mn":"ADBE Vector Group","nm":"o","ix":1,"cix":2,"np":5,"it":[{"ty":"sh","bm":0,"hd":false,"mn":"ADBE Vector Shape - Group","nm":"o","ix":1,"d":1,"ks":{"a":0,"k":{"c":true,"i":[[-5.2,0],[-3.934,2.1],[-2.134,3.834],[0,5.2],[2.133,3.834],[3.933,2.067],[5.2,0],[3.933,-2.066],[2.133,-3.833],[0,-5.2],[-2.134,-3.833],[-3.934,-2.1]],"o":[[5.2,0],[3.933,-2.1],[2.133,-3.833],[0,-5.2],[-2.134,-3.833],[-3.934,-2.066],[-5.2,0],[-3.934,2.067],[-2.134,3.834],[0,5.2],[2.133,3.834],[3.933,2.1]],"v":[[29.4,0.8],[43.1,-2.35],[52.2,-11.25],[55.4,-24.8],[52.2,-38.35],[43.1,-47.2],[29.4,-50.3],[15.7,-47.2],[6.6,-38.35],[3.4,-24.8],[6.6,-11.25],[15.7,-2.35]]},"ix":2}},{"ty":"sh","bm":0,"hd":false,"mn":"ADBE Vector Shape - Group","nm":"o","ix":2,"d":1,"ks":{"a":0,"k":{"c":true,"i":[[7.333,0],[0,9.4],[-7.334,0],[-1.9,-2.333],[0,-4.733]],"o":[[-7.334,0],[0,-9.4],[3.533,0],[1.9,2.334],[0,9.4]],"v":[[29.4,-10.7],[18.4,-24.8],[29.4,-38.9],[37.55,-35.4],[40.4,-24.8]]},"ix":2}}]}]}}],"assets":[]}