{"v":"5.9.3","fr":29.9700012207031,"ip":0,"op":71.0000028918893,"w":236,"h":236,"nm":"Ã¬Â»Â´Ã­ÂÂ¬Ã¬Â§ÂÃ¬ÂÂ 1","ddd":0,"assets":[],"layers":[{"ddd":0,"ind":1,"ty":4,"nm":"heart 2","sr":1,"ks":{"o":{"a":0,"k":100,"ix":11},"r":{"a":0,"k":0,"ix":10},"p":{"a":0,"k":[122,124,0],"ix":2,"l":2},"a":{"a":0,"k":[0,0,0],"ix":1,"l":2},"s":{"a":0,"k":[100,100,100],"ix":6,"l":2}},"ao":0,"shapes":[{"ty":"gr","it":[{"ind":0,"ty":"sh","ix":1,"ks":{"a":0,"k":{"i":[[2.768,-1.395],[2.314,10.127],[-1.494,2.961],[-3.774,0.058],[-1.429,-3.794],[-3.83,-0.059],[-1.323,-2.62],[0.39,-1.708]],"o":[[-2.768,-1.395],[-0.39,-1.708],[1.323,-2.62],[3.83,-0.059],[1.429,-3.794],[3.774,0.058],[1.494,2.961],[-2.314,10.127]],"v":[[-4.325,-8.901],[-21.646,-26.472],[-21.173,-34.097],[-13.143,-39.294],[-4.325,-33.065],[4.494,-39.294],[12.524,-34.097],[12.996,-26.472]],"c":true},"ix":2},"nm":"Ã­ÂÂ¨Ã¬ÂÂ¤ 1","mn":"ADBE Vector Shape - Group","hd":false},{"ty":"tm","s":{"a":1,"k":[{"i":{"x":[0.833],"y":[0.833]},"o":{"x":[0.167],"y":[0.167]},"t":0,"s":[50]},{"t":6.00000024438501,"s":[0]}],"ix":1},"e":{"a":1,"k":[{"i":{"x":[0.833],"y":[0.833]},"o":{"x":[0.167],"y":[0.167]},"t":0,"s":[50]},{"t":6.00000024438501,"s":[100]}],"ix":2},"o":{"a":0,"k":0,"ix":3},"m":1,"ix":2,"nm":"Ã­ÂÂ¨Ã¬ÂÂ¤ Ã«ÂÂ¤Ã«ÂÂ¬Ã¬ÂÂ´ Ã¬ÂÂÃ«Â¥Â´ÃªÂ¸Â° 1","mn":"ADBE Vector Filter - Trim","hd":false},{"ty":"st","c":{"a":0,"k":[0.219607858097,0.988235353956,0.768627510819,1],"ix":3},"o":{"a":0,"k":100,"ix":4},"w":{"a":0,"k":3,"ix":5},"lc":2,"lj":2,"bm":0,"nm":"Ã¬ÂÂ  1","mn":"ADBE Vector Graphic - Stroke","hd":false},{"ty":"tr","p":{"a":0,"k":[0.028,0.004],"ix":2},"a":{"a":0,"k":[0,0],"ix":1},"s":{"a":0,"k":[100,100],"ix":3},"r":{"a":0,"k":0,"ix":6},"o":{"a":0,"k":100,"ix":7},"sk":{"a":0,"k":0,"ix":4},"sa":{"a":0,"k":0,"ix":5},"nm":"Ã«Â³ÂÃ­ÂÂ"}],"nm":"ÃªÂ·Â¸Ã«Â£Â¹ 1","np":3,"cix":2,"bm":0,"ix":1,"mn":"ADBE Vector Group","hd":false}],"ip":0,"op":150.000006109625,"st":0,"ct":1,"bm":0},{"ddd":0,"ind":2,"ty":4,"nm":"Ã¬Â±ÂÃ¬ÂÂÃ­ÂÂÃ­ÂÂ¸","sr":1,"ks":{"o":{"a":0,"k":100,"ix":11},"r":{"a":0,"k":0,"ix":10},"p":{"a":0,"k":[122,124,0],"ix":2,"l":2},"a":{"a":0,"k":[0,0,0],"ix":1,"l":2},"s":{"a":0,"k":[100,100,100],"ix":6,"l":2}},"ao":0,"shapes":[{"ty":"gr","it":[{"ind":0,"ty":"sh","ix":1,"ks":{"a":1,"k":[{"i":{"x":0.833,"y":0.833},"o":{"x":0.167,"y":0.167},"t":6,"s":[{"i":[[2.335,0.265],[0.523,0.327],[-4,-0.25],[0.085,0.39],[2.867,-0.902],[2.648,0.202]],"o":[[-1.153,-0.131],[0.71,0.765],[4,0.25],[-1.352,0.14],[-0.602,0.265],[-1.29,-0.485]],"v":[[-8.062,-11.562],[-10.312,-11.875],[-4.5,-9],[4.125,-13.375],[-1.188,-10.812],[-5.5,-10.688]],"c":true}]},{"i":{"x":0.833,"y":0.833},"o":{"x":0.167,"y":0.167},"t":10,"s":[{"i":[[4.941,1.006],[-0.801,-1.024],[-4,-0.25],[-0.776,1.216],[1.559,1.4],[3.554,-2.128]],"o":[[-0.053,1.34],[1.418,1.57],[4,0.25],[0.142,-0.951],[-1.559,-1.4],[-3.554,2.128]],"v":[[-14.73,-15.991],[-12.384,-13.79],[-4.5,-9],[6.568,-16.44],[5.395,-19.585],[-4.486,-17.239]],"c":true}]},{"i":{"x":0.833,"y":0.833},"o":{"x":0.167,"y":0.167},"t":14,"s":[{"i":[[6.858,-3.565],[-2.125,-2.375],[-4,-0.25],[-1.637,2.042],[0.733,2.248],[5.193,4.571]],"o":[[1.046,2.81],[2.125,2.375],[4,0.25],[1.637,-2.042],[-2.76,-0.481],[-5.193,-4.571]],"v":[[-21.398,-26.17],[-14.455,-15.705],[-4.5,-9],[9.011,-19.506],[11.727,-24.358],[-4.472,-21.54]],"c":true}]},{"i":{"x":0.833,"y":0.833},"o":{"x":0.167,"y":0.167},"t":19,"s":[{"i":[[8.401,-1.167],[-2.125,-2.375],[-4,-0.25],[-1.422,4.519],[1.506,2.179],[7.545,-0.377]],"o":[[-0.599,3.021],[2.125,2.375],[4,0.25],[1.422,-4.519],[-2.407,-1.394],[-6.517,1.185]],"v":[[-21.691,-30.444],[-16.424,-17.674],[-4.5,-9],[11.505,-23.669],[10.629,-31.659],[-4.397,-31.358]],"c":true}]},{"t":23.0000009368092,"s":[{"i":[[6.41,-4.889],[-2.125,-2.375],[-4,-0.25],[-1.25,6.5],[2.125,2.125],[5,-6.125]],"o":[[-7.375,5.625],[2.125,2.375],[4,0.25],[1.25,-6.5],[-2.125,-2.125],[-2.875,-2.875]],"v":[[-19,-37.125],[-18,-19.25],[-4.5,-9],[13.5,-27],[9.75,-37.5],[-4,-34.375]],"c":true}]}],"ix":2},"nm":"Ã­ÂÂ¨Ã¬ÂÂ¤ 1","mn":"ADBE Vector Shape - Group","hd":false},{"ty":"st","c":{"a":0,"k":[0.219607858097,0.988235353956,0.768627510819,1],"ix":3},"o":{"a":0,"k":100,"ix":4},"w":{"a":0,"k":0,"ix":5},"lc":1,"lj":1,"ml":4,"bm":0,"nm":"Ã¬ÂÂ  1","mn":"ADBE Vector Graphic - Stroke","hd":false},{"ty":"fl","c":{"a":0,"k":[0.219607858097,0.988235353956,0.768627510819,1],"ix":4},"o":{"a":0,"k":100,"ix":5},"r":1,"bm":0,"nm":"Ã¬Â¹Â  1","mn":"ADBE Vector Graphic - Fill","hd":false},{"ty":"tr","p":{"a":0,"k":[0.04,0.11],"ix":2},"a":{"a":0,"k":[0,0],"ix":1},"s":{"a":0,"k":[100,100],"ix":3},"r":{"a":0,"k":0,"ix":6},"o":{"a":0,"k":100,"ix":7},"sk":{"a":0,"k":0,"ix":4},"sa":{"a":0,"k":0,"ix":5},"nm":"Ã«Â³ÂÃ­ÂÂ"}],"nm":"Ã«ÂªÂ¨Ã¬ÂÂ 1","np":3,"cix":2,"bm":0,"ix":1,"mn":"ADBE Vector Group","hd":false}],"ip":6.00000024438501,"op":156.00000635401,"st":6.00000024438501,"ct":1,"bm":0},{"ddd":0,"ind":3,"ty":4,"nm":"Layer 10","sr":1,"ks":{"o":{"a":0,"k":100,"ix":11},"r":{"a":0,"k":0,"ix":10},"p":{"a":0,"k":[122,124,0],"ix":2,"l":2},"a":{"a":0,"k":[0,0,0],"ix":1,"l":2},"s":{"a":0,"k":[100,100,100],"ix":6,"l":2}},"ao":0,"shapes":[{"ty":"gr","it":[{"ind":0,"ty":"sh","ix":1,"ks":{"a":0,"k":{"i":[[0,0],[0,0],[0,0],[0,0]],"o":[[0,0],[0,0],[0,0],[0,0]],"v":[[-17.762,-63.731],[-17.762,-53.698],[-9.771,-45.708],[-9.771,-38.672]],"c":false},"ix":2},"nm":"Ã­ÂÂ¨Ã¬ÂÂ¤ 1","mn":"ADBE Vector Shape - Group","hd":false},{"ty":"tm","s":{"a":1,"k":[{"i":{"x":[0.833],"y":[0.833]},"o":{"x":[0.167],"y":[0.167]},"t":16,"s":[100]},{"t":40.0000016292334,"s":[0]}],"ix":1},"e":{"a":0,"k":100,"ix":2},"o":{"a":0,"k":0,"ix":3},"m":1,"ix":2,"nm":"Ã­ÂÂ¨Ã¬ÂÂ¤ Ã«ÂÂ¤Ã«ÂÂ¬Ã¬ÂÂ´ Ã¬ÂÂÃ«Â¥Â´ÃªÂ¸Â° 1","mn":"ADBE Vector Filter - Trim","hd":false},{"ty":"st","c":{"a":0,"k":[0.219607843137,0.988235294118,0.76862745098,1],"ix":3},"o":{"a":0,"k":100,"ix":4},"w":{"a":0,"k":3,"ix":5},"lc":2,"lj":2,"bm":0,"nm":"Ã¬ÂÂ  1","mn":"ADBE Vector Graphic - Stroke","hd":false},{"ty":"tr","p":{"a":0,"k":[0,0],"ix":2},"a":{"a":0,"k":[0,0],"ix":1},"s":{"a":0,"k":[100,100],"ix":3},"r":{"a":0,"k":0,"ix":6},"o":{"a":0,"k":100,"ix":7},"sk":{"a":0,"k":0,"ix":4},"sa":{"a":0,"k":0,"ix":5},"nm":"Ã«Â³ÂÃ­ÂÂ"}],"nm":"ÃªÂ·Â¸Ã«Â£Â¹ 1","np":3,"cix":2,"bm":0,"ix":1,"mn":"ADBE Vector Group","hd":false},{"ty":"gr","it":[{"ind":0,"ty":"sh","ix":1,"ks":{"a":0,"k":{"i":[[-2.253,0.086],[-0.086,-2.252],[2.253,-0.086],[0.086,2.252]],"o":[[2.253,-0.086],[0.086,2.252],[-2.253,0.086],[-0.086,-2.252]],"v":[[-17.918,-71.889],[-13.683,-67.968],[-17.605,-63.734],[-21.841,-67.655]],"c":true},"ix":2},"nm":"Ã­ÂÂ¨Ã¬ÂÂ¤ 1","mn":"ADBE Vector Shape - Group","hd":false},{"ty":"tm","s":{"a":1,"k":[{"i":{"x":[0.833],"y":[0.833]},"o":{"x":[0.167],"y":[0.167]},"t":40,"s":[50]},{"t":56.0000022809268,"s":[0]}],"ix":1},"e":{"a":1,"k":[{"i":{"x":[0.833],"y":[0.833]},"o":{"x":[0.167],"y":[0.167]},"t":40,"s":[50]},{"t":56.0000022809268,"s":[100]}],"ix":2},"o":{"a":0,"k":0,"ix":3},"m":1,"ix":2,"nm":"Ã­ÂÂ¨Ã¬ÂÂ¤ Ã«ÂÂ¤Ã«ÂÂ¬Ã¬ÂÂ´ Ã¬ÂÂÃ«Â¥Â´ÃªÂ¸Â° 1","mn":"ADBE Vector Filter - Trim","hd":false},{"ty":"st","c":{"a":0,"k":[0.219607843137,0.988235294118,0.76862745098,1],"ix":3},"o":{"a":0,"k":100,"ix":4},"w":{"a":0,"k":3,"ix":5},"lc":2,"lj":2,"bm":0,"nm":"Ã¬ÂÂ  1","mn":"ADBE Vector Graphic - Stroke","hd":false},{"ty":"tr","p":{"a":0,"k":[0,0],"ix":2},"a":{"a":0,"k":[0,0],"ix":1},"s":{"a":0,"k":[100,100],"ix":3},"r":{"a":0,"k":0,"ix":6},"o":{"a":0,"k":100,"ix":7},"sk":{"a":0,"k":0,"ix":4},"sa":{"a":0,"k":0,"ix":5},"nm":"Ã«Â³ÂÃ­ÂÂ"}],"nm":"ÃªÂ·Â¸Ã«Â£Â¹ 2","np":3,"cix":2,"bm":0,"ix":2,"mn":"ADBE Vector Group","hd":false}],"ip":0,"op":150.000006109625,"st":0,"ct":1,"bm":0},{"ddd":0,"ind":4,"ty":4,"nm":"Layer 34","sr":1,"ks":{"o":{"a":0,"k":100,"ix":11},"r":{"a":0,"k":0,"ix":10},"p":{"a":0,"k":[122,124,0],"ix":2,"l":2},"a":{"a":0,"k":[0,0,0],"ix":1,"l":2},"s":{"a":0,"k":[100,100,100],"ix":6,"l":2}},"ao":0,"shapes":[{"ty":"gr","it":[{"ind":0,"ty":"sh","ix":1,"ks":{"a":0,"k":{"i":[[0,0],[0,0],[0,0],[0,0]],"o":[[0,0],[0,0],[0,0],[0,0]],"v":[[-30.075,-46.098],[-25.945,-41.968],[-20.35,-41.968],[-16.806,-38.424]],"c":false},"ix":2},"nm":"Ã­ÂÂ¨Ã¬ÂÂ¤ 1","mn":"ADBE Vector Shape - Group","hd":false},{"ty":"st","c":{"a":0,"k":[0.219607858097,0.988235353956,0.768627510819,1],"ix":3},"o":{"a":0,"k":100,"ix":4},"w":{"a":0,"k":3,"ix":5},"lc":2,"lj":2,"bm":0,"nm":"Ã¬ÂÂ  1","mn":"ADBE Vector Graphic - Stroke","hd":false},{"ty":"tm","s":{"a":1,"k":[{"i":{"x":[0.833],"y":[0.833]},"o":{"x":[0.167],"y":[0.167]},"t":16,"s":[100]},{"t":40.0000016292334,"s":[100]}],"ix":1},"e":{"a":1,"k":[{"i":{"x":[0.833],"y":[0.833]},"o":{"x":[0.167],"y":[0.167]},"t":16,"s":[100]},{"t":40.0000016292334,"s":[0]}],"ix":2},"o":{"a":0,"k":0,"ix":3},"m":1,"ix":3,"nm":"Ã­ÂÂ¨Ã¬ÂÂ¤ Ã«ÂÂ¤Ã«ÂÂ¬Ã¬ÂÂ´ Ã¬ÂÂÃ«Â¥Â´ÃªÂ¸Â° 1","mn":"ADBE Vector Filter - Trim","hd":false},{"ty":"tr","p":{"a":0,"k":[0,0],"ix":2},"a":{"a":0,"k":[0,0],"ix":1},"s":{"a":0,"k":[100,100],"ix":3},"r":{"a":0,"k":0,"ix":6},"o":{"a":0,"k":100,"ix":7},"sk":{"a":0,"k":0,"ix":4},"sa":{"a":0,"k":0,"ix":5},"nm":"Ã«Â³ÂÃ­ÂÂ"}],"nm":"ÃªÂ·Â¸Ã«Â£Â¹ 1","np":3,"cix":2,"bm":0,"ix":1,"mn":"ADBE Vector Group","hd":false},{"ty":"gr","it":[{"ind":0,"ty":"sh","ix":1,"ks":{"a":0,"k":{"i":[[-1.813,1.934],[-1.933,-1.812],[1.813,-1.934],[1.933,1.812]],"o":[[1.813,-1.934],[1.933,1.812],[-1.813,1.934],[-1.933,-1.812]],"v":[[-37.093,-52.764],[-30.31,-52.984],[-30.092,-46.2],[-36.875,-45.981]],"c":true},"ix":2},"nm":"Ã­ÂÂ¨Ã¬ÂÂ¤ 1","mn":"ADBE Vector Shape - Group","hd":false},{"ty":"st","c":{"a":0,"k":[0.219607858097,0.988235353956,0.768627510819,1],"ix":3},"o":{"a":0,"k":100,"ix":4},"w":{"a":0,"k":3,"ix":5},"lc":2,"lj":2,"bm":0,"nm":"Ã¬ÂÂ  1","mn":"ADBE Vector Graphic - Stroke","hd":false},{"ty":"tm","s":{"a":1,"k":[{"i":{"x":[0.833],"y":[0.833]},"o":{"x":[0.167],"y":[0.167]},"t":39,"s":[50]},{"t":55.0000022401959,"s":[0]}],"ix":1},"e":{"a":1,"k":[{"i":{"x":[0.833],"y":[0.833]},"o":{"x":[0.167],"y":[0.167]},"t":39,"s":[50]},{"t":55.0000022401959,"s":[100]}],"ix":2},"o":{"a":0,"k":0,"ix":3},"m":1,"ix":3,"nm":"Ã­ÂÂ¨Ã¬ÂÂ¤ Ã«ÂÂ¤Ã«ÂÂ¬Ã¬ÂÂ´ Ã¬ÂÂÃ«Â¥Â´ÃªÂ¸Â° 1","mn":"ADBE Vector Filter - Trim","hd":false},{"ty":"tr","p":{"a":0,"k":[0,0],"ix":2},"a":{"a":0,"k":[0,0],"ix":1},"s":{"a":0,"k":[100,100],"ix":3},"r":{"a":0,"k":0,"ix":6},"o":{"a":0,"k":100,"ix":7},"sk":{"a":0,"k":0,"ix":4},"sa":{"a":0,"k":0,"ix":5},"nm":"Ã«Â³ÂÃ­ÂÂ"}],"nm":"ÃªÂ·Â¸Ã«Â£Â¹ 2","np":3,"cix":2,"bm":0,"ix":2,"mn":"ADBE Vector Group","hd":false}],"ip":0,"op":150.000006109625,"st":0,"ct":1,"bm":0},{"ddd":0,"ind":5,"ty":4,"nm":"Layer 33","sr":1,"ks":{"o":{"a":0,"k":100,"ix":11},"r":{"a":0,"k":0,"ix":10},"p":{"a":0,"k":[122,124,0],"ix":2,"l":2},"a":{"a":0,"k":[0,0,0],"ix":1,"l":2},"s":{"a":0,"k":[100,100,100],"ix":6,"l":2}},"ao":0,"shapes":[{"ty":"gr","it":[{"ind":0,"ty":"sh","ix":1,"ks":{"a":0,"k":{"i":[[0,0],[0,0],[0,0],[0,0]],"o":[[0,0],[0,0],[0,0],[0,0]],"v":[[-40.164,-30.739],[-34.346,-30.739],[-27.524,-23.919],[-20.827,-23.919]],"c":false},"ix":2},"nm":"Ã­ÂÂ¨Ã¬ÂÂ¤ 1","mn":"ADBE Vector Shape - Group","hd":false},{"ty":"st","c":{"a":0,"k":[0.219607858097,0.988235353956,0.768627510819,1],"ix":3},"o":{"a":0,"k":100,"ix":4},"w":{"a":0,"k":3,"ix":5},"lc":2,"lj":2,"bm":0,"nm":"Ã¬ÂÂ  1","mn":"ADBE Vector Graphic - Stroke","hd":false},{"ty":"tm","s":{"a":1,"k":[{"i":{"x":[0.833],"y":[0.833]},"o":{"x":[0.167],"y":[0.167]},"t":16,"s":[100]},{"t":40.0000016292334,"s":[100]}],"ix":1},"e":{"a":1,"k":[{"i":{"x":[0.833],"y":[0.833]},"o":{"x":[0.167],"y":[0.167]},"t":16,"s":[100]},{"t":40.0000016292334,"s":[0]}],"ix":2},"o":{"a":0,"k":0,"ix":3},"m":1,"ix":3,"nm":"Ã­ÂÂ¨Ã¬ÂÂ¤ Ã«ÂÂ¤Ã«ÂÂ¬Ã¬ÂÂ´ Ã¬ÂÂÃ«Â¥Â´ÃªÂ¸Â° 1","mn":"ADBE Vector Filter - Trim","hd":false},{"ty":"tr","p":{"a":0,"k":[0,0],"ix":2},"a":{"a":0,"k":[0,0],"ix":1},"s":{"a":0,"k":[100,100],"ix":3},"r":{"a":0,"k":0,"ix":6},"o":{"a":0,"k":100,"ix":7},"sk":{"a":0,"k":0,"ix":4},"sa":{"a":0,"k":0,"ix":5},"nm":"Ã«Â³ÂÃ­ÂÂ"}],"nm":"ÃªÂ·Â¸Ã«Â£Â¹ 1","np":3,"cix":2,"bm":0,"ix":1,"mn":"ADBE Vector Group","hd":false},{"ty":"gr","it":[{"ind":0,"ty":"sh","ix":1,"ks":{"a":0,"k":{"i":[[0.092,2.398],[-2.398,0.092],[-0.092,-2.398],[2.398,-0.092]],"o":[[-0.092,-2.398],[2.398,-0.092],[0.092,2.398],[-2.398,0.092]],"v":[[-48.92,-30.573],[-44.745,-35.082],[-40.237,-30.906],[-44.412,-26.396]],"c":true},"ix":2},"nm":"Ã­ÂÂ¨Ã¬ÂÂ¤ 1","mn":"ADBE Vector Shape - Group","hd":false},{"ty":"st","c":{"a":0,"k":[0.219607858097,0.988235353956,0.768627510819,1],"ix":3},"o":{"a":0,"k":100,"ix":4},"w":{"a":0,"k":3,"ix":5},"lc":2,"lj":2,"bm":0,"nm":"Ã¬ÂÂ  1","mn":"ADBE Vector Graphic - Stroke","hd":false},{"ty":"tm","s":{"a":1,"k":[{"i":{"x":[0.833],"y":[0.833]},"o":{"x":[0.167],"y":[0.167]},"t":39,"s":[50]},{"t":55.0000022401959,"s":[0]}],"ix":1},"e":{"a":1,"k":[{"i":{"x":[0.833],"y":[0.833]},"o":{"x":[0.167],"y":[0.167]},"t":39,"s":[50]},{"t":55.0000022401959,"s":[100]}],"ix":2},"o":{"a":0,"k":0,"ix":3},"m":1,"ix":3,"nm":"Ã­ÂÂ¨Ã¬ÂÂ¤ Ã«ÂÂ¤Ã«ÂÂ¬Ã¬ÂÂ´ Ã¬ÂÂÃ«Â¥Â´ÃªÂ¸Â° 1","mn":"ADBE Vector Filter - Trim","hd":false},{"ty":"tr","p":{"a":0,"k":[0,0],"ix":2},"a":{"a":0,"k":[0,0],"ix":1},"s":{"a":0,"k":[100,100],"ix":3},"r":{"a":0,"k":0,"ix":6},"o":{"a":0,"k":100,"ix":7},"sk":{"a":0,"k":0,"ix":4},"sa":{"a":0,"k":0,"ix":5},"nm":"Ã«Â³ÂÃ­ÂÂ"}],"nm":"ÃªÂ·Â¸Ã«Â£Â¹ 2","np":3,"cix":2,"bm":0,"ix":2,"mn":"ADBE Vector Group","hd":false}],"ip":0,"op":150.000006109625,"st":0,"ct":1,"bm":0},{"ddd":0,"ind":6,"ty":4,"nm":"Layer 32","sr":1,"ks":{"o":{"a":0,"k":100,"ix":11},"r":{"a":0,"k":0,"ix":10},"p":{"a":0,"k":[122,124,0],"ix":2,"l":2},"a":{"a":0,"k":[0,0,0],"ix":1,"l":2},"s":{"a":0,"k":[100,100,100],"ix":6,"l":2}},"ao":0,"shapes":[{"ty":"gr","it":[{"ind":0,"ty":"sh","ix":1,"ks":{"a":0,"k":{"i":[[0,0],[0,0],[0,0]],"o":[[0,0],[0,0],[0,0]],"v":[[-35.817,-12.545],[-23.87,-12.545],[-17.623,-18.748]],"c":false},"ix":2},"nm":"Ã­ÂÂ¨Ã¬ÂÂ¤ 1","mn":"ADBE Vector Shape - Group","hd":false},{"ty":"st","c":{"a":0,"k":[0.219607858097,0.988235353956,0.768627510819,1],"ix":3},"o":{"a":0,"k":100,"ix":4},"w":{"a":0,"k":3,"ix":5},"lc":2,"lj":2,"bm":0,"nm":"Ã¬ÂÂ  1","mn":"ADBE Vector Graphic - Stroke","hd":false},{"ty":"tm","s":{"a":1,"k":[{"i":{"x":[0.833],"y":[0.833]},"o":{"x":[0.167],"y":[0.167]},"t":16,"s":[100]},{"t":40.0000016292334,"s":[100]}],"ix":1},"e":{"a":1,"k":[{"i":{"x":[0.833],"y":[0.833]},"o":{"x":[0.167],"y":[0.167]},"t":16,"s":[100]},{"t":40.0000016292334,"s":[0]}],"ix":2},"o":{"a":0,"k":0,"ix":3},"m":1,"ix":3,"nm":"Ã­ÂÂ¨Ã¬ÂÂ¤ Ã«ÂÂ¤Ã«ÂÂ¬Ã¬ÂÂ´ Ã¬ÂÂÃ«Â¥Â´ÃªÂ¸Â° 1","mn":"ADBE Vector Filter - Trim","hd":false},{"ty":"tr","p":{"a":0,"k":[0,0],"ix":2},"a":{"a":0,"k":[0,0],"ix":1},"s":{"a":0,"k":[100,100],"ix":3},"r":{"a":0,"k":0,"ix":6},"o":{"a":0,"k":100,"ix":7},"sk":{"a":0,"k":0,"ix":4},"sa":{"a":0,"k":0,"ix":5},"nm":"Ã«Â³ÂÃ­ÂÂ"}],"nm":"ÃªÂ·Â¸Ã«Â£Â¹ 1","np":3,"cix":2,"bm":0,"ix":1,"mn":"ADBE Vector Group","hd":false},{"ty":"gr","it":[{"ind":0,"ty":"sh","ix":1,"ks":{"a":0,"k":{"i":[[-1.674,0.064],[-0.064,-1.674],[1.674,-0.064],[0.064,1.674]],"o":[[1.674,-0.064],[0.064,1.674],[-1.674,0.064],[-0.064,-1.674]],"v":[[-38.965,-15.626],[-35.817,-12.712],[-38.733,-9.565],[-41.88,-12.479]],"c":true},"ix":2},"nm":"Ã­ÂÂ¨Ã¬ÂÂ¤ 1","mn":"ADBE Vector Shape - Group","hd":false},{"ty":"st","c":{"a":0,"k":[0.219607858097,0.988235353956,0.768627510819,1],"ix":3},"o":{"a":0,"k":100,"ix":4},"w":{"a":0,"k":3,"ix":5},"lc":2,"lj":2,"bm":0,"nm":"Ã¬ÂÂ  1","mn":"ADBE Vector Graphic - Stroke","hd":false},{"ty":"tm","s":{"a":1,"k":[{"i":{"x":[0.833],"y":[0.833]},"o":{"x":[0.167],"y":[0.167]},"t":38,"s":[50]},{"t":54.0000021994651,"s":[0]}],"ix":1},"e":{"a":1,"k":[{"i":{"x":[0.833],"y":[0.833]},"o":{"x":[0.167],"y":[0.167]},"t":38,"s":[50]},{"t":54.0000021994651,"s":[100]}],"ix":2},"o":{"a":0,"k":0,"ix":3},"m":1,"ix":3,"nm":"Ã­ÂÂ¨Ã¬ÂÂ¤ Ã«ÂÂ¤Ã«ÂÂ¬Ã¬ÂÂ´ Ã¬ÂÂÃ«Â¥Â´ÃªÂ¸Â° 1","mn":"ADBE Vector Filter - Trim","hd":false},{"ty":"tr","p":{"a":0,"k":[-38.768,-12.512],"ix":2},"a":{"a":0,"k":[-38.768,-12.512],"ix":1},"s":{"a":0,"k":[100,100],"ix":3},"r":{"a":0,"k":-90,"ix":6},"o":{"a":0,"k":100,"ix":7},"sk":{"a":0,"k":0,"ix":4},"sa":{"a":0,"k":0,"ix":5},"nm":"Ã«Â³ÂÃ­ÂÂ"}],"nm":"ÃªÂ·Â¸Ã«Â£Â¹ 2","np":3,"cix":2,"bm":0,"ix":2,"mn":"ADBE Vector Group","hd":false}],"ip":0,"op":150.000006109625,"st":0,"ct":1,"bm":0},{"ddd":0,"ind":7,"ty":4,"nm":"Layer 31","sr":1,"ks":{"o":{"a":0,"k":100,"ix":11},"r":{"a":0,"k":0,"ix":10},"p":{"a":0,"k":[122,124,0],"ix":2,"l":2},"a":{"a":0,"k":[0,0,0],"ix":1,"l":2},"s":{"a":0,"k":[100,100,100],"ix":6,"l":2}},"ao":0,"shapes":[{"ty":"gr","it":[{"ind":0,"ty":"sh","ix":1,"ks":{"a":0,"k":{"i":[[0,0],[0,0],[0,0],[0,0]],"o":[[0,0],[0,0],[0,0],[0,0]],"v":[[-29.323,-0.414],[-21.421,-8.315],[-13.857,-8.315],[-10.028,-12.144]],"c":false},"ix":2},"nm":"Ã­ÂÂ¨Ã¬ÂÂ¤ 1","mn":"ADBE Vector Shape - Group","hd":false},{"ty":"st","c":{"a":0,"k":[0.219607858097,0.988235353956,0.768627510819,1],"ix":3},"o":{"a":0,"k":100,"ix":4},"w":{"a":0,"k":3,"ix":5},"lc":2,"lj":2,"bm":0,"nm":"Ã¬ÂÂ  1","mn":"ADBE Vector Graphic - Stroke","hd":false},{"ty":"tm","s":{"a":1,"k":[{"i":{"x":[0.833],"y":[0.833]},"o":{"x":[0.167],"y":[0.167]},"t":16,"s":[100]},{"t":40.0000016292334,"s":[100]}],"ix":1},"e":{"a":1,"k":[{"i":{"x":[0.833],"y":[0.833]},"o":{"x":[0.167],"y":[0.167]},"t":16,"s":[100]},{"t":40.0000016292334,"s":[0]}],"ix":2},"o":{"a":0,"k":0,"ix":3},"m":1,"ix":3,"nm":"Ã­ÂÂ¨Ã¬ÂÂ¤ Ã«ÂÂ¤Ã«ÂÂ¬Ã¬ÂÂ´ Ã¬ÂÂÃ«Â¥Â´ÃªÂ¸Â° 1","mn":"ADBE Vector Filter - Trim","hd":false},{"ty":"tr","p":{"a":0,"k":[0,0],"ix":2},"a":{"a":0,"k":[0,0],"ix":1},"s":{"a":0,"k":[100,100],"ix":3},"r":{"a":0,"k":0,"ix":6},"o":{"a":0,"k":100,"ix":7},"sk":{"a":0,"k":0,"ix":4},"sa":{"a":0,"k":0,"ix":5},"nm":"Ã«Â³ÂÃ­ÂÂ"}],"nm":"ÃªÂ·Â¸Ã«Â£Â¹ 1","np":3,"cix":2,"bm":0,"ix":1,"mn":"ADBE Vector Group","hd":false},{"ty":"gr","it":[{"ind":0,"ty":"sh","ix":1,"ks":{"a":0,"k":{"i":[[1.281,1.088],[-1.087,1.281],[-1.281,-1.088],[1.087,-1.281]],"o":[[-1.281,-1.088],[1.087,-1.281],[1.281,1.088],[-1.087,1.281]],"v":[[-33.438,4.097],[-33.789,-0.191],[-29.501,-0.541],[-29.15,3.747]],"c":true},"ix":2},"nm":"Ã­ÂÂ¨Ã¬ÂÂ¤ 1","mn":"ADBE Vector Shape - Group","hd":false},{"ty":"st","c":{"a":0,"k":[0.219607858097,0.988235353956,0.768627510819,1],"ix":3},"o":{"a":0,"k":100,"ix":4},"w":{"a":0,"k":3,"ix":5},"lc":2,"lj":2,"bm":0,"nm":"Ã¬ÂÂ  1","mn":"ADBE Vector Graphic - Stroke","hd":false},{"ty":"tm","s":{"a":1,"k":[{"i":{"x":[0.833],"y":[0.833]},"o":{"x":[0.167],"y":[0.167]},"t":39,"s":[50]},{"t":55.0000022401959,"s":[0]}],"ix":1},"e":{"a":1,"k":[{"i":{"x":[0.833],"y":[0.833]},"o":{"x":[0.167],"y":[0.167]},"t":39,"s":[50]},{"t":55.0000022401959,"s":[100]}],"ix":2},"o":{"a":0,"k":0,"ix":3},"m":1,"ix":3,"nm":"Ã­ÂÂ¨Ã¬ÂÂ¤ Ã«ÂÂ¤Ã«ÂÂ¬Ã¬ÂÂ´ Ã¬ÂÂÃ«Â¥Â´ÃªÂ¸Â° 1","mn":"ADBE Vector Filter - Trim","hd":false},{"ty":"tr","p":{"a":0,"k":[0,0],"ix":2},"a":{"a":0,"k":[0,0],"ix":1},"s":{"a":0,"k":[100,100],"ix":3},"r":{"a":0,"k":0,"ix":6},"o":{"a":0,"k":100,"ix":7},"sk":{"a":0,"k":0,"ix":4},"sa":{"a":0,"k":0,"ix":5},"nm":"Ã«Â³ÂÃ­ÂÂ"}],"nm":"ÃªÂ·Â¸Ã«Â£Â¹ 2","np":3,"cix":2,"bm":0,"ix":2,"mn":"ADBE Vector Group","hd":false}],"ip":0,"op":150.000006109625,"st":0,"ct":1,"bm":0},{"ddd":0,"ind":8,"ty":4,"nm":"Layer 30","sr":1,"ks":{"o":{"a":0,"k":100,"ix":11},"r":{"a":0,"k":0,"ix":10},"p":{"a":0,"k":[122,124,0],"ix":2,"l":2},"a":{"a":0,"k":[0,0,0],"ix":1,"l":2},"s":{"a":0,"k":[100,100,100],"ix":6,"l":2}},"ao":0,"shapes":[{"ty":"gr","it":[{"ind":0,"ty":"sh","ix":1,"ks":{"a":0,"k":{"i":[[0,0],[0,0],[0,0],[0,0]],"o":[[0,0],[0,0],[0,0],[0,0]],"v":[[-12.385,9.534],[-12.385,4.223],[-7.158,-1.002],[-7.158,-10.425]],"c":false},"ix":2},"nm":"Ã­ÂÂ¨Ã¬ÂÂ¤ 1","mn":"ADBE Vector Shape - Group","hd":false},{"ty":"st","c":{"a":0,"k":[0.219607858097,0.988235353956,0.768627510819,1],"ix":3},"o":{"a":0,"k":100,"ix":4},"w":{"a":0,"k":3,"ix":5},"lc":2,"lj":2,"bm":0,"nm":"Ã¬ÂÂ  1","mn":"ADBE Vector Graphic - Stroke","hd":false},{"ty":"tm","s":{"a":1,"k":[{"i":{"x":[0.833],"y":[0.833]},"o":{"x":[0.167],"y":[0.167]},"t":16,"s":[100]},{"t":40.0000016292334,"s":[100]}],"ix":1},"e":{"a":1,"k":[{"i":{"x":[0.833],"y":[0.833]},"o":{"x":[0.167],"y":[0.167]},"t":16,"s":[100]},{"t":40.0000016292334,"s":[0]}],"ix":2},"o":{"a":0,"k":0,"ix":3},"m":1,"ix":3,"nm":"Ã­ÂÂ¨Ã¬ÂÂ¤ Ã«ÂÂ¤Ã«ÂÂ¬Ã¬ÂÂ´ Ã¬ÂÂÃ«Â¥Â´ÃªÂ¸Â° 1","mn":"ADBE Vector Filter - Trim","hd":false},{"ty":"tr","p":{"a":0,"k":[0,0],"ix":2},"a":{"a":0,"k":[0,0],"ix":1},"s":{"a":0,"k":[100,100],"ix":3},"r":{"a":0,"k":0,"ix":6},"o":{"a":0,"k":100,"ix":7},"sk":{"a":0,"k":0,"ix":4},"sa":{"a":0,"k":0,"ix":5},"nm":"Ã«Â³ÂÃ­ÂÂ"}],"nm":"ÃªÂ·Â¸Ã«Â£Â¹ 1","np":3,"cix":2,"bm":0,"ix":1,"mn":"ADBE Vector Group","hd":false},{"ty":"gr","it":[{"ind":0,"ty":"sh","ix":1,"ks":{"a":0,"k":{"i":[[2.398,-0.092],[0.092,2.398],[-2.398,0.092],[-0.092,-2.398]],"o":[[-2.398,0.092],[-0.092,-2.398],[2.398,-0.092],[0.092,2.398]],"v":[[-12.218,18.186],[-16.727,14.011],[-12.551,9.503],[-8.042,13.678]],"c":true},"ix":2},"nm":"Ã­ÂÂ¨Ã¬ÂÂ¤ 1","mn":"ADBE Vector Shape - Group","hd":false},{"ty":"st","c":{"a":0,"k":[0.219607858097,0.988235353956,0.768627510819,1],"ix":3},"o":{"a":0,"k":100,"ix":4},"w":{"a":0,"k":3,"ix":5},"lc":2,"lj":2,"bm":0,"nm":"Ã¬ÂÂ  1","mn":"ADBE Vector Graphic - Stroke","hd":false},{"ty":"tm","s":{"a":1,"k":[{"i":{"x":[0.833],"y":[0.833]},"o":{"x":[0.167],"y":[0.167]},"t":41,"s":[50]},{"t":57.0000023216576,"s":[0]}],"ix":1},"e":{"a":1,"k":[{"i":{"x":[0.833],"y":[0.833]},"o":{"x":[0.167],"y":[0.167]},"t":41,"s":[50]},{"t":57.0000023216576,"s":[100]}],"ix":2},"o":{"a":0,"k":0,"ix":3},"m":1,"ix":3,"nm":"Ã­ÂÂ¨Ã¬ÂÂ¤ Ã«ÂÂ¤Ã«ÂÂ¬Ã¬ÂÂ´ Ã¬ÂÂÃ«Â¥Â´ÃªÂ¸Â° 1","mn":"ADBE Vector Filter - Trim","hd":false},{"ty":"tr","p":{"a":0,"k":[0,0],"ix":2},"a":{"a":0,"k":[0,0],"ix":1},"s":{"a":0,"k":[100,100],"ix":3},"r":{"a":0,"k":0,"ix":6},"o":{"a":0,"k":100,"ix":7},"sk":{"a":0,"k":0,"ix":4},"sa":{"a":0,"k":0,"ix":5},"nm":"Ã«Â³ÂÃ­ÂÂ"}],"nm":"ÃªÂ·Â¸Ã«Â£Â¹ 2","np":3,"cix":2,"bm":0,"ix":2,"mn":"ADBE Vector Group","hd":false}],"ip":0,"op":150.000006109625,"st":0,"ct":1,"bm":0},{"ddd":0,"ind":9,"ty":4,"nm":"Layer 29","sr":1,"ks":{"o":{"a":0,"k":100,"ix":11},"r":{"a":0,"k":0,"ix":10},"p":{"a":0,"k":[122,124,0],"ix":2,"l":2},"a":{"a":0,"k":[0,0,0],"ix":1,"l":2},"s":{"a":0,"k":[100,100,100],"ix":6,"l":2}},"ao":0,"shapes":[{"ty":"gr","it":[{"ind":0,"ty":"sh","ix":1,"ks":{"a":0,"k":{"i":[[0,0],[0,0],[0,0]],"o":[[0,0],[0,0],[0,0]],"v":[[4.881,3.379],[-1.284,-2.783],[-1.284,-10.425]],"c":false},"ix":2},"nm":"Ã­ÂÂ¨Ã¬ÂÂ¤ 1","mn":"ADBE Vector Shape - Group","hd":false},{"ty":"st","c":{"a":0,"k":[0.219607858097,0.988235353956,0.768627510819,1],"ix":3},"o":{"a":0,"k":100,"ix":4},"w":{"a":0,"k":3,"ix":5},"lc":2,"lj":2,"bm":0,"nm":"Ã¬ÂÂ  1","mn":"ADBE Vector Graphic - Stroke","hd":false},{"ty":"tm","s":{"a":1,"k":[{"i":{"x":[0.833],"y":[0.833]},"o":{"x":[0.167],"y":[0.167]},"t":16,"s":[100]},{"t":40.0000016292334,"s":[100]}],"ix":1},"e":{"a":1,"k":[{"i":{"x":[0.833],"y":[0.833]},"o":{"x":[0.167],"y":[0.167]},"t":16,"s":[100]},{"t":40.0000016292334,"s":[0]}],"ix":2},"o":{"a":0,"k":0,"ix":3},"m":1,"ix":3,"nm":"Ã­ÂÂ¨Ã¬ÂÂ¤ Ã«ÂÂ¤Ã«ÂÂ¬Ã¬ÂÂ´ Ã¬ÂÂÃ«Â¥Â´ÃªÂ¸Â° 1","mn":"ADBE Vector Filter - Trim","hd":false},{"ty":"tr","p":{"a":0,"k":[0,0],"ix":2},"a":{"a":0,"k":[0,0],"ix":1},"s":{"a":0,"k":[100,100],"ix":3},"r":{"a":0,"k":0,"ix":6},"o":{"a":0,"k":100,"ix":7},"sk":{"a":0,"k":0,"ix":4},"sa":{"a":0,"k":0,"ix":5},"nm":"Ã«Â³ÂÃ­ÂÂ"}],"nm":"ÃªÂ·Â¸Ã«Â£Â¹ 1","np":3,"cix":2,"bm":0,"ix":1,"mn":"ADBE Vector Group","hd":false},{"ty":"gr","it":[{"ind":0,"ty":"sh","ix":1,"ks":{"a":0,"k":{"i":[[1.205,-1.32],[1.32,1.205],[-1.205,1.32],[-1.32,-1.205]],"o":[[-1.205,1.32],[-1.32,-1.205],[1.205,-1.32],[1.32,1.205]],"v":[[9.771,8.093],[5.199,8.302],[4.991,3.73],[9.563,3.521]],"c":true},"ix":2},"nm":"Ã­ÂÂ¨Ã¬ÂÂ¤ 1","mn":"ADBE Vector Shape - Group","hd":false},{"ty":"st","c":{"a":0,"k":[0.219607858097,0.988235353956,0.768627510819,1],"ix":3},"o":{"a":0,"k":100,"ix":4},"w":{"a":0,"k":3,"ix":5},"lc":2,"lj":2,"bm":0,"nm":"Ã¬ÂÂ  1","mn":"ADBE Vector Graphic - Stroke","hd":false},{"ty":"tm","s":{"a":1,"k":[{"i":{"x":[0.833],"y":[0.833]},"o":{"x":[0.167],"y":[0.167]},"t":41,"s":[50]},{"t":57.0000023216576,"s":[0]}],"ix":1},"e":{"a":1,"k":[{"i":{"x":[0.833],"y":[0.833]},"o":{"x":[0.167],"y":[0.167]},"t":41,"s":[50]},{"t":57.0000023216576,"s":[100]}],"ix":2},"o":{"a":0,"k":0,"ix":3},"m":1,"ix":3,"nm":"Ã­ÂÂ¨Ã¬ÂÂ¤ Ã«ÂÂ¤Ã«ÂÂ¬Ã¬ÂÂ´ Ã¬ÂÂÃ«Â¥Â´ÃªÂ¸Â° 1","mn":"ADBE Vector Filter - Trim","hd":false},{"ty":"tr","p":{"a":0,"k":[0,0],"ix":2},"a":{"a":0,"k":[0,0],"ix":1},"s":{"a":0,"k":[100,100],"ix":3},"r":{"a":0,"k":0,"ix":6},"o":{"a":0,"k":100,"ix":7},"sk":{"a":0,"k":0,"ix":4},"sa":{"a":0,"k":0,"ix":5},"nm":"Ã«Â³ÂÃ­ÂÂ"}],"nm":"ÃªÂ·Â¸Ã«Â£Â¹ 2","np":3,"cix":2,"bm":0,"ix":2,"mn":"ADBE Vector Group","hd":false}],"ip":0,"op":150.000006109625,"st":0,"ct":1,"bm":0},{"ddd":0,"ind":10,"ty":4,"nm":"Layer 28","sr":1,"ks":{"o":{"a":0,"k":100,"ix":11},"r":{"a":0,"k":0,"ix":10},"p":{"a":0,"k":[122,124,0],"ix":2,"l":2},"a":{"a":0,"k":[0,0,0],"ix":1,"l":2},"s":{"a":0,"k":[100,100,100],"ix":6,"l":2}},"ao":0,"shapes":[{"ty":"gr","it":[{"ind":0,"ty":"sh","ix":1,"ks":{"a":0,"k":{"i":[[0,0],[0,0],[0,0]],"o":[[0,0],[0,0],[0,0]],"v":[[17.862,9.5],[17.862,-0.02],[3.913,-13.966]],"c":false},"ix":2},"nm":"Ã­ÂÂ¨Ã¬ÂÂ¤ 1","mn":"ADBE Vector Shape - Group","hd":false},{"ty":"st","c":{"a":0,"k":[0.219607858097,0.988235353956,0.768627510819,1],"ix":3},"o":{"a":0,"k":100,"ix":4},"w":{"a":0,"k":3,"ix":5},"lc":2,"lj":2,"bm":0,"nm":"Ã¬ÂÂ  1","mn":"ADBE Vector Graphic - Stroke","hd":false},{"ty":"tm","s":{"a":1,"k":[{"i":{"x":[0.833],"y":[0.833]},"o":{"x":[0.167],"y":[0.167]},"t":16,"s":[100]},{"t":40.0000016292334,"s":[100]}],"ix":1},"e":{"a":1,"k":[{"i":{"x":[0.833],"y":[0.833]},"o":{"x":[0.167],"y":[0.167]},"t":16,"s":[100]},{"t":40.0000016292334,"s":[0]}],"ix":2},"o":{"a":0,"k":0,"ix":3},"m":1,"ix":3,"nm":"Ã­ÂÂ¨Ã¬ÂÂ¤ Ã«ÂÂ¤Ã«ÂÂ¬Ã¬ÂÂ´ Ã¬ÂÂÃ«Â¥Â´ÃªÂ¸Â° 1","mn":"ADBE Vector Filter - Trim","hd":false},{"ty":"tr","p":{"a":0,"k":[0,0],"ix":2},"a":{"a":0,"k":[0,0],"ix":1},"s":{"a":0,"k":[100,100],"ix":3},"r":{"a":0,"k":0,"ix":6},"o":{"a":0,"k":100,"ix":7},"sk":{"a":0,"k":0,"ix":4},"sa":{"a":0,"k":0,"ix":5},"nm":"Ã«Â³ÂÃ­ÂÂ"}],"nm":"ÃªÂ·Â¸Ã«Â£Â¹ 1","np":3,"cix":2,"bm":0,"ix":1,"mn":"ADBE Vector Group","hd":false},{"ty":"gr","it":[{"ind":0,"ty":"sh","ix":1,"ks":{"a":0,"k":{"i":[[1.786,-0.069],[0.069,1.786],[-1.786,0.069],[-0.069,-1.786]],"o":[[-1.786,0.069],[-0.069,-1.786],[1.786,-0.069],[0.069,1.786]],"v":[[17.986,15.969],[14.628,12.86],[17.738,9.503],[21.096,12.612]],"c":true},"ix":2},"nm":"Ã­ÂÂ¨Ã¬ÂÂ¤ 1","mn":"ADBE Vector Shape - Group","hd":false},{"ty":"st","c":{"a":0,"k":[0.219607858097,0.988235353956,0.768627510819,1],"ix":3},"o":{"a":0,"k":100,"ix":4},"w":{"a":0,"k":3,"ix":5},"lc":2,"lj":2,"bm":0,"nm":"Ã¬ÂÂ  1","mn":"ADBE Vector Graphic - Stroke","hd":false},{"ty":"tm","s":{"a":1,"k":[{"i":{"x":[0.833],"y":[0.833]},"o":{"x":[0.167],"y":[0.167]},"t":40,"s":[50]},{"t":56.0000022809268,"s":[0]}],"ix":1},"e":{"a":1,"k":[{"i":{"x":[0.833],"y":[0.833]},"o":{"x":[0.167],"y":[0.167]},"t":40,"s":[50]},{"t":56.0000022809268,"s":[100]}],"ix":2},"o":{"a":0,"k":0,"ix":3},"m":1,"ix":3,"nm":"Ã­ÂÂ¨Ã¬ÂÂ¤ Ã«ÂÂ¤Ã«ÂÂ¬Ã¬ÂÂ´ Ã¬ÂÂÃ«Â¥Â´ÃªÂ¸Â° 1","mn":"ADBE Vector Filter - Trim","hd":false},{"ty":"tr","p":{"a":0,"k":[0,0],"ix":2},"a":{"a":0,"k":[0,0],"ix":1},"s":{"a":0,"k":[100,100],"ix":3},"r":{"a":0,"k":0,"ix":6},"o":{"a":0,"k":100,"ix":7},"sk":{"a":0,"k":0,"ix":4},"sa":{"a":0,"k":0,"ix":5},"nm":"Ã«Â³ÂÃ­ÂÂ"}],"nm":"ÃªÂ·Â¸Ã«Â£Â¹ 2","np":3,"cix":2,"bm":0,"ix":2,"mn":"ADBE Vector Group","hd":false}],"ip":0,"op":150.000006109625,"st":0,"ct":1,"bm":0},{"ddd":0,"ind":11,"ty":4,"nm":"Layer 27","sr":1,"ks":{"o":{"a":0,"k":100,"ix":11},"r":{"a":0,"k":0,"ix":10},"p":{"a":0,"k":[122,124,0],"ix":2,"l":2},"a":{"a":0,"k":[0,0,0],"ix":1,"l":2},"s":{"a":0,"k":[100,100,100],"ix":6,"l":2}},"ao":0,"shapes":[{"ty":"gr","it":[{"ind":0,"ty":"sh","ix":1,"ks":{"a":0,"k":{"i":[[0,0],[0,0],[0,0]],"o":[[0,0],[0,0],[0,0]],"v":[[27.38,-0.068],[21.42,-6.026],[11.89,-6.026]],"c":false},"ix":2},"nm":"Ã­ÂÂ¨Ã¬ÂÂ¤ 1","mn":"ADBE Vector Shape - Group","hd":false},{"ty":"st","c":{"a":0,"k":[0.219607858097,0.988235353956,0.768627510819,1],"ix":3},"o":{"a":0,"k":100,"ix":4},"w":{"a":0,"k":3,"ix":5},"lc":2,"lj":2,"bm":0,"nm":"Ã¬ÂÂ  1","mn":"ADBE Vector Graphic - Stroke","hd":false},{"ty":"tm","s":{"a":1,"k":[{"i":{"x":[0.833],"y":[0.833]},"o":{"x":[0.167],"y":[0.167]},"t":24,"s":[100]},{"t":40.0000016292334,"s":[100]}],"ix":1},"e":{"a":1,"k":[{"i":{"x":[0.833],"y":[0.833]},"o":{"x":[0.167],"y":[0.167]},"t":24,"s":[100]},{"t":40.0000016292334,"s":[0]}],"ix":2},"o":{"a":0,"k":0,"ix":3},"m":1,"ix":3,"nm":"Ã­ÂÂ¨Ã¬ÂÂ¤ Ã«ÂÂ¤Ã«ÂÂ¬Ã¬ÂÂ´ Ã¬ÂÂÃ«Â¥Â´ÃªÂ¸Â° 1","mn":"ADBE Vector Filter - Trim","hd":false},{"ty":"tr","p":{"a":0,"k":[0,0],"ix":2},"a":{"a":0,"k":[0,0],"ix":1},"s":{"a":0,"k":[100,100],"ix":3},"r":{"a":0,"k":0,"ix":6},"o":{"a":0,"k":100,"ix":7},"sk":{"a":0,"k":0,"ix":4},"sa":{"a":0,"k":0,"ix":5},"nm":"Ã«Â³ÂÃ­ÂÂ"}],"nm":"ÃªÂ·Â¸Ã«Â£Â¹ 1","np":3,"cix":2,"bm":0,"ix":1,"mn":"ADBE Vector Group","hd":false},{"ty":"gr","it":[{"ind":0,"ty":"sh","ix":1,"ks":{"a":0,"k":{"i":[[1.234,-1.293],[1.293,1.234],[-1.234,1.293],[-1.293,-1.234]],"o":[[-1.234,1.293],[-1.293,-1.234],[1.234,-1.293],[1.293,1.234]],"v":[[31.985,4.476],[27.41,4.583],[27.303,0.008],[31.879,-0.1]],"c":true},"ix":2},"nm":"Ã­ÂÂ¨Ã¬ÂÂ¤ 1","mn":"ADBE Vector Shape - Group","hd":false},{"ty":"st","c":{"a":0,"k":[0.219607858097,0.988235353956,0.768627510819,1],"ix":3},"o":{"a":0,"k":100,"ix":4},"w":{"a":0,"k":3,"ix":5},"lc":2,"lj":2,"bm":0,"nm":"Ã¬ÂÂ  1","mn":"ADBE Vector Graphic - Stroke","hd":false},{"ty":"tm","s":{"a":1,"k":[{"i":{"x":[0.833],"y":[0.833]},"o":{"x":[0.167],"y":[0.167]},"t":44,"s":[50]},{"t":60.0000024438501,"s":[0]}],"ix":1},"e":{"a":1,"k":[{"i":{"x":[0.833],"y":[0.833]},"o":{"x":[0.167],"y":[0.167]},"t":44,"s":[50]},{"t":60.0000024438501,"s":[100]}],"ix":2},"o":{"a":0,"k":0,"ix":3},"m":1,"ix":3,"nm":"Ã­ÂÂ¨Ã¬ÂÂ¤ Ã«ÂÂ¤Ã«ÂÂ¬Ã¬ÂÂ´ Ã¬ÂÂÃ«Â¥Â´ÃªÂ¸Â° 1","mn":"ADBE Vector Filter - Trim","hd":false},{"ty":"tr","p":{"a":0,"k":[0,0],"ix":2},"a":{"a":0,"k":[0,0],"ix":1},"s":{"a":0,"k":[100,100],"ix":3},"r":{"a":0,"k":0,"ix":6},"o":{"a":0,"k":100,"ix":7},"sk":{"a":0,"k":0,"ix":4},"sa":{"a":0,"k":0,"ix":5},"nm":"Ã«Â³ÂÃ­ÂÂ"}],"nm":"ÃªÂ·Â¸Ã«Â£Â¹ 2","np":3,"cix":2,"bm":0,"ix":2,"mn":"ADBE Vector Group","hd":false}],"ip":0,"op":150.000006109625,"st":0,"ct":1,"bm":0},{"ddd":0,"ind":12,"ty":4,"nm":"Layer 26","sr":1,"ks":{"o":{"a":0,"k":100,"ix":11},"r":{"a":0,"k":0,"ix":10},"p":{"a":0,"k":[122,124,0],"ix":2,"l":2},"a":{"a":0,"k":[0,0,0],"ix":1,"l":2},"s":{"a":0,"k":[100,100,100],"ix":6,"l":2}},"ao":0,"shapes":[{"ty":"gr","it":[{"ind":0,"ty":"sh","ix":1,"ks":{"a":0,"k":{"i":[[0,0],[0,0],[0,0]],"o":[[0,0],[0,0],[0,0]],"v":[[24.077,-13.494],[16.454,-13.494],[10.033,-19.912]],"c":false},"ix":2},"nm":"Ã­ÂÂ¨Ã¬ÂÂ¤ 1","mn":"ADBE Vector Shape - Group","hd":false},{"ty":"st","c":{"a":0,"k":[0.219607858097,0.988235353956,0.768627510819,1],"ix":3},"o":{"a":0,"k":100,"ix":4},"w":{"a":0,"k":3,"ix":5},"lc":2,"lj":2,"bm":0,"nm":"Ã¬ÂÂ  1","mn":"ADBE Vector Graphic - Stroke","hd":false},{"ty":"tm","s":{"a":1,"k":[{"i":{"x":[0.833],"y":[0.833]},"o":{"x":[0.167],"y":[0.167]},"t":16,"s":[100]},{"t":40.0000016292334,"s":[100]}],"ix":1},"e":{"a":1,"k":[{"i":{"x":[0.833],"y":[0.833]},"o":{"x":[0.167],"y":[0.167]},"t":16,"s":[100]},{"t":40.0000016292334,"s":[0]}],"ix":2},"o":{"a":0,"k":0,"ix":3},"m":1,"ix":3,"nm":"Ã­ÂÂ¨Ã¬ÂÂ¤ Ã«ÂÂ¤Ã«ÂÂ¬Ã¬ÂÂ´ Ã¬ÂÂÃ«Â¥Â´ÃªÂ¸Â° 1","mn":"ADBE Vector Filter - Trim","hd":false},{"ty":"tr","p":{"a":0,"k":[0,0],"ix":2},"a":{"a":0,"k":[0,0],"ix":1},"s":{"a":0,"k":[100,100],"ix":3},"r":{"a":0,"k":0,"ix":6},"o":{"a":0,"k":100,"ix":7},"sk":{"a":0,"k":0,"ix":4},"sa":{"a":0,"k":0,"ix":5},"nm":"Ã«Â³ÂÃ­ÂÂ"}],"nm":"ÃªÂ·Â¸Ã«Â£Â¹ 1","np":3,"cix":2,"bm":0,"ix":1,"mn":"ADBE Vector Group","hd":false},{"ty":"gr","it":[{"ind":0,"ty":"sh","ix":1,"ks":{"a":0,"k":{"i":[[-0.072,-1.889],[1.888,-0.072],[0.072,1.889],[-1.888,0.072]],"o":[[0.072,1.889],[-1.888,0.072],[-0.072,-1.889],[1.888,-0.072]],"v":[[30.917,-13.732],[27.629,-10.182],[24.08,-13.47],[27.367,-17.021]],"c":true},"ix":2},"nm":"Ã­ÂÂ¨Ã¬ÂÂ¤ 1","mn":"ADBE Vector Shape - Group","hd":false},{"ty":"st","c":{"a":0,"k":[0.219607858097,0.988235353956,0.768627510819,1],"ix":3},"o":{"a":0,"k":100,"ix":4},"w":{"a":0,"k":3,"ix":5},"lc":2,"lj":2,"bm":0,"nm":"Ã¬ÂÂ  1","mn":"ADBE Vector Graphic - Stroke","hd":false},{"ty":"tm","s":{"a":1,"k":[{"i":{"x":[0.833],"y":[0.833]},"o":{"x":[0.167],"y":[0.167]},"t":39,"s":[50]},{"t":55.0000022401959,"s":[0]}],"ix":1},"e":{"a":1,"k":[{"i":{"x":[0.833],"y":[0.833]},"o":{"x":[0.167],"y":[0.167]},"t":39,"s":[50]},{"t":55.0000022401959,"s":[100]}],"ix":2},"o":{"a":0,"k":0,"ix":3},"m":1,"ix":3,"nm":"Ã­ÂÂ¨Ã¬ÂÂ¤ Ã«ÂÂ¤Ã«ÂÂ¬Ã¬ÂÂ´ Ã¬ÂÂÃ«Â¥Â´ÃªÂ¸Â° 1","mn":"ADBE Vector Filter - Trim","hd":false},{"ty":"tr","p":{"a":0,"k":[0,0],"ix":2},"a":{"a":0,"k":[0,0],"ix":1},"s":{"a":0,"k":[100,100],"ix":3},"r":{"a":0,"k":0,"ix":6},"o":{"a":0,"k":100,"ix":7},"sk":{"a":0,"k":0,"ix":4},"sa":{"a":0,"k":0,"ix":5},"nm":"Ã«Â³ÂÃ­ÂÂ"}],"nm":"ÃªÂ·Â¸Ã«Â£Â¹ 2","np":3,"cix":2,"bm":0,"ix":2,"mn":"ADBE Vector Group","hd":false}],"ip":0,"op":150.000006109625,"st":0,"ct":1,"bm":0},{"ddd":0,"ind":13,"ty":4,"nm":"Layer 25","sr":1,"ks":{"o":{"a":0,"k":100,"ix":11},"r":{"a":0,"k":0,"ix":10},"p":{"a":0,"k":[122,124,0],"ix":2,"l":2},"a":{"a":0,"k":[0,0,0],"ix":1,"l":2},"s":{"a":0,"k":[100,100,100],"ix":6,"l":2}},"ao":0,"shapes":[{"ty":"gr","it":[{"ind":0,"ty":"sh","ix":1,"ks":{"a":0,"k":{"i":[[0,0],[0,0]],"o":[[0,0],[0,0]],"v":[[12.405,-24.497],[32.022,-24.497]],"c":false},"ix":2},"nm":"Ã­ÂÂ¨Ã¬ÂÂ¤ 1","mn":"ADBE Vector Shape - Group","hd":false},{"ty":"st","c":{"a":0,"k":[0.219607858097,0.988235353956,0.768627510819,1],"ix":3},"o":{"a":0,"k":100,"ix":4},"w":{"a":0,"k":3,"ix":5},"lc":2,"lj":2,"bm":0,"nm":"Ã¬ÂÂ  1","mn":"ADBE Vector Graphic - Stroke","hd":false},{"ty":"tm","s":{"a":1,"k":[{"i":{"x":[0.833],"y":[0.833]},"o":{"x":[0.167],"y":[0.167]},"t":16,"s":[0]},{"t":40.0000016292334,"s":[100]}],"ix":1},"e":{"a":1,"k":[{"i":{"x":[0.833],"y":[0.833]},"o":{"x":[0.167],"y":[0.167]},"t":16,"s":[0]},{"t":40.0000016292334,"s":[0]}],"ix":2},"o":{"a":0,"k":0,"ix":3},"m":1,"ix":3,"nm":"Ã­ÂÂ¨Ã¬ÂÂ¤ Ã«ÂÂ¤Ã«ÂÂ¬Ã¬ÂÂ´ Ã¬ÂÂÃ«Â¥Â´ÃªÂ¸Â° 1","mn":"ADBE Vector Filter - Trim","hd":false},{"ty":"tr","p":{"a":0,"k":[0,0],"ix":2},"a":{"a":0,"k":[0,0],"ix":1},"s":{"a":0,"k":[100,100],"ix":3},"r":{"a":0,"k":0,"ix":6},"o":{"a":0,"k":100,"ix":7},"sk":{"a":0,"k":0,"ix":4},"sa":{"a":0,"k":0,"ix":5},"nm":"Ã«Â³ÂÃ­ÂÂ"}],"nm":"ÃªÂ·Â¸Ã«Â£Â¹ 1","np":3,"cix":2,"bm":0,"ix":1,"mn":"ADBE Vector Group","hd":false},{"ty":"gr","it":[{"ind":0,"ty":"sh","ix":1,"ks":{"a":0,"k":{"i":[[-0.066,-1.733],[1.732,-0.066],[0.066,1.733],[-1.732,0.066]],"o":[[0.066,1.733],[-1.732,0.066],[-0.066,-1.733],[1.732,-0.066]],"v":[[38.299,-24.571],[35.283,-21.313],[32.026,-24.33],[35.042,-27.588]],"c":true},"ix":2},"nm":"Ã­ÂÂ¨Ã¬ÂÂ¤ 1","mn":"ADBE Vector Shape - Group","hd":false},{"ty":"st","c":{"a":0,"k":[0.219607858097,0.988235353956,0.768627510819,1],"ix":3},"o":{"a":0,"k":100,"ix":4},"w":{"a":0,"k":3,"ix":5},"lc":2,"lj":2,"bm":0,"nm":"Ã¬ÂÂ  1","mn":"ADBE Vector Graphic - Stroke","hd":false},{"ty":"tm","s":{"a":1,"k":[{"i":{"x":[0.833],"y":[0.833]},"o":{"x":[0.167],"y":[0.167]},"t":39,"s":[50]},{"t":55.0000022401959,"s":[0]}],"ix":1},"e":{"a":1,"k":[{"i":{"x":[0.833],"y":[0.833]},"o":{"x":[0.167],"y":[0.167]},"t":39,"s":[50]},{"t":55.0000022401959,"s":[100]}],"ix":2},"o":{"a":0,"k":0,"ix":3},"m":1,"ix":3,"nm":"Ã­ÂÂ¨Ã¬ÂÂ¤ Ã«ÂÂ¤Ã«ÂÂ¬Ã¬ÂÂ´ Ã¬ÂÂÃ«Â¥Â´ÃªÂ¸Â° 1","mn":"ADBE Vector Filter - Trim","hd":false},{"ty":"tr","p":{"a":0,"k":[0,0],"ix":2},"a":{"a":0,"k":[0,0],"ix":1},"s":{"a":0,"k":[100,100],"ix":3},"r":{"a":0,"k":0,"ix":6},"o":{"a":0,"k":100,"ix":7},"sk":{"a":0,"k":0,"ix":4},"sa":{"a":0,"k":0,"ix":5},"nm":"Ã«Â³ÂÃ­ÂÂ"}],"nm":"ÃªÂ·Â¸Ã«Â£Â¹ 2","np":3,"cix":2,"bm":0,"ix":2,"mn":"ADBE Vector Group","hd":false}],"ip":0,"op":150.000006109625,"st":0,"ct":1,"bm":0},{"ddd":0,"ind":14,"ty":4,"nm":"Layer 24","sr":1,"ks":{"o":{"a":0,"k":100,"ix":11},"r":{"a":0,"k":0,"ix":10},"p":{"a":0,"k":[122,124,0],"ix":2,"l":2},"a":{"a":0,"k":[0,0,0],"ix":1,"l":2},"s":{"a":0,"k":[100,100,100],"ix":6,"l":2}},"ao":0,"shapes":[{"ty":"gr","it":[{"ind":0,"ty":"sh","ix":1,"ks":{"a":0,"k":{"i":[[0,0],[0,0],[0,0],[0,0]],"o":[[0,0],[0,0],[0,0],[0,0]],"v":[[40.713,-39.452],[30.12,-39.452],[21.267,-30.603],[13.453,-30.603]],"c":false},"ix":2},"nm":"Ã­ÂÂ¨Ã¬ÂÂ¤ 1","mn":"ADBE Vector Shape - Group","hd":false},{"ty":"tm","s":{"a":1,"k":[{"i":{"x":[0.833],"y":[0.833]},"o":{"x":[0.167],"y":[0.167]},"t":16,"s":[100]},{"t":40.0000016292334,"s":[100]}],"ix":1},"e":{"a":1,"k":[{"i":{"x":[0.833],"y":[0.833]},"o":{"x":[0.167],"y":[0.167]},"t":16,"s":[100]},{"t":40.0000016292334,"s":[0]}],"ix":2},"o":{"a":0,"k":0,"ix":3},"m":1,"ix":2,"nm":"Ã­ÂÂ¨Ã¬ÂÂ¤ Ã«ÂÂ¤Ã«ÂÂ¬Ã¬ÂÂ´ Ã¬ÂÂÃ«Â¥Â´ÃªÂ¸Â° 1","mn":"ADBE Vector Filter - Trim","hd":false},{"ty":"st","c":{"a":0,"k":[0.219607858097,0.988235353956,0.768627510819,1],"ix":3},"o":{"a":0,"k":100,"ix":4},"w":{"a":0,"k":3,"ix":5},"lc":2,"lj":2,"bm":0,"nm":"Ã¬ÂÂ  1","mn":"ADBE Vector Graphic - Stroke","hd":false},{"ty":"tr","p":{"a":0,"k":[0,0],"ix":2},"a":{"a":0,"k":[0,0],"ix":1},"s":{"a":0,"k":[100,100],"ix":3},"r":{"a":0,"k":0,"ix":6},"o":{"a":0,"k":100,"ix":7},"sk":{"a":0,"k":0,"ix":4},"sa":{"a":0,"k":0,"ix":5},"nm":"Ã«Â³ÂÃ­ÂÂ"}],"nm":"ÃªÂ·Â¸Ã«Â£Â¹ 1","np":3,"cix":2,"bm":0,"ix":1,"mn":"ADBE Vector Group","hd":false},{"ty":"gr","it":[{"ind":0,"ty":"sh","ix":1,"ks":{"a":0,"k":{"i":[[-0.077,-2.017],[2.016,-0.077],[0.077,2.017],[-2.016,0.077]],"o":[[0.077,2.017],[-2.016,0.077],[-0.077,-2.017],[2.016,-0.077]],"v":[[48.582,-39.664],[45.071,-35.871],[41.279,-39.384],[44.79,-43.176]],"c":true},"ix":2},"nm":"Ã­ÂÂ¨Ã¬ÂÂ¤ 1","mn":"ADBE Vector Shape - Group","hd":false},{"ty":"st","c":{"a":0,"k":[0.219607858097,0.988235353956,0.768627510819,1],"ix":3},"o":{"a":0,"k":100,"ix":4},"w":{"a":0,"k":3,"ix":5},"lc":2,"lj":2,"bm":0,"nm":"Ã¬ÂÂ  1","mn":"ADBE Vector Graphic - Stroke","hd":false},{"ty":"tm","s":{"a":1,"k":[{"i":{"x":[0.833],"y":[0.833]},"o":{"x":[0.167],"y":[0.167]},"t":39,"s":[50]},{"t":55.0000022401959,"s":[0]}],"ix":1},"e":{"a":1,"k":[{"i":{"x":[0.833],"y":[0.833]},"o":{"x":[0.167],"y":[0.167]},"t":39,"s":[50]},{"t":55.0000022401959,"s":[100]}],"ix":2},"o":{"a":0,"k":0,"ix":3},"m":1,"ix":3,"nm":"Ã­ÂÂ¨Ã¬ÂÂ¤ Ã«ÂÂ¤Ã«ÂÂ¬Ã¬ÂÂ´ Ã¬ÂÂÃ«Â¥Â´ÃªÂ¸Â° 1","mn":"ADBE Vector Filter - Trim","hd":false},{"ty":"tr","p":{"a":0,"k":[0,0],"ix":2},"a":{"a":0,"k":[0,0],"ix":1},"s":{"a":0,"k":[100,100],"ix":3},"r":{"a":0,"k":0,"ix":6},"o":{"a":0,"k":100,"ix":7},"sk":{"a":0,"k":0,"ix":4},"sa":{"a":0,"k":0,"ix":5},"nm":"Ã«Â³ÂÃ­ÂÂ"}],"nm":"ÃªÂ·Â¸Ã«Â£Â¹ 2","np":3,"cix":2,"bm":0,"ix":2,"mn":"ADBE Vector Group","hd":false}],"ip":0,"op":150.000006109625,"st":0,"ct":1,"bm":0},{"ddd":0,"ind":15,"ty":4,"nm":"Layer 23","sr":1,"ks":{"o":{"a":0,"k":100,"ix":11},"r":{"a":0,"k":0,"ix":10},"p":{"a":0,"k":[122,124,0],"ix":2,"l":2},"a":{"a":0,"k":[0,0,0],"ix":1,"l":2},"s":{"a":0,"k":[100,100,100],"ix":6,"l":2}},"ao":0,"shapes":[{"ty":"gr","it":[{"ind":0,"ty":"sh","ix":1,"ks":{"a":0,"k":{"i":[[0,0],[0,0],[0,0],[0,0]],"o":[[0,0],[0,0],[0,0],[0,0]],"v":[[11.46,-37.631],[17.753,-43.922],[17.753,-49.293],[21.428,-52.968]],"c":false},"ix":2},"nm":"Ã­ÂÂ¨Ã¬ÂÂ¤ 1","mn":"ADBE Vector Shape - Group","hd":false},{"ty":"st","c":{"a":0,"k":[0.219607858097,0.988235353956,0.768627510819,1],"ix":3},"o":{"a":0,"k":100,"ix":4},"w":{"a":0,"k":3,"ix":5},"lc":2,"lj":2,"bm":0,"nm":"Ã¬ÂÂ  1","mn":"ADBE Vector Graphic - Stroke","hd":false},{"ty":"tm","s":{"a":1,"k":[{"i":{"x":[0.833],"y":[0.833]},"o":{"x":[0.167],"y":[0.167]},"t":16,"s":[0]},{"t":40.0000016292334,"s":[0]}],"ix":1},"e":{"a":1,"k":[{"i":{"x":[0.833],"y":[0.833]},"o":{"x":[0.167],"y":[0.167]},"t":16,"s":[0]},{"t":40.0000016292334,"s":[100]}],"ix":2},"o":{"a":0,"k":0,"ix":3},"m":1,"ix":3,"nm":"Ã­ÂÂ¨Ã¬ÂÂ¤ Ã«ÂÂ¤Ã«ÂÂ¬Ã¬ÂÂ´ Ã¬ÂÂÃ«Â¥Â´ÃªÂ¸Â° 1","mn":"ADBE Vector Filter - Trim","hd":false},{"ty":"tr","p":{"a":0,"k":[0,0],"ix":2},"a":{"a":0,"k":[0,0],"ix":1},"s":{"a":0,"k":[100,100],"ix":3},"r":{"a":0,"k":0,"ix":6},"o":{"a":0,"k":100,"ix":7},"sk":{"a":0,"k":0,"ix":4},"sa":{"a":0,"k":0,"ix":5},"nm":"Ã«Â³ÂÃ­ÂÂ"}],"nm":"ÃªÂ·Â¸Ã«Â£Â¹ 1","np":3,"cix":2,"bm":0,"ix":1,"mn":"ADBE Vector Group","hd":false},{"ty":"gr","it":[{"ind":0,"ty":"sh","ix":1,"ks":{"a":0,"k":{"i":[[-1.747,-1.584],[1.583,-1.747],[1.747,1.584],[-1.583,1.747]],"o":[[1.747,1.584],[-1.583,1.747],[-1.747,-1.584],[1.583,-1.747]],"v":[[27.331,-59.217],[27.628,-53.187],[21.598,-52.892],[21.301,-58.922]],"c":true},"ix":2},"nm":"Ã­ÂÂ¨Ã¬ÂÂ¤ 1","mn":"ADBE Vector Shape - Group","hd":false},{"ty":"st","c":{"a":0,"k":[0.219607858097,0.988235353956,0.768627510819,1],"ix":3},"o":{"a":0,"k":100,"ix":4},"w":{"a":0,"k":3,"ix":5},"lc":2,"lj":2,"bm":0,"nm":"Ã¬ÂÂ  1","mn":"ADBE Vector Graphic - Stroke","hd":false},{"ty":"tm","s":{"a":1,"k":[{"i":{"x":[0.833],"y":[0.833]},"o":{"x":[0.167],"y":[0.167]},"t":38,"s":[50]},{"t":54.0000021994651,"s":[0]}],"ix":1},"e":{"a":1,"k":[{"i":{"x":[0.833],"y":[0.833]},"o":{"x":[0.167],"y":[0.167]},"t":38,"s":[50]},{"t":54.0000021994651,"s":[100]}],"ix":2},"o":{"a":0,"k":0,"ix":3},"m":1,"ix":3,"nm":"Ã­ÂÂ¨Ã¬ÂÂ¤ Ã«ÂÂ¤Ã«ÂÂ¬Ã¬ÂÂ´ Ã¬ÂÂÃ«Â¥Â´ÃªÂ¸Â° 1","mn":"ADBE Vector Filter - Trim","hd":false},{"ty":"tr","p":{"a":0,"k":[0,0],"ix":2},"a":{"a":0,"k":[0,0],"ix":1},"s":{"a":0,"k":[100,100],"ix":3},"r":{"a":0,"k":0,"ix":6},"o":{"a":0,"k":100,"ix":7},"sk":{"a":0,"k":0,"ix":4},"sa":{"a":0,"k":0,"ix":5},"nm":"Ã«Â³ÂÃ­ÂÂ"}],"nm":"ÃªÂ·Â¸Ã«Â£Â¹ 2","np":3,"cix":2,"bm":0,"ix":2,"mn":"ADBE Vector Group","hd":false}],"ip":0,"op":150.000006109625,"st":0,"ct":1,"bm":0},{"ddd":0,"ind":16,"ty":4,"nm":"Layer 11","sr":1,"ks":{"o":{"a":0,"k":100,"ix":11},"r":{"a":0,"k":0,"ix":10},"p":{"a":0,"k":[122,124,0],"ix":2,"l":2},"a":{"a":0,"k":[0,0,0],"ix":1,"l":2},"s":{"a":0,"k":[100,100,100],"ix":6,"l":2}},"ao":0,"shapes":[{"ty":"gr","it":[{"ind":0,"ty":"sh","ix":1,"ks":{"a":0,"k":{"i":[[0,0],[0,0],[0,0],[0,0]],"o":[[0,0],[0,0],[0,0],[0,0]],"v":[[10.453,-61.795],[10.453,-56.198],[-1.479,-44.271],[-1.479,-37.109]],"c":false},"ix":2},"nm":"Ã­ÂÂ¨Ã¬ÂÂ¤ 1","mn":"ADBE Vector Shape - Group","hd":false},{"ty":"tm","s":{"a":1,"k":[{"i":{"x":[0.833],"y":[0.833]},"o":{"x":[0.167],"y":[0.167]},"t":16,"s":[100]},{"t":40.0000016292334,"s":[0]}],"ix":1},"e":{"a":0,"k":100,"ix":2},"o":{"a":0,"k":0,"ix":3},"m":1,"ix":2,"nm":"Ã­ÂÂ¨Ã¬ÂÂ¤ Ã«ÂÂ¤Ã«ÂÂ¬Ã¬ÂÂ´ Ã¬ÂÂÃ«Â¥Â´ÃªÂ¸Â° 1","mn":"ADBE Vector Filter - Trim","hd":false},{"ty":"st","c":{"a":0,"k":[0.219607843137,0.988235294118,0.76862745098,1],"ix":3},"o":{"a":0,"k":100,"ix":4},"w":{"a":0,"k":3,"ix":5},"lc":2,"lj":2,"bm":0,"nm":"Ã¬ÂÂ  1","mn":"ADBE Vector Graphic - Stroke","hd":false},{"ty":"tr","p":{"a":0,"k":[0,0],"ix":2},"a":{"a":0,"k":[0,0],"ix":1},"s":{"a":0,"k":[100,100],"ix":3},"r":{"a":0,"k":0,"ix":6},"o":{"a":0,"k":100,"ix":7},"sk":{"a":0,"k":0,"ix":4},"sa":{"a":0,"k":0,"ix":5},"nm":"Ã«Â³ÂÃ­ÂÂ"}],"nm":"ÃªÂ·Â¸Ã«Â£Â¹ 1","np":3,"cix":2,"bm":0,"ix":1,"mn":"ADBE Vector Group","hd":false},{"ty":"gr","it":[{"ind":0,"ty":"sh","ix":1,"ks":{"a":0,"k":{"i":[[-2.484,0.095],[-0.095,-2.484],[2.484,-0.095],[0.095,2.484]],"o":[[2.484,-0.095],[0.095,2.484],[-2.484,0.095],[-0.095,-2.484]],"v":[[10.274,-70.793],[14.945,-66.468],[10.619,-61.798],[5.948,-66.123]],"c":true},"ix":2},"nm":"Ã­ÂÂ¨Ã¬ÂÂ¤ 1","mn":"ADBE Vector Shape - Group","hd":false},{"ty":"st","c":{"a":0,"k":[0.219607843137,0.988235294118,0.76862745098,1],"ix":3},"o":{"a":0,"k":100,"ix":4},"w":{"a":0,"k":3,"ix":5},"lc":2,"lj":2,"bm":0,"nm":"Ã¬ÂÂ  1","mn":"ADBE Vector Graphic - Stroke","hd":false},{"ty":"tm","s":{"a":1,"k":[{"i":{"x":[0.833],"y":[0.833]},"o":{"x":[0.167],"y":[0.167]},"t":40,"s":[50]},{"t":56.0000022809268,"s":[0]}],"ix":1},"e":{"a":1,"k":[{"i":{"x":[0.833],"y":[0.833]},"o":{"x":[0.167],"y":[0.167]},"t":40,"s":[50]},{"t":56.0000022809268,"s":[100]}],"ix":2},"o":{"a":0,"k":0,"ix":3},"m":1,"ix":3,"nm":"Ã­ÂÂ¨Ã¬ÂÂ¤ Ã«ÂÂ¤Ã«ÂÂ¬Ã¬ÂÂ´ Ã¬ÂÂÃ«Â¥Â´ÃªÂ¸Â° 1","mn":"ADBE Vector Filter - Trim","hd":false},{"ty":"tr","p":{"a":0,"k":[0,0],"ix":2},"a":{"a":0,"k":[0,0],"ix":1},"s":{"a":0,"k":[100,100],"ix":3},"r":{"a":0,"k":0,"ix":6},"o":{"a":0,"k":100,"ix":7},"sk":{"a":0,"k":0,"ix":4},"sa":{"a":0,"k":0,"ix":5},"nm":"Ã«Â³ÂÃ­ÂÂ"}],"nm":"ÃªÂ·Â¸Ã«Â£Â¹ 2","np":3,"cix":2,"bm":0,"ix":2,"mn":"ADBE Vector Group","hd":false}],"ip":0,"op":150.000006109625,"st":0,"ct":1,"bm":0},{"ddd":0,"ind":17,"ty":4,"nm":"Layer 12","sr":1,"ks":{"o":{"a":0,"k":100,"ix":11},"r":{"a":0,"k":0,"ix":10},"p":{"a":0,"k":[120.553,66.489,0],"ix":2,"l":2},"a":{"a":0,"k":[-1.447,-57.511,0],"ix":1,"l":2},"s":{"a":0,"k":[100,100,100],"ix":6,"l":2}},"ao":0,"shapes":[{"ty":"gr","it":[{"ind":0,"ty":"sh","ix":1,"ks":{"a":0,"k":{"i":[[0,-2.027],[2.027,0],[0,2.027],[-2.027,0]],"o":[[0,2.027],[-2.027,0],[0,-2.027],[2.027,0]],"v":[[2.192,-57.431],[-1.479,-53.761],[-5.149,-57.431],[-1.479,-61.102]],"c":true},"ix":2},"nm":"Ã­ÂÂ¨Ã¬ÂÂ¤ 1","mn":"ADBE Vector Shape - Group","hd":false},{"ty":"tm","s":{"a":1,"k":[{"i":{"x":[0.833],"y":[0.833]},"o":{"x":[0.167],"y":[0.167]},"t":35,"s":[50]},{"t":51.0000020772726,"s":[0]}],"ix":1},"e":{"a":1,"k":[{"i":{"x":[0.833],"y":[0.833]},"o":{"x":[0.167],"y":[0.167]},"t":35,"s":[50]},{"t":51.0000020772726,"s":[100]}],"ix":2},"o":{"a":0,"k":0,"ix":3},"m":1,"ix":2,"nm":"Ã­ÂÂ¨Ã¬ÂÂ¤ Ã«ÂÂ¤Ã«ÂÂ¬Ã¬ÂÂ´ Ã¬ÂÂÃ«Â¥Â´ÃªÂ¸Â° 1","mn":"ADBE Vector Filter - Trim","hd":false},{"ty":"st","c":{"a":0,"k":[0.219607858097,0.988235353956,0.768627510819,1],"ix":3},"o":{"a":0,"k":100,"ix":4},"w":{"a":0,"k":3,"ix":5},"lc":2,"lj":2,"bm":0,"nm":"Ã¬ÂÂ  1","mn":"ADBE Vector Graphic - Stroke","hd":false},{"ty":"tr","p":{"a":0,"k":[-1.55,-57.435],"ix":2},"a":{"a":0,"k":[-1.55,-57.435],"ix":1},"s":{"a":0,"k":[100,100],"ix":3},"r":{"a":0,"k":-90,"ix":6},"o":{"a":0,"k":100,"ix":7},"sk":{"a":0,"k":0,"ix":4},"sa":{"a":0,"k":0,"ix":5},"nm":"Ã«Â³ÂÃ­ÂÂ"}],"nm":"ÃªÂ·Â¸Ã«Â£Â¹ 1","np":3,"cix":2,"bm":0,"ix":1,"mn":"ADBE Vector Group","hd":false},{"ty":"gr","it":[{"ind":0,"ty":"sh","ix":1,"ks":{"a":0,"k":{"i":[[0,0],[0,0]],"o":[[0,0],[0,0]],"v":[[-1.479,-44.271],[-1.479,-53.761]],"c":false},"ix":2},"nm":"Ã­ÂÂ¨Ã¬ÂÂ¤ 1","mn":"ADBE Vector Shape - Group","hd":false},{"ty":"tm","s":{"a":1,"k":[{"i":{"x":[0.833],"y":[0.833]},"o":{"x":[0.167],"y":[0.167]},"t":24,"s":[0]},{"t":34.0000013848484,"s":[100]}],"ix":1},"e":{"a":0,"k":0,"ix":2},"o":{"a":0,"k":0,"ix":3},"m":1,"ix":2,"nm":"Ã­ÂÂ¨Ã¬ÂÂ¤ Ã«ÂÂ¤Ã«ÂÂ¬Ã¬ÂÂ´ Ã¬ÂÂÃ«Â¥Â´ÃªÂ¸Â° 1","mn":"ADBE Vector Filter - Trim","hd":false},{"ty":"st","c":{"a":0,"k":[0.219607858097,0.988235353956,0.768627510819,1],"ix":3},"o":{"a":0,"k":100,"ix":4},"w":{"a":0,"k":3,"ix":5},"lc":2,"lj":2,"bm":0,"nm":"Ã¬ÂÂ  1","mn":"ADBE Vector Graphic - Stroke","hd":false},{"ty":"tr","p":{"a":0,"k":[0,0],"ix":2},"a":{"a":0,"k":[0,0],"ix":1},"s":{"a":0,"k":[100,100],"ix":3},"r":{"a":0,"k":0,"ix":6},"o":{"a":0,"k":100,"ix":7},"sk":{"a":0,"k":0,"ix":4},"sa":{"a":0,"k":0,"ix":5},"nm":"Ã«Â³ÂÃ­ÂÂ"}],"nm":"ÃªÂ·Â¸Ã«Â£Â¹ 2","np":3,"cix":2,"bm":0,"ix":2,"mn":"ADBE Vector Group","hd":false}],"ip":0,"op":150.000006109625,"st":0,"ct":1,"bm":0},{"ddd":0,"ind":18,"ty":4,"nm":"heart","sr":1,"ks":{"o":{"a":0,"k":100,"ix":11},"r":{"a":0,"k":0,"ix":10},"p":{"a":0,"k":[122,124,0],"ix":2,"l":2},"a":{"a":0,"k":[0,0,0],"ix":1,"l":2},"s":{"a":0,"k":[100,100,100],"ix":6,"l":2}},"ao":0,"shapes":[{"ty":"gr","it":[{"ind":0,"ty":"sh","ix":1,"ks":{"a":0,"k":{"i":[[2.768,-1.395],[2.314,10.127],[-1.494,2.961],[-3.774,0.058],[-1.429,-3.794],[-3.83,-0.059],[-1.323,-2.62],[0.39,-1.708]],"o":[[-2.768,-1.395],[-0.39,-1.708],[1.323,-2.62],[3.83,-0.059],[1.429,-3.794],[3.774,0.058],[1.494,2.961],[-2.314,10.127]],"v":[[-4.325,-8.901],[-21.646,-26.472],[-21.173,-34.097],[-13.143,-39.294],[-4.325,-33.065],[4.494,-39.294],[12.524,-34.097],[12.996,-26.472]],"c":true},"ix":2},"nm":"Ã­ÂÂ¨Ã¬ÂÂ¤ 1","mn":"ADBE Vector Shape - Group","hd":false},{"ty":"st","c":{"a":0,"k":[1,1,1,1],"ix":3},"o":{"a":0,"k":15,"ix":4},"w":{"a":0,"k":3,"ix":5},"lc":2,"lj":2,"bm":0,"nm":"Ã¬ÂÂ  1","mn":"ADBE Vector Graphic - Stroke","hd":false},{"ty":"tr","p":{"a":0,"k":[0,0],"ix":2},"a":{"a":0,"k":[0,0],"ix":1},"s":{"a":0,"k":[100,100],"ix":3},"r":{"a":0,"k":0,"ix":6},"o":{"a":0,"k":100,"ix":7},"sk":{"a":0,"k":0,"ix":4},"sa":{"a":0,"k":0,"ix":5},"nm":"Ã«Â³ÂÃ­ÂÂ"}],"nm":"ÃªÂ·Â¸Ã«Â£Â¹ 1","np":2,"cix":2,"bm":0,"ix":1,"mn":"ADBE Vector Group","hd":false}],"ip":0,"op":150.000006109625,"st":0,"ct":1,"bm":0},{"ddd":0,"ind":19,"ty":4,"nm":"Layer 22","sr":1,"ks":{"o":{"a":0,"k":100,"ix":11},"r":{"a":0,"k":0,"ix":10},"p":{"a":0,"k":[122,124,0],"ix":2,"l":2},"a":{"a":0,"k":[0,0,0],"ix":1,"l":2},"s":{"a":0,"k":[100,100,100],"ix":6,"l":2}},"ao":0,"shapes":[{"ty":"gr","it":[{"ind":0,"ty":"sh","ix":1,"ks":{"a":0,"k":{"i":[[0,0],[0,0],[0,0],[0,0]],"o":[[0,0],[0,0],[0,0],[0,0]],"v":[[-30.075,-46.098],[-25.945,-41.968],[-20.35,-41.968],[-16.806,-38.424]],"c":false},"ix":2},"nm":"Ã­ÂÂ¨Ã¬ÂÂ¤ 1","mn":"ADBE Vector Shape - Group","hd":false},{"ty":"st","c":{"a":0,"k":[1,1,1,1],"ix":3},"o":{"a":0,"k":15,"ix":4},"w":{"a":0,"k":3,"ix":5},"lc":2,"lj":2,"bm":0,"nm":"Ã¬ÂÂ  1","mn":"ADBE Vector Graphic - Stroke","hd":false},{"ty":"tr","p":{"a":0,"k":[0,0],"ix":2},"a":{"a":0,"k":[0,0],"ix":1},"s":{"a":0,"k":[100,100],"ix":3},"r":{"a":0,"k":0,"ix":6},"o":{"a":0,"k":100,"ix":7},"sk":{"a":0,"k":0,"ix":4},"sa":{"a":0,"k":0,"ix":5},"nm":"Ã«Â³ÂÃ­ÂÂ"}],"nm":"ÃªÂ·Â¸Ã«Â£Â¹ 1","np":2,"cix":2,"bm":0,"ix":1,"mn":"ADBE Vector Group","hd":false},{"ty":"gr","it":[{"ind":0,"ty":"sh","ix":1,"ks":{"a":0,"k":{"i":[[-2.649,0.102],[-0.102,-2.648],[2.649,-0.102],[0.102,2.648]],"o":[[2.649,-0.102],[0.102,2.648],[-2.649,0.102],[-0.102,-2.648]],"v":[[-33.777,-54.277],[-28.796,-49.666],[-33.409,-44.688],[-38.389,-49.298]],"c":true},"ix":2},"nm":"Ã­ÂÂ¨Ã¬ÂÂ¤ 1","mn":"ADBE Vector Shape - Group","hd":false},{"ty":"st","c":{"a":0,"k":[1,1,1,1],"ix":3},"o":{"a":0,"k":15,"ix":4},"w":{"a":0,"k":3,"ix":5},"lc":2,"lj":2,"bm":0,"nm":"Ã¬ÂÂ  1","mn":"ADBE Vector Graphic - Stroke","hd":false},{"ty":"tr","p":{"a":0,"k":[0,0],"ix":2},"a":{"a":0,"k":[0,0],"ix":1},"s":{"a":0,"k":[100,100],"ix":3},"r":{"a":0,"k":0,"ix":6},"o":{"a":0,"k":100,"ix":7},"sk":{"a":0,"k":0,"ix":4},"sa":{"a":0,"k":0,"ix":5},"nm":"Ã«Â³ÂÃ­ÂÂ"}],"nm":"ÃªÂ·Â¸Ã«Â£Â¹ 2","np":2,"cix":2,"bm":0,"ix":2,"mn":"ADBE Vector Group","hd":false}],"ip":0,"op":150.000006109625,"st":0,"ct":1,"bm":0},{"ddd":0,"ind":20,"ty":4,"nm":"Layer 21","sr":1,"ks":{"o":{"a":0,"k":100,"ix":11},"r":{"a":0,"k":0,"ix":10},"p":{"a":0,"k":[122,124,0],"ix":2,"l":2},"a":{"a":0,"k":[0,0,0],"ix":1,"l":2},"s":{"a":0,"k":[100,100,100],"ix":6,"l":2}},"ao":0,"shapes":[{"ty":"gr","it":[{"ind":0,"ty":"sh","ix":1,"ks":{"a":0,"k":{"i":[[0,0],[0,0],[0,0],[0,0]],"o":[[0,0],[0,0],[0,0],[0,0]],"v":[[-40.164,-30.739],[-34.346,-30.739],[-27.524,-23.919],[-20.827,-23.919]],"c":false},"ix":2},"nm":"Ã­ÂÂ¨Ã¬ÂÂ¤ 1","mn":"ADBE Vector Shape - Group","hd":false},{"ty":"st","c":{"a":0,"k":[1,1,1,1],"ix":3},"o":{"a":0,"k":15,"ix":4},"w":{"a":0,"k":3,"ix":5},"lc":2,"lj":2,"bm":0,"nm":"Ã¬ÂÂ  1","mn":"ADBE Vector Graphic - Stroke","hd":false},{"ty":"tr","p":{"a":0,"k":[0,0],"ix":2},"a":{"a":0,"k":[0,0],"ix":1},"s":{"a":0,"k":[100,100],"ix":3},"r":{"a":0,"k":0,"ix":6},"o":{"a":0,"k":100,"ix":7},"sk":{"a":0,"k":0,"ix":4},"sa":{"a":0,"k":0,"ix":5},"nm":"Ã«Â³ÂÃ­ÂÂ"}],"nm":"ÃªÂ·Â¸Ã«Â£Â¹ 1","np":2,"cix":2,"bm":0,"ix":1,"mn":"ADBE Vector Group","hd":false},{"ty":"gr","it":[{"ind":0,"ty":"sh","ix":1,"ks":{"a":0,"k":{"i":[[-2.398,0.092],[-0.092,-2.398],[2.398,-0.092],[0.092,2.398]],"o":[[2.398,-0.092],[0.092,2.398],[-2.398,0.092],[-0.092,-2.398]],"v":[[-44.745,-35.081],[-40.236,-30.906],[-44.412,-26.398],[-48.921,-30.573]],"c":true},"ix":2},"nm":"Ã­ÂÂ¨Ã¬ÂÂ¤ 1","mn":"ADBE Vector Shape - Group","hd":false},{"ty":"st","c":{"a":0,"k":[1,1,1,1],"ix":3},"o":{"a":0,"k":15,"ix":4},"w":{"a":0,"k":3,"ix":5},"lc":2,"lj":2,"bm":0,"nm":"Ã¬ÂÂ  1","mn":"ADBE Vector Graphic - Stroke","hd":false},{"ty":"tr","p":{"a":0,"k":[0,0],"ix":2},"a":{"a":0,"k":[0,0],"ix":1},"s":{"a":0,"k":[100,100],"ix":3},"r":{"a":0,"k":0,"ix":6},"o":{"a":0,"k":100,"ix":7},"sk":{"a":0,"k":0,"ix":4},"sa":{"a":0,"k":0,"ix":5},"nm":"Ã«Â³ÂÃ­ÂÂ"}],"nm":"ÃªÂ·Â¸Ã«Â£Â¹ 2","np":2,"cix":2,"bm":0,"ix":2,"mn":"ADBE Vector Group","hd":false}],"ip":0,"op":150.000006109625,"st":0,"ct":1,"bm":0},{"ddd":0,"ind":21,"ty":4,"nm":"Layer 20","sr":1,"ks":{"o":{"a":0,"k":100,"ix":11},"r":{"a":0,"k":0,"ix":10},"p":{"a":0,"k":[122,124,0],"ix":2,"l":2},"a":{"a":0,"k":[0,0,0],"ix":1,"l":2},"s":{"a":0,"k":[100,100,100],"ix":6,"l":2}},"ao":0,"shapes":[{"ty":"gr","it":[{"ind":0,"ty":"sh","ix":1,"ks":{"a":0,"k":{"i":[[0,0],[0,0],[0,0]],"o":[[0,0],[0,0],[0,0]],"v":[[-17.623,-18.748],[-23.87,-12.545],[-35.817,-12.545]],"c":false},"ix":2},"nm":"Ã­ÂÂ¨Ã¬ÂÂ¤ 1","mn":"ADBE Vector Shape - Group","hd":false},{"ty":"st","c":{"a":0,"k":[1,1,1,1],"ix":3},"o":{"a":0,"k":15,"ix":4},"w":{"a":0,"k":3,"ix":5},"lc":2,"lj":2,"bm":0,"nm":"Ã¬ÂÂ  1","mn":"ADBE Vector Graphic - Stroke","hd":false},{"ty":"tr","p":{"a":0,"k":[0,0],"ix":2},"a":{"a":0,"k":[0,0],"ix":1},"s":{"a":0,"k":[100,100],"ix":3},"r":{"a":0,"k":0,"ix":6},"o":{"a":0,"k":100,"ix":7},"sk":{"a":0,"k":0,"ix":4},"sa":{"a":0,"k":0,"ix":5},"nm":"Ã«Â³ÂÃ­ÂÂ"}],"nm":"ÃªÂ·Â¸Ã«Â£Â¹ 1","np":2,"cix":2,"bm":0,"ix":1,"mn":"ADBE Vector Group","hd":false},{"ty":"gr","it":[{"ind":0,"ty":"sh","ix":1,"ks":{"a":0,"k":{"i":[[-1.674,0.064],[-0.064,-1.674],[1.674,-0.064],[0.064,1.674]],"o":[[1.674,-0.064],[0.064,1.674],[-1.674,0.064],[-0.064,-1.674]],"v":[[-38.965,-15.626],[-35.817,-12.712],[-38.733,-9.565],[-41.88,-12.479]],"c":true},"ix":2},"nm":"Ã­ÂÂ¨Ã¬ÂÂ¤ 1","mn":"ADBE Vector Shape - Group","hd":false},{"ty":"st","c":{"a":0,"k":[1,1,1,1],"ix":3},"o":{"a":0,"k":15,"ix":4},"w":{"a":0,"k":3,"ix":5},"lc":2,"lj":2,"bm":0,"nm":"Ã¬ÂÂ  1","mn":"ADBE Vector Graphic - Stroke","hd":false},{"ty":"tr","p":{"a":0,"k":[0,0],"ix":2},"a":{"a":0,"k":[0,0],"ix":1},"s":{"a":0,"k":[100,100],"ix":3},"r":{"a":0,"k":0,"ix":6},"o":{"a":0,"k":100,"ix":7},"sk":{"a":0,"k":0,"ix":4},"sa":{"a":0,"k":0,"ix":5},"nm":"Ã«Â³ÂÃ­ÂÂ"}],"nm":"ÃªÂ·Â¸Ã«Â£Â¹ 2","np":2,"cix":2,"bm":0,"ix":2,"mn":"ADBE Vector Group","hd":false}],"ip":0,"op":150.000006109625,"st":0,"ct":1,"bm":0},{"ddd":0,"ind":22,"ty":4,"nm":"Layer 19","sr":1,"ks":{"o":{"a":0,"k":100,"ix":11},"r":{"a":0,"k":0,"ix":10},"p":{"a":0,"k":[122,124,0],"ix":2,"l":2},"a":{"a":0,"k":[0,0,0],"ix":1,"l":2},"s":{"a":0,"k":[100,100,100],"ix":6,"l":2}},"ao":0,"shapes":[{"ty":"gr","it":[{"ind":0,"ty":"sh","ix":1,"ks":{"a":0,"k":{"i":[[0,0],[0,0],[0,0],[0,0]],"o":[[0,0],[0,0],[0,0],[0,0]],"v":[[-29.323,-0.414],[-21.421,-8.315],[-13.857,-8.315],[-10.028,-12.144]],"c":false},"ix":2},"nm":"Ã­ÂÂ¨Ã¬ÂÂ¤ 1","mn":"ADBE Vector Shape - Group","hd":false},{"ty":"st","c":{"a":0,"k":[1,1,1,1],"ix":3},"o":{"a":0,"k":15,"ix":4},"w":{"a":0,"k":3,"ix":5},"lc":2,"lj":2,"bm":0,"nm":"Ã¬ÂÂ  1","mn":"ADBE Vector Graphic - Stroke","hd":false},{"ty":"tr","p":{"a":0,"k":[0,0],"ix":2},"a":{"a":0,"k":[0,0],"ix":1},"s":{"a":0,"k":[100,100],"ix":3},"r":{"a":0,"k":0,"ix":6},"o":{"a":0,"k":100,"ix":7},"sk":{"a":0,"k":0,"ix":4},"sa":{"a":0,"k":0,"ix":5},"nm":"Ã«Â³ÂÃ­ÂÂ"}],"nm":"ÃªÂ·Â¸Ã«Â£Â¹ 1","np":2,"cix":2,"bm":0,"ix":1,"mn":"ADBE Vector Group","hd":false},{"ty":"gr","it":[{"ind":0,"ty":"sh","ix":1,"ks":{"a":0,"k":{"i":[[-1.679,0.064],[-0.064,-1.679],[1.679,-0.064],[0.064,1.679]],"o":[[1.679,-0.064],[0.064,1.679],[-1.679,0.064],[-0.064,-1.679]],"v":[[-31.587,-1.261],[-28.429,1.662],[-31.353,4.818],[-34.51,1.895]],"c":true},"ix":2},"nm":"Ã­ÂÂ¨Ã¬ÂÂ¤ 1","mn":"ADBE Vector Shape - Group","hd":false},{"ty":"st","c":{"a":0,"k":[1,1,1,1],"ix":3},"o":{"a":0,"k":15,"ix":4},"w":{"a":0,"k":3,"ix":5},"lc":2,"lj":2,"bm":0,"nm":"Ã¬ÂÂ  1","mn":"ADBE Vector Graphic - Stroke","hd":false},{"ty":"tr","p":{"a":0,"k":[0,0],"ix":2},"a":{"a":0,"k":[0,0],"ix":1},"s":{"a":0,"k":[100,100],"ix":3},"r":{"a":0,"k":0,"ix":6},"o":{"a":0,"k":100,"ix":7},"sk":{"a":0,"k":0,"ix":4},"sa":{"a":0,"k":0,"ix":5},"nm":"Ã«Â³ÂÃ­ÂÂ"}],"nm":"ÃªÂ·Â¸Ã«Â£Â¹ 2","np":2,"cix":2,"bm":0,"ix":2,"mn":"ADBE Vector Group","hd":false}],"ip":0,"op":150.000006109625,"st":0,"ct":1,"bm":0},{"ddd":0,"ind":23,"ty":4,"nm":"Layer 18","sr":1,"ks":{"o":{"a":0,"k":100,"ix":11},"r":{"a":0,"k":0,"ix":10},"p":{"a":0,"k":[122,124,0],"ix":2,"l":2},"a":{"a":0,"k":[0,0,0],"ix":1,"l":2},"s":{"a":0,"k":[100,100,100],"ix":6,"l":2}},"ao":0,"shapes":[{"ty":"gr","it":[{"ind":0,"ty":"sh","ix":1,"ks":{"a":0,"k":{"i":[[0,0],[0,0],[0,0],[0,0]],"o":[[0,0],[0,0],[0,0],[0,0]],"v":[[-7.158,-10.425],[-7.158,-1.002],[-12.385,4.223],[-12.385,9.534]],"c":false},"ix":2},"nm":"Ã­ÂÂ¨Ã¬ÂÂ¤ 1","mn":"ADBE Vector Shape - Group","hd":false},{"ty":"st","c":{"a":0,"k":[1,1,1,1],"ix":3},"o":{"a":0,"k":15,"ix":4},"w":{"a":0,"k":3,"ix":5},"lc":2,"lj":2,"bm":0,"nm":"Ã¬ÂÂ  1","mn":"ADBE Vector Graphic - Stroke","hd":false},{"ty":"tr","p":{"a":0,"k":[0,0],"ix":2},"a":{"a":0,"k":[0,0],"ix":1},"s":{"a":0,"k":[100,100],"ix":3},"r":{"a":0,"k":0,"ix":6},"o":{"a":0,"k":100,"ix":7},"sk":{"a":0,"k":0,"ix":4},"sa":{"a":0,"k":0,"ix":5},"nm":"Ã«Â³ÂÃ­ÂÂ"}],"nm":"ÃªÂ·Â¸Ã«Â£Â¹ 1","np":2,"cix":2,"bm":0,"ix":1,"mn":"ADBE Vector Group","hd":false},{"ty":"gr","it":[{"ind":0,"ty":"sh","ix":1,"ks":{"a":0,"k":{"i":[[-2.398,0.092],[-0.092,-2.398],[2.398,-0.092],[0.092,2.398]],"o":[[2.398,-0.092],[0.092,2.398],[-2.398,0.092],[-0.092,-2.398]],"v":[[-12.551,9.503],[-8.042,13.678],[-12.218,18.186],[-16.727,14.011]],"c":true},"ix":2},"nm":"Ã­ÂÂ¨Ã¬ÂÂ¤ 1","mn":"ADBE Vector Shape - Group","hd":false},{"ty":"st","c":{"a":0,"k":[1,1,1,1],"ix":3},"o":{"a":0,"k":15,"ix":4},"w":{"a":0,"k":3,"ix":5},"lc":2,"lj":2,"bm":0,"nm":"Ã¬ÂÂ  1","mn":"ADBE Vector Graphic - Stroke","hd":false},{"ty":"tr","p":{"a":0,"k":[0,0],"ix":2},"a":{"a":0,"k":[0,0],"ix":1},"s":{"a":0,"k":[100,100],"ix":3},"r":{"a":0,"k":0,"ix":6},"o":{"a":0,"k":100,"ix":7},"sk":{"a":0,"k":0,"ix":4},"sa":{"a":0,"k":0,"ix":5},"nm":"Ã«Â³ÂÃ­ÂÂ"}],"nm":"ÃªÂ·Â¸Ã«Â£Â¹ 2","np":2,"cix":2,"bm":0,"ix":2,"mn":"ADBE Vector Group","hd":false}],"ip":0,"op":150.000006109625,"st":0,"ct":1,"bm":0},{"ddd":0,"ind":24,"ty":4,"nm":"Layer 17","sr":1,"ks":{"o":{"a":0,"k":100,"ix":11},"r":{"a":0,"k":0,"ix":10},"p":{"a":0,"k":[122,124,0],"ix":2,"l":2},"a":{"a":0,"k":[0,0,0],"ix":1,"l":2},"s":{"a":0,"k":[100,100,100],"ix":6,"l":2}},"ao":0,"shapes":[{"ty":"gr","it":[{"ind":0,"ty":"sh","ix":1,"ks":{"a":0,"k":{"i":[[0,0],[0,0],[0,0]],"o":[[0,0],[0,0],[0,0]],"v":[[-1.284,-10.425],[-1.284,-2.783],[4.881,3.379]],"c":false},"ix":2},"nm":"Ã­ÂÂ¨Ã¬ÂÂ¤ 1","mn":"ADBE Vector Shape - Group","hd":false},{"ty":"st","c":{"a":0,"k":[1,1,1,1],"ix":3},"o":{"a":0,"k":15,"ix":4},"w":{"a":0,"k":3,"ix":5},"lc":2,"lj":2,"bm":0,"nm":"Ã¬ÂÂ  1","mn":"ADBE Vector Graphic - Stroke","hd":false},{"ty":"tr","p":{"a":0,"k":[0,0],"ix":2},"a":{"a":0,"k":[0,0],"ix":1},"s":{"a":0,"k":[100,100],"ix":3},"r":{"a":0,"k":0,"ix":6},"o":{"a":0,"k":100,"ix":7},"sk":{"a":0,"k":0,"ix":4},"sa":{"a":0,"k":0,"ix":5},"nm":"Ã«Â³ÂÃ­ÂÂ"}],"nm":"ÃªÂ·Â¸Ã«Â£Â¹ 1","np":2,"cix":2,"bm":0,"ix":1,"mn":"ADBE Vector Group","hd":false},{"ty":"gr","it":[{"ind":0,"ty":"sh","ix":1,"ks":{"a":0,"k":{"i":[[-1.786,0.069],[-0.069,-1.786],[1.786,-0.069],[0.069,1.786]],"o":[[1.786,-0.069],[0.069,1.786],[-1.786,0.069],[-0.069,-1.786]],"v":[[7.257,2.678],[10.616,5.787],[7.505,9.145],[4.147,6.035]],"c":true},"ix":2},"nm":"Ã­ÂÂ¨Ã¬ÂÂ¤ 1","mn":"ADBE Vector Shape - Group","hd":false},{"ty":"st","c":{"a":0,"k":[1,1,1,1],"ix":3},"o":{"a":0,"k":15,"ix":4},"w":{"a":0,"k":3,"ix":5},"lc":2,"lj":2,"bm":0,"nm":"Ã¬ÂÂ  1","mn":"ADBE Vector Graphic - Stroke","hd":false},{"ty":"tr","p":{"a":0,"k":[0,0],"ix":2},"a":{"a":0,"k":[0,0],"ix":1},"s":{"a":0,"k":[100,100],"ix":3},"r":{"a":0,"k":0,"ix":6},"o":{"a":0,"k":100,"ix":7},"sk":{"a":0,"k":0,"ix":4},"sa":{"a":0,"k":0,"ix":5},"nm":"Ã«Â³ÂÃ­ÂÂ"}],"nm":"ÃªÂ·Â¸Ã«Â£Â¹ 2","np":2,"cix":2,"bm":0,"ix":2,"mn":"ADBE Vector Group","hd":false}],"ip":0,"op":150.000006109625,"st":0,"ct":1,"bm":0},{"ddd":0,"ind":25,"ty":4,"nm":"Layer 16","sr":1,"ks":{"o":{"a":0,"k":100,"ix":11},"r":{"a":0,"k":0,"ix":10},"p":{"a":0,"k":[122,124,0],"ix":2,"l":2},"a":{"a":0,"k":[0,0,0],"ix":1,"l":2},"s":{"a":0,"k":[100,100,100],"ix":6,"l":2}},"ao":0,"shapes":[{"ty":"gr","it":[{"ind":0,"ty":"sh","ix":1,"ks":{"a":0,"k":{"i":[[0,0],[0,0],[0,0]],"o":[[0,0],[0,0],[0,0]],"v":[[3.913,-13.966],[17.862,-0.02],[17.862,9.5]],"c":false},"ix":2},"nm":"Ã­ÂÂ¨Ã¬ÂÂ¤ 1","mn":"ADBE Vector Shape - Group","hd":false},{"ty":"st","c":{"a":0,"k":[1,1,1,1],"ix":3},"o":{"a":0,"k":15,"ix":4},"w":{"a":0,"k":3,"ix":5},"lc":2,"lj":2,"bm":0,"nm":"Ã¬ÂÂ  1","mn":"ADBE Vector Graphic - Stroke","hd":false},{"ty":"tr","p":{"a":0,"k":[0,0],"ix":2},"a":{"a":0,"k":[0,0],"ix":1},"s":{"a":0,"k":[100,100],"ix":3},"r":{"a":0,"k":0,"ix":6},"o":{"a":0,"k":100,"ix":7},"sk":{"a":0,"k":0,"ix":4},"sa":{"a":0,"k":0,"ix":5},"nm":"Ã«Â³ÂÃ­ÂÂ"}],"nm":"ÃªÂ·Â¸Ã«Â£Â¹ 1","np":2,"cix":2,"bm":0,"ix":1,"mn":"ADBE Vector Group","hd":false},{"ty":"gr","it":[{"ind":0,"ty":"sh","ix":1,"ks":{"a":0,"k":{"i":[[-1.786,0.069],[-0.069,-1.786],[1.786,-0.069],[0.069,1.786]],"o":[[1.786,-0.069],[0.069,1.786],[-1.786,0.069],[-0.069,-1.786]],"v":[[17.738,9.503],[21.096,12.612],[17.986,15.969],[14.628,12.86]],"c":true},"ix":2},"nm":"Ã­ÂÂ¨Ã¬ÂÂ¤ 1","mn":"ADBE Vector Shape - Group","hd":false},{"ty":"st","c":{"a":0,"k":[1,1,1,1],"ix":3},"o":{"a":0,"k":15,"ix":4},"w":{"a":0,"k":3,"ix":5},"lc":2,"lj":2,"bm":0,"nm":"Ã¬ÂÂ  1","mn":"ADBE Vector Graphic - Stroke","hd":false},{"ty":"tr","p":{"a":0,"k":[0,0],"ix":2},"a":{"a":0,"k":[0,0],"ix":1},"s":{"a":0,"k":[100,100],"ix":3},"r":{"a":0,"k":0,"ix":6},"o":{"a":0,"k":100,"ix":7},"sk":{"a":0,"k":0,"ix":4},"sa":{"a":0,"k":0,"ix":5},"nm":"Ã«Â³ÂÃ­ÂÂ"}],"nm":"ÃªÂ·Â¸Ã«Â£Â¹ 2","np":2,"cix":2,"bm":0,"ix":2,"mn":"ADBE Vector Group","hd":false}],"ip":0,"op":150.000006109625,"st":0,"ct":1,"bm":0},{"ddd":0,"ind":26,"ty":4,"nm":"Layer 15","sr":1,"ks":{"o":{"a":0,"k":100,"ix":11},"r":{"a":0,"k":0,"ix":10},"p":{"a":0,"k":[122,124,0],"ix":2,"l":2},"a":{"a":0,"k":[0,0,0],"ix":1,"l":2},"s":{"a":0,"k":[100,100,100],"ix":6,"l":2}},"ao":0,"shapes":[{"ty":"gr","it":[{"ind":0,"ty":"sh","ix":1,"ks":{"a":0,"k":{"i":[[0,0],[0,0],[0,0]],"o":[[0,0],[0,0],[0,0]],"v":[[11.89,-6.026],[21.42,-6.026],[27.38,-0.068]],"c":false},"ix":2},"nm":"Ã­ÂÂ¨Ã¬ÂÂ¤ 1","mn":"ADBE Vector Shape - Group","hd":false},{"ty":"st","c":{"a":0,"k":[1,1,1,1],"ix":3},"o":{"a":0,"k":15,"ix":4},"w":{"a":0,"k":3,"ix":5},"lc":2,"lj":2,"bm":0,"nm":"Ã¬ÂÂ  1","mn":"ADBE Vector Graphic - Stroke","hd":false},{"ty":"tr","p":{"a":0,"k":[0,0],"ix":2},"a":{"a":0,"k":[0,0],"ix":1},"s":{"a":0,"k":[100,100],"ix":3},"r":{"a":0,"k":0,"ix":6},"o":{"a":0,"k":100,"ix":7},"sk":{"a":0,"k":0,"ix":4},"sa":{"a":0,"k":0,"ix":5},"nm":"Ã«Â³ÂÃ­ÂÂ"}],"nm":"ÃªÂ·Â¸Ã«Â£Â¹ 1","np":2,"cix":2,"bm":0,"ix":1,"mn":"ADBE Vector Group","hd":false},{"ty":"gr","it":[{"ind":0,"ty":"sh","ix":1,"ks":{"a":0,"k":{"i":[[-1.786,0.069],[-0.069,-1.786],[1.786,-0.069],[0.069,1.786]],"o":[[1.786,-0.069],[0.069,1.786],[-1.786,0.069],[-0.069,-1.786]],"v":[[29.52,-0.991],[32.878,2.118],[29.768,5.475],[26.41,2.366]],"c":true},"ix":2},"nm":"Ã­ÂÂ¨Ã¬ÂÂ¤ 1","mn":"ADBE Vector Shape - Group","hd":false},{"ty":"st","c":{"a":0,"k":[1,1,1,1],"ix":3},"o":{"a":0,"k":15,"ix":4},"w":{"a":0,"k":3,"ix":5},"lc":2,"lj":2,"bm":0,"nm":"Ã¬ÂÂ  1","mn":"ADBE Vector Graphic - Stroke","hd":false},{"ty":"tr","p":{"a":0,"k":[0,0],"ix":2},"a":{"a":0,"k":[0,0],"ix":1},"s":{"a":0,"k":[100,100],"ix":3},"r":{"a":0,"k":0,"ix":6},"o":{"a":0,"k":100,"ix":7},"sk":{"a":0,"k":0,"ix":4},"sa":{"a":0,"k":0,"ix":5},"nm":"Ã«Â³ÂÃ­ÂÂ"}],"nm":"ÃªÂ·Â¸Ã«Â£Â¹ 2","np":2,"cix":2,"bm":0,"ix":2,"mn":"ADBE Vector Group","hd":false}],"ip":0,"op":150.000006109625,"st":0,"ct":1,"bm":0},{"ddd":0,"ind":27,"ty":4,"nm":"Layer 14","sr":1,"ks":{"o":{"a":0,"k":100,"ix":11},"r":{"a":0,"k":0,"ix":10},"p":{"a":0,"k":[122,124,0],"ix":2,"l":2},"a":{"a":0,"k":[0,0,0],"ix":1,"l":2},"s":{"a":0,"k":[100,100,100],"ix":6,"l":2}},"ao":0,"shapes":[{"ty":"gr","it":[{"ind":0,"ty":"sh","ix":1,"ks":{"a":0,"k":{"i":[[0,0],[0,0],[0,0]],"o":[[0,0],[0,0],[0,0]],"v":[[10.033,-19.912],[16.454,-13.494],[24.077,-13.494]],"c":false},"ix":2},"nm":"Ã­ÂÂ¨Ã¬ÂÂ¤ 1","mn":"ADBE Vector Shape - Group","hd":false},{"ty":"st","c":{"a":0,"k":[1,1,1,1],"ix":3},"o":{"a":0,"k":15,"ix":4},"w":{"a":0,"k":3,"ix":5},"lc":2,"lj":2,"bm":0,"nm":"Ã¬ÂÂ  1","mn":"ADBE Vector Graphic - Stroke","hd":false},{"ty":"tr","p":{"a":0,"k":[0,0],"ix":2},"a":{"a":0,"k":[0,0],"ix":1},"s":{"a":0,"k":[100,100],"ix":3},"r":{"a":0,"k":0,"ix":6},"o":{"a":0,"k":100,"ix":7},"sk":{"a":0,"k":0,"ix":4},"sa":{"a":0,"k":0,"ix":5},"nm":"Ã«Â³ÂÃ­ÂÂ"}],"nm":"ÃªÂ·Â¸Ã«Â£Â¹ 1","np":2,"cix":2,"bm":0,"ix":1,"mn":"ADBE Vector Group","hd":false},{"ty":"gr","it":[{"ind":0,"ty":"sh","ix":1,"ks":{"a":0,"k":{"i":[[-1.889,0.072],[-0.072,-1.888],[1.889,-0.072],[0.072,1.888]],"o":[[1.889,-0.072],[0.072,1.888],[-1.889,0.072],[-0.072,-1.888]],"v":[[27.367,-17.02],[30.918,-13.732],[27.629,-10.183],[24.079,-13.47]],"c":true},"ix":2},"nm":"Ã­ÂÂ¨Ã¬ÂÂ¤ 1","mn":"ADBE Vector Shape - Group","hd":false},{"ty":"st","c":{"a":0,"k":[1,1,1,1],"ix":3},"o":{"a":0,"k":15,"ix":4},"w":{"a":0,"k":3,"ix":5},"lc":2,"lj":2,"bm":0,"nm":"Ã¬ÂÂ  1","mn":"ADBE Vector Graphic - Stroke","hd":false},{"ty":"tr","p":{"a":0,"k":[0,0],"ix":2},"a":{"a":0,"k":[0,0],"ix":1},"s":{"a":0,"k":[100,100],"ix":3},"r":{"a":0,"k":0,"ix":6},"o":{"a":0,"k":100,"ix":7},"sk":{"a":0,"k":0,"ix":4},"sa":{"a":0,"k":0,"ix":5},"nm":"Ã«Â³ÂÃ­ÂÂ"}],"nm":"ÃªÂ·Â¸Ã«Â£Â¹ 2","np":2,"cix":2,"bm":0,"ix":2,"mn":"ADBE Vector Group","hd":false}],"ip":0,"op":150.000006109625,"st":0,"ct":1,"bm":0},{"ddd":0,"ind":28,"ty":4,"nm":"Layer 13","sr":1,"ks":{"o":{"a":0,"k":100,"ix":11},"r":{"a":0,"k":0,"ix":10},"p":{"a":0,"k":[122,124,0],"ix":2,"l":2},"a":{"a":0,"k":[0,0,0],"ix":1,"l":2},"s":{"a":0,"k":[100,100,100],"ix":6,"l":2}},"ao":0,"shapes":[{"ty":"gr","it":[{"ind":0,"ty":"sh","ix":1,"ks":{"a":0,"k":{"i":[[0,0],[0,0]],"o":[[0,0],[0,0]],"v":[[12.405,-24.497],[32.022,-24.497]],"c":false},"ix":2},"nm":"Ã­ÂÂ¨Ã¬ÂÂ¤ 1","mn":"ADBE Vector Shape - Group","hd":false},{"ty":"st","c":{"a":0,"k":[1,1,1,1],"ix":3},"o":{"a":0,"k":15,"ix":4},"w":{"a":0,"k":3,"ix":5},"lc":2,"lj":2,"bm":0,"nm":"Ã¬ÂÂ  1","mn":"ADBE Vector Graphic - Stroke","hd":false},{"ty":"tr","p":{"a":0,"k":[0,0],"ix":2},"a":{"a":0,"k":[0,0],"ix":1},"s":{"a":0,"k":[100,100],"ix":3},"r":{"a":0,"k":0,"ix":6},"o":{"a":0,"k":100,"ix":7},"sk":{"a":0,"k":0,"ix":4},"sa":{"a":0,"k":0,"ix":5},"nm":"Ã«Â³ÂÃ­ÂÂ"}],"nm":"ÃªÂ·Â¸Ã«Â£Â¹ 1","np":2,"cix":2,"bm":0,"ix":1,"mn":"ADBE Vector Group","hd":false},{"ty":"gr","it":[{"ind":0,"ty":"sh","ix":1,"ks":{"a":0,"k":{"i":[[-1.733,0.066],[-0.066,-1.732],[1.733,-0.066],[0.066,1.732]],"o":[[1.733,-0.066],[0.066,1.732],[-1.733,0.066],[-0.066,-1.732]],"v":[[35.042,-27.587],[38.3,-24.571],[35.283,-21.314],[32.025,-24.33]],"c":true},"ix":2},"nm":"Ã­ÂÂ¨Ã¬ÂÂ¤ 1","mn":"ADBE Vector Shape - Group","hd":false},{"ty":"st","c":{"a":0,"k":[1,1,1,1],"ix":3},"o":{"a":0,"k":15,"ix":4},"w":{"a":0,"k":3,"ix":5},"lc":2,"lj":2,"bm":0,"nm":"Ã¬ÂÂ  1","mn":"ADBE Vector Graphic - Stroke","hd":false},{"ty":"tr","p":{"a":0,"k":[0,0],"ix":2},"a":{"a":0,"k":[0,0],"ix":1},"s":{"a":0,"k":[100,100],"ix":3},"r":{"a":0,"k":0,"ix":6},"o":{"a":0,"k":100,"ix":7},"sk":{"a":0,"k":0,"ix":4},"sa":{"a":0,"k":0,"ix":5},"nm":"Ã«Â³ÂÃ­ÂÂ"}],"nm":"ÃªÂ·Â¸Ã«Â£Â¹ 2","np":2,"cix":2,"bm":0,"ix":2,"mn":"ADBE Vector Group","hd":false}],"ip":0,"op":150.000006109625,"st":0,"ct":1,"bm":0},{"ddd":0,"ind":29,"ty":4,"nm":"Layer 5","sr":1,"ks":{"o":{"a":0,"k":100,"ix":11},"r":{"a":0,"k":0,"ix":10},"p":{"a":0,"k":[122,124,0],"ix":2,"l":2},"a":{"a":0,"k":[0,0,0],"ix":1,"l":2},"s":{"a":0,"k":[100,100,100],"ix":6,"l":2}},"ao":0,"shapes":[{"ty":"gr","it":[{"ind":0,"ty":"sh","ix":1,"ks":{"a":0,"k":{"i":[[0,0],[0,0],[0,0],[0,0]],"o":[[0,0],[0,0],[0,0],[0,0]],"v":[[40.713,-39.452],[30.12,-39.452],[21.267,-30.603],[13.453,-30.603]],"c":false},"ix":2},"nm":"Ã­ÂÂ¨Ã¬ÂÂ¤ 1","mn":"ADBE Vector Shape - Group","hd":false},{"ty":"st","c":{"a":0,"k":[1,1,1,1],"ix":3},"o":{"a":0,"k":15,"ix":4},"w":{"a":0,"k":3,"ix":5},"lc":2,"lj":2,"bm":0,"nm":"Ã¬ÂÂ  1","mn":"ADBE Vector Graphic - Stroke","hd":false},{"ty":"tr","p":{"a":0,"k":[0,0],"ix":2},"a":{"a":0,"k":[0,0],"ix":1},"s":{"a":0,"k":[100,100],"ix":3},"r":{"a":0,"k":0,"ix":6},"o":{"a":0,"k":100,"ix":7},"sk":{"a":0,"k":0,"ix":4},"sa":{"a":0,"k":0,"ix":5},"nm":"Ã«Â³ÂÃ­ÂÂ"}],"nm":"ÃªÂ·Â¸Ã«Â£Â¹ 1","np":2,"cix":2,"bm":0,"ix":1,"mn":"ADBE Vector Group","hd":false},{"ty":"gr","it":[{"ind":0,"ty":"sh","ix":1,"ks":{"a":0,"k":{"i":[[-2.017,0.077],[-0.077,-2.016],[2.017,-0.077],[0.077,2.016]],"o":[[2.017,-0.077],[0.077,2.016],[-2.017,0.077],[-0.077,-2.016]],"v":[[44.79,-43.175],[48.583,-39.664],[45.071,-35.873],[41.278,-39.384]],"c":true},"ix":2},"nm":"Ã­ÂÂ¨Ã¬ÂÂ¤ 1","mn":"ADBE Vector Shape - Group","hd":false},{"ty":"st","c":{"a":0,"k":[1,1,1,1],"ix":3},"o":{"a":0,"k":15,"ix":4},"w":{"a":0,"k":3,"ix":5},"lc":2,"lj":2,"bm":0,"nm":"Ã¬ÂÂ  1","mn":"ADBE Vector Graphic - Stroke","hd":false},{"ty":"tr","p":{"a":0,"k":[0,0],"ix":2},"a":{"a":0,"k":[0,0],"ix":1},"s":{"a":0,"k":[100,100],"ix":3},"r":{"a":0,"k":0,"ix":6},"o":{"a":0,"k":100,"ix":7},"sk":{"a":0,"k":0,"ix":4},"sa":{"a":0,"k":0,"ix":5},"nm":"Ã«Â³ÂÃ­ÂÂ"}],"nm":"ÃªÂ·Â¸Ã«Â£Â¹ 2","np":2,"cix":2,"bm":0,"ix":2,"mn":"ADBE Vector Group","hd":false}],"ip":0,"op":150.000006109625,"st":0,"ct":1,"bm":0},{"ddd":0,"ind":30,"ty":4,"nm":"Layer 9","sr":1,"ks":{"o":{"a":0,"k":100,"ix":11},"r":{"a":0,"k":0,"ix":10},"p":{"a":0,"k":[122,124,0],"ix":2,"l":2},"a":{"a":0,"k":[0,0,0],"ix":1,"l":2},"s":{"a":0,"k":[100,100,100],"ix":6,"l":2}},"ao":0,"shapes":[{"ty":"gr","it":[{"ind":0,"ty":"sh","ix":1,"ks":{"a":0,"k":{"i":[[0,0],[0,0],[0,0],[0,0]],"o":[[0,0],[0,0],[0,0],[0,0]],"v":[[11.46,-37.631],[17.753,-43.922],[17.753,-49.293],[21.428,-52.968]],"c":false},"ix":2},"nm":"Ã­ÂÂ¨Ã¬ÂÂ¤ 1","mn":"ADBE Vector Shape - Group","hd":false},{"ty":"st","c":{"a":0,"k":[1,1,1,1],"ix":3},"o":{"a":0,"k":15,"ix":4},"w":{"a":0,"k":3,"ix":5},"lc":2,"lj":2,"bm":0,"nm":"Ã¬ÂÂ  1","mn":"ADBE Vector Graphic - Stroke","hd":false},{"ty":"tr","p":{"a":0,"k":[0,0],"ix":2},"a":{"a":0,"k":[0,0],"ix":1},"s":{"a":0,"k":[100,100],"ix":3},"r":{"a":0,"k":0,"ix":6},"o":{"a":0,"k":100,"ix":7},"sk":{"a":0,"k":0,"ix":4},"sa":{"a":0,"k":0,"ix":5},"nm":"Ã«Â³ÂÃ­ÂÂ"}],"nm":"ÃªÂ·Â¸Ã«Â£Â¹ 1","np":2,"cix":2,"bm":0,"ix":1,"mn":"ADBE Vector Group","hd":false},{"ty":"gr","it":[{"ind":0,"ty":"sh","ix":1,"ks":{"a":0,"k":{"i":[[-2.356,0.09],[-0.09,-2.356],[2.356,-0.09],[0.09,2.356]],"o":[[2.356,-0.09],[0.09,2.356],[-2.356,0.09],[-0.09,-2.356]],"v":[[24.301,-60.32],[28.731,-56.218],[24.628,-51.789],[20.198,-55.891]],"c":true},"ix":2},"nm":"Ã­ÂÂ¨Ã¬ÂÂ¤ 1","mn":"ADBE Vector Shape - Group","hd":false},{"ty":"st","c":{"a":0,"k":[1,1,1,1],"ix":3},"o":{"a":0,"k":15,"ix":4},"w":{"a":0,"k":3,"ix":5},"lc":2,"lj":2,"bm":0,"nm":"Ã¬ÂÂ  1","mn":"ADBE Vector Graphic - Stroke","hd":false},{"ty":"tr","p":{"a":0,"k":[0,0],"ix":2},"a":{"a":0,"k":[0,0],"ix":1},"s":{"a":0,"k":[100,100],"ix":3},"r":{"a":0,"k":0,"ix":6},"o":{"a":0,"k":100,"ix":7},"sk":{"a":0,"k":0,"ix":4},"sa":{"a":0,"k":0,"ix":5},"nm":"Ã«Â³ÂÃ­ÂÂ"}],"nm":"ÃªÂ·Â¸Ã«Â£Â¹ 2","np":2,"cix":2,"bm":0,"ix":2,"mn":"ADBE Vector Group","hd":false}],"ip":0,"op":150.000006109625,"st":0,"ct":1,"bm":0},{"ddd":0,"ind":31,"ty":4,"nm":"Layer 8","sr":1,"ks":{"o":{"a":0,"k":100,"ix":11},"r":{"a":0,"k":0,"ix":10},"p":{"a":0,"k":[122,124,0],"ix":2,"l":2},"a":{"a":0,"k":[0,0,0],"ix":1,"l":2},"s":{"a":0,"k":[100,100,100],"ix":6,"l":2}},"ao":0,"shapes":[{"ty":"gr","it":[{"ind":0,"ty":"sh","ix":1,"ks":{"a":0,"k":{"i":[[0,0],[0,0],[0,0],[0,0]],"o":[[0,0],[0,0],[0,0],[0,0]],"v":[[10.453,-61.795],[10.453,-56.198],[-1.479,-44.271],[-1.479,-37.109]],"c":false},"ix":2},"nm":"Ã­ÂÂ¨Ã¬ÂÂ¤ 1","mn":"ADBE Vector Shape - Group","hd":false},{"ty":"st","c":{"a":0,"k":[1,1,1,1],"ix":3},"o":{"a":0,"k":15,"ix":4},"w":{"a":0,"k":3,"ix":5},"lc":2,"lj":2,"bm":0,"nm":"Ã¬ÂÂ  1","mn":"ADBE Vector Graphic - Stroke","hd":false},{"ty":"tr","p":{"a":0,"k":[0,0],"ix":2},"a":{"a":0,"k":[0,0],"ix":1},"s":{"a":0,"k":[100,100],"ix":3},"r":{"a":0,"k":0,"ix":6},"o":{"a":0,"k":100,"ix":7},"sk":{"a":0,"k":0,"ix":4},"sa":{"a":0,"k":0,"ix":5},"nm":"Ã«Â³ÂÃ­ÂÂ"}],"nm":"ÃªÂ·Â¸Ã«Â£Â¹ 1","np":2,"cix":2,"bm":0,"ix":1,"mn":"ADBE Vector Group","hd":false},{"ty":"gr","it":[{"ind":0,"ty":"sh","ix":1,"ks":{"a":0,"k":{"i":[[-2.484,0.095],[-0.095,-2.484],[2.484,-0.095],[0.095,2.484]],"o":[[2.484,-0.095],[0.095,2.484],[-2.484,0.095],[-0.095,-2.484]],"v":[[10.274,-70.793],[14.945,-66.468],[10.619,-61.798],[5.948,-66.123]],"c":true},"ix":2},"nm":"Ã­ÂÂ¨Ã¬ÂÂ¤ 1","mn":"ADBE Vector Shape - Group","hd":false},{"ty":"st","c":{"a":0,"k":[1,1,1,1],"ix":3},"o":{"a":0,"k":15,"ix":4},"w":{"a":0,"k":3,"ix":5},"lc":2,"lj":2,"bm":0,"nm":"Ã¬ÂÂ  1","mn":"ADBE Vector Graphic - Stroke","hd":false},{"ty":"tr","p":{"a":0,"k":[0,0],"ix":2},"a":{"a":0,"k":[0,0],"ix":1},"s":{"a":0,"k":[100,100],"ix":3},"r":{"a":0,"k":0,"ix":6},"o":{"a":0,"k":100,"ix":7},"sk":{"a":0,"k":0,"ix":4},"sa":{"a":0,"k":0,"ix":5},"nm":"Ã«Â³ÂÃ­ÂÂ"}],"nm":"ÃªÂ·Â¸Ã«Â£Â¹ 2","np":2,"cix":2,"bm":0,"ix":2,"mn":"ADBE Vector Group","hd":false}],"ip":0,"op":150.000006109625,"st":0,"ct":1,"bm":0},{"ddd":0,"ind":32,"ty":4,"nm":"Layer 7","sr":1,"ks":{"o":{"a":0,"k":100,"ix":11},"r":{"a":0,"k":0,"ix":10},"p":{"a":0,"k":[122,124,0],"ix":2,"l":2},"a":{"a":0,"k":[0,0,0],"ix":1,"l":2},"s":{"a":0,"k":[100,100,100],"ix":6,"l":2}},"ao":0,"shapes":[{"ty":"gr","it":[{"ind":0,"ty":"sh","ix":1,"ks":{"a":0,"k":{"i":[[0,-2.027],[2.027,0],[0,2.027],[-2.027,0]],"o":[[0,2.027],[-2.027,0],[0,-2.027],[2.027,0]],"v":[[2.192,-57.431],[-1.479,-53.761],[-5.149,-57.431],[-1.479,-61.102]],"c":true},"ix":2},"nm":"Ã­ÂÂ¨Ã¬ÂÂ¤ 1","mn":"ADBE Vector Shape - Group","hd":false},{"ty":"st","c":{"a":0,"k":[1,1,1,1],"ix":3},"o":{"a":0,"k":15,"ix":4},"w":{"a":0,"k":3,"ix":5},"lc":2,"lj":2,"bm":0,"nm":"Ã¬ÂÂ  1","mn":"ADBE Vector Graphic - Stroke","hd":false},{"ty":"tr","p":{"a":0,"k":[0,0],"ix":2},"a":{"a":0,"k":[0,0],"ix":1},"s":{"a":0,"k":[100,100],"ix":3},"r":{"a":0,"k":0,"ix":6},"o":{"a":0,"k":100,"ix":7},"sk":{"a":0,"k":0,"ix":4},"sa":{"a":0,"k":0,"ix":5},"nm":"Ã«Â³ÂÃ­ÂÂ"}],"nm":"ÃªÂ·Â¸Ã«Â£Â¹ 1","np":2,"cix":2,"bm":0,"ix":1,"mn":"ADBE Vector Group","hd":false},{"ty":"gr","it":[{"ind":0,"ty":"sh","ix":1,"ks":{"a":0,"k":{"i":[[0,0],[0,0]],"o":[[0,0],[0,0]],"v":[[-1.479,-44.271],[-1.479,-53.761]],"c":false},"ix":2},"nm":"Ã­ÂÂ¨Ã¬ÂÂ¤ 1","mn":"ADBE Vector Shape - Group","hd":false},{"ty":"st","c":{"a":0,"k":[1,1,1,1],"ix":3},"o":{"a":0,"k":15,"ix":4},"w":{"a":0,"k":3,"ix":5},"lc":2,"lj":2,"bm":0,"nm":"Ã¬ÂÂ  1","mn":"ADBE Vector Graphic - Stroke","hd":false},{"ty":"tr","p":{"a":0,"k":[0,0],"ix":2},"a":{"a":0,"k":[0,0],"ix":1},"s":{"a":0,"k":[100,100],"ix":3},"r":{"a":0,"k":0,"ix":6},"o":{"a":0,"k":100,"ix":7},"sk":{"a":0,"k":0,"ix":4},"sa":{"a":0,"k":0,"ix":5},"nm":"Ã«Â³ÂÃ­ÂÂ"}],"nm":"ÃªÂ·Â¸Ã«Â£Â¹ 2","np":2,"cix":2,"bm":0,"ix":2,"mn":"ADBE Vector Group","hd":false}],"ip":0,"op":150.000006109625,"st":0,"ct":1,"bm":0},{"ddd":0,"ind":33,"ty":4,"nm":"Layer 6","sr":1,"ks":{"o":{"a":0,"k":100,"ix":11},"r":{"a":0,"k":0,"ix":10},"p":{"a":0,"k":[122,124,0],"ix":2,"l":2},"a":{"a":0,"k":[0,0,0],"ix":1,"l":2},"s":{"a":0,"k":[100,100,100],"ix":6,"l":2}},"ao":0,"shapes":[{"ty":"gr","it":[{"ind":0,"ty":"sh","ix":1,"ks":{"a":0,"k":{"i":[[0,0],[0,0],[0,0],[0,0]],"o":[[0,0],[0,0],[0,0],[0,0]],"v":[[-17.762,-63.731],[-17.762,-53.698],[-9.771,-45.708],[-9.771,-38.672]],"c":false},"ix":2},"nm":"Ã­ÂÂ¨Ã¬ÂÂ¤ 1","mn":"ADBE Vector Shape - Group","hd":false},{"ty":"st","c":{"a":0,"k":[1,1,1,1],"ix":3},"o":{"a":0,"k":15,"ix":4},"w":{"a":0,"k":3,"ix":5},"lc":2,"lj":2,"bm":0,"nm":"Ã¬ÂÂ  1","mn":"ADBE Vector Graphic - Stroke","hd":false},{"ty":"tr","p":{"a":0,"k":[0,0],"ix":2},"a":{"a":0,"k":[0,0],"ix":1},"s":{"a":0,"k":[100,100],"ix":3},"r":{"a":0,"k":0,"ix":6},"o":{"a":0,"k":100,"ix":7},"sk":{"a":0,"k":0,"ix":4},"sa":{"a":0,"k":0,"ix":5},"nm":"Ã«Â³ÂÃ­ÂÂ"}],"nm":"ÃªÂ·Â¸Ã«Â£Â¹ 1","np":2,"cix":2,"bm":0,"ix":1,"mn":"ADBE Vector Group","hd":false},{"ty":"gr","it":[{"ind":0,"ty":"sh","ix":1,"ks":{"a":0,"k":{"i":[[-2.253,0.086],[-0.086,-2.252],[2.253,-0.086],[0.086,2.252]],"o":[[2.253,-0.086],[0.086,2.252],[-2.253,0.086],[-0.086,-2.252]],"v":[[-17.918,-71.889],[-13.683,-67.968],[-17.605,-63.734],[-21.841,-67.655]],"c":true},"ix":2},"nm":"Ã­ÂÂ¨Ã¬ÂÂ¤ 1","mn":"ADBE Vector Shape - Group","hd":false},{"ty":"st","c":{"a":0,"k":[1,1,1,1],"ix":3},"o":{"a":0,"k":15,"ix":4},"w":{"a":0,"k":3,"ix":5},"lc":2,"lj":2,"bm":0,"nm":"Ã¬ÂÂ  1","mn":"ADBE Vector Graphic - Stroke","hd":false},{"ty":"tr","p":{"a":0,"k":[0,0],"ix":2},"a":{"a":0,"k":[0,0],"ix":1},"s":{"a":0,"k":[100,100],"ix":3},"r":{"a":0,"k":0,"ix":6},"o":{"a":0,"k":100,"ix":7},"sk":{"a":0,"k":0,"ix":4},"sa":{"a":0,"k":0,"ix":5},"nm":"Ã«Â³ÂÃ­ÂÂ"}],"nm":"ÃªÂ·Â¸Ã«Â£Â¹ 2","np":2,"cix":2,"bm":0,"ix":2,"mn":"ADBE Vector Group","hd":false}],"ip":0,"op":150.000006109625,"st":0,"ct":1,"bm":0},{"ddd":0,"ind":34,"ty":4,"nm":"Layer 38","sr":1,"ks":{"o":{"a":0,"k":100,"ix":11},"r":{"a":0,"k":0,"ix":10},"p":{"a":0,"k":[167.582,114.859,0],"ix":2,"l":2},"a":{"a":0,"k":[245.582,190.859,0],"ix":1,"l":2},"s":{"a":0,"k":[100,100,100],"ix":6,"l":2}},"ao":0,"shapes":[{"ty":"gr","it":[{"ind":0,"ty":"sh","ix":1,"ks":{"a":0,"k":{"i":[[0,0],[1.287,5.884],[-1.039,7.596]],"o":[[-1.817,-4.293],[-2.711,-12.393],[0,0]],"v":[[3.437,23.037],[-1.433,7.736],[-2.604,-23.037]],"c":false},"ix":2},"nm":"Ã­ÂÂ¨Ã¬ÂÂ¤ 1","mn":"ADBE Vector Shape - Group","hd":false},{"ty":"tm","s":{"a":1,"k":[{"i":{"x":[0.833],"y":[0.833]},"o":{"x":[0.167],"y":[0.167]},"t":45,"s":[50]},{"t":65.0000026475043,"s":[0]}],"ix":1},"e":{"a":1,"k":[{"i":{"x":[0.833],"y":[0.833]},"o":{"x":[0.167],"y":[0.167]},"t":45,"s":[50]},{"t":65.0000026475043,"s":[100]}],"ix":2},"o":{"a":0,"k":0,"ix":3},"m":1,"ix":2,"nm":"Ã­ÂÂ¨Ã¬ÂÂ¤ Ã«ÂÂ¤Ã«ÂÂ¬Ã¬ÂÂ´ Ã¬ÂÂÃ«Â¥Â´ÃªÂ¸Â° 1","mn":"ADBE Vector Filter - Trim","hd":false},{"ty":"st","c":{"a":0,"k":[1,1,1,1],"ix":3},"o":{"a":0,"k":100,"ix":4},"w":{"a":0,"k":3,"ix":5},"lc":2,"lj":2,"bm":0,"nm":"Ã¬ÂÂ  1","mn":"ADBE Vector Graphic - Stroke","hd":false},{"ty":"tr","p":{"a":0,"k":[241.473,239.548],"ix":2},"a":{"a":0,"k":[0,0],"ix":1},"s":{"a":0,"k":[100,100],"ix":3},"r":{"a":0,"k":0,"ix":6},"o":{"a":0,"k":100,"ix":7},"sk":{"a":0,"k":0,"ix":4},"sa":{"a":0,"k":0,"ix":5},"nm":"Ã«Â³ÂÃ­ÂÂ"}],"nm":"ÃªÂ·Â¸Ã«Â£Â¹ 1","np":3,"cix":2,"bm":0,"ix":1,"mn":"ADBE Vector Group","hd":false},{"ty":"gr","it":[{"ind":0,"ty":"sh","ix":1,"ks":{"a":0,"k":{"i":[[0,0],[28.478,19.884],[4.696,1.652]],"o":[[25.566,-23.915],[-3.681,-2.57],[-0.5,-0.176]],"v":[[-2.187,45.974],[-4.33,-39.64],[-17.011,-45.974]],"c":false},"ix":2},"nm":"Ã­ÂÂ¨Ã¬ÂÂ¤ 1","mn":"ADBE Vector Shape - Group","hd":false},{"ty":"st","c":{"a":0,"k":[1,1,1,1],"ix":3},"o":{"a":0,"k":100,"ix":4},"w":{"a":0,"k":3,"ix":5},"lc":2,"lj":2,"bm":0,"nm":"Ã¬ÂÂ  1","mn":"ADBE Vector Graphic - Stroke","hd":false},{"ty":"tm","s":{"a":1,"k":[{"i":{"x":[0.833],"y":[0.833]},"o":{"x":[0.167],"y":[0.167]},"t":45,"s":[50]},{"t":65.0000026475043,"s":[0]}],"ix":1},"e":{"a":1,"k":[{"i":{"x":[0.833],"y":[0.833]},"o":{"x":[0.167],"y":[0.167]},"t":45,"s":[50]},{"t":65.0000026475043,"s":[100]}],"ix":2},"o":{"a":0,"k":0,"ix":3},"m":1,"ix":3,"nm":"Ã­ÂÂ¨Ã¬ÂÂ¤ Ã«ÂÂ¤Ã«ÂÂ¬Ã¬ÂÂ´ Ã¬ÂÂÃ«Â¥Â´ÃªÂ¸Â° 1","mn":"ADBE Vector Filter - Trim","hd":false},{"ty":"tr","p":{"a":0,"k":[245.582,165.107],"ix":2},"a":{"a":0,"k":[0,0],"ix":1},"s":{"a":0,"k":[100,100],"ix":3},"r":{"a":0,"k":0,"ix":6},"o":{"a":0,"k":100,"ix":7},"sk":{"a":0,"k":0,"ix":4},"sa":{"a":0,"k":0,"ix":5},"nm":"Ã«Â³ÂÃ­ÂÂ"}],"nm":"ÃªÂ·Â¸Ã«Â£Â¹ 2","np":3,"cix":2,"bm":0,"ix":2,"mn":"ADBE Vector Group","hd":false}],"ip":0,"op":150.000006109625,"st":0,"ct":1,"bm":0},{"ddd":0,"ind":35,"ty":4,"nm":"Layer 37","sr":1,"ks":{"o":{"a":0,"k":100,"ix":11},"r":{"a":0,"k":0,"ix":10},"p":{"a":0,"k":[102.936,74.267,0],"ix":2,"l":2},"a":{"a":0,"k":[0,0,0],"ix":1,"l":2},"s":{"a":0,"k":[100,100,100],"ix":6,"l":2}},"ao":0,"shapes":[{"ty":"gr","it":[{"ind":0,"ty":"sh","ix":1,"ks":{"a":0,"k":{"i":[[1.959,0.465],[8.022,-0.305],[8.423,-4.453],[2.187,-15.32],[-0.283,-6.526]],"o":[[-7.55,-1.792],[-11.055,0.421],[-14.943,7.899],[-1.393,9.754],[0.142,3.266]],"v":[[40.386,-33.251],[16.638,-35.486],[-13.602,-28.19],[-39.267,7.864],[-40.184,35.552]],"c":false},"ix":2},"nm":"Ã­ÂÂ¨Ã¬ÂÂ¤ 1","mn":"ADBE Vector Shape - Group","hd":false},{"ty":"st","c":{"a":0,"k":[1,1,1,1],"ix":3},"o":{"a":0,"k":100,"ix":4},"w":{"a":0,"k":3,"ix":5},"lc":2,"lj":2,"bm":0,"nm":"Ã¬ÂÂ  1","mn":"ADBE Vector Graphic - Stroke","hd":false},{"ty":"tm","s":{"a":1,"k":[{"i":{"x":[0.833],"y":[0.833]},"o":{"x":[0.167],"y":[0.167]},"t":45,"s":[50]},{"t":65.0000026475043,"s":[0]}],"ix":1},"e":{"a":1,"k":[{"i":{"x":[0.833],"y":[0.833]},"o":{"x":[0.167],"y":[0.167]},"t":45,"s":[50]},{"t":65.0000026475043,"s":[100]}],"ix":2},"o":{"a":0,"k":0,"ix":3},"m":1,"ix":3,"nm":"Ã­ÂÂ¨Ã¬ÂÂ¤ Ã«ÂÂ¤Ã«ÂÂ¬Ã¬ÂÂ´ Ã¬ÂÂÃ«Â¥Â´ÃªÂ¸Â° 1","mn":"ADBE Vector Filter - Trim","hd":false},{"ty":"tr","p":{"a":0,"k":[0,0],"ix":2},"a":{"a":0,"k":[0,0],"ix":1},"s":{"a":0,"k":[100,100],"ix":3},"r":{"a":0,"k":0,"ix":6},"o":{"a":0,"k":100,"ix":7},"sk":{"a":0,"k":0,"ix":4},"sa":{"a":0,"k":0,"ix":5},"nm":"Ã«Â³ÂÃ­ÂÂ"}],"nm":"ÃªÂ·Â¸Ã«Â£Â¹ 1","np":3,"cix":2,"bm":0,"ix":1,"mn":"ADBE Vector Group","hd":false}],"ip":0,"op":150.000006109625,"st":0,"ct":1,"bm":0},{"ddd":0,"ind":36,"ty":4,"nm":"Layer 36","sr":1,"ks":{"o":{"a":0,"k":100,"ix":11},"r":{"a":0,"k":0,"ix":10},"p":{"a":0,"k":[59.64,131.387,0],"ix":2,"l":2},"a":{"a":0,"k":[0,0,0],"ix":1,"l":2},"s":{"a":0,"k":[100,100,100],"ix":6,"l":2}},"ao":0,"shapes":[{"ty":"gr","it":[{"ind":0,"ty":"sh","ix":1,"ks":{"a":0,"k":{"i":[[0,0],[0,0],[0,0]],"o":[[0,0],[0,0],[0.116,1.232]],"v":[[3.417,-16.259],[-8.273,9.675],[8.273,16.259]],"c":false},"ix":2},"nm":"Ã­ÂÂ¨Ã¬ÂÂ¤ 1","mn":"ADBE Vector Shape - Group","hd":false},{"ty":"st","c":{"a":0,"k":[1,1,1,1],"ix":3},"o":{"a":0,"k":100,"ix":4},"w":{"a":0,"k":3,"ix":5},"lc":2,"lj":2,"bm":0,"nm":"Ã¬ÂÂ  1","mn":"ADBE Vector Graphic - Stroke","hd":false},{"ty":"tm","s":{"a":1,"k":[{"i":{"x":[0.833],"y":[0.833]},"o":{"x":[0.167],"y":[0.167]},"t":45,"s":[50]},{"t":65.0000026475043,"s":[0]}],"ix":1},"e":{"a":1,"k":[{"i":{"x":[0.833],"y":[0.833]},"o":{"x":[0.167],"y":[0.167]},"t":45,"s":[50]},{"t":65.0000026475043,"s":[100]}],"ix":2},"o":{"a":0,"k":0,"ix":3},"m":1,"ix":3,"nm":"Ã­ÂÂ¨Ã¬ÂÂ¤ Ã«ÂÂ¤Ã«ÂÂ¬Ã¬ÂÂ´ Ã¬ÂÂÃ«Â¥Â´ÃªÂ¸Â° 1","mn":"ADBE Vector Filter - Trim","hd":false},{"ty":"tr","p":{"a":0,"k":[0,0],"ix":2},"a":{"a":0,"k":[0,0],"ix":1},"s":{"a":0,"k":[100,100],"ix":3},"r":{"a":0,"k":0,"ix":6},"o":{"a":0,"k":100,"ix":7},"sk":{"a":0,"k":0,"ix":4},"sa":{"a":0,"k":0,"ix":5},"nm":"Ã«Â³ÂÃ­ÂÂ"}],"nm":"ÃªÂ·Â¸Ã«Â£Â¹ 1","np":3,"cix":2,"bm":0,"ix":1,"mn":"ADBE Vector Group","hd":false}],"ip":0,"op":150.000006109625,"st":0,"ct":1,"bm":0},{"ddd":0,"ind":37,"ty":4,"nm":"Layer 35","sr":1,"ks":{"o":{"a":0,"k":100,"ix":11},"r":{"a":0,"k":0,"ix":10},"p":{"a":0,"k":[89.673,171.913,0],"ix":2,"l":2},"a":{"a":0,"k":[0,0,0],"ix":1,"l":2},"s":{"a":0,"k":[100,100,100],"ix":6,"l":2}},"ao":0,"shapes":[{"ty":"gr","it":[{"ind":0,"ty":"sh","ix":1,"ks":{"a":0,"k":{"i":[[0,0],[-0.956,-5.558],[-6.66,0.452],[0,0],[0,-6.542]],"o":[[0.82,4.768],[1.131,6.577],[0,0],[6.211,-0.421],[0,0]],"v":[[-20.661,-18.625],[-17.772,-1.828],[-4.06,8.946],[8.798,8.074],[20.661,18.625]],"c":false},"ix":2},"nm":"Ã­ÂÂ¨Ã¬ÂÂ¤ 1","mn":"ADBE Vector Shape - Group","hd":false},{"ty":"st","c":{"a":0,"k":[1,1,1,1],"ix":3},"o":{"a":0,"k":100,"ix":4},"w":{"a":0,"k":3,"ix":5},"lc":2,"lj":2,"bm":0,"nm":"Ã¬ÂÂ  1","mn":"ADBE Vector Graphic - Stroke","hd":false},{"ty":"tm","s":{"a":1,"k":[{"i":{"x":[0.833],"y":[0.833]},"o":{"x":[0.167],"y":[0.167]},"t":45,"s":[50]},{"t":65.0000026475043,"s":[0]}],"ix":1},"e":{"a":1,"k":[{"i":{"x":[0.833],"y":[0.833]},"o":{"x":[0.167],"y":[0.167]},"t":45,"s":[50]},{"t":65.0000026475043,"s":[100]}],"ix":2},"o":{"a":0,"k":0,"ix":3},"m":1,"ix":3,"nm":"Ã­ÂÂ¨Ã¬ÂÂ¤ Ã«ÂÂ¤Ã«ÂÂ¬Ã¬ÂÂ´ Ã¬ÂÂÃ«Â¥Â´ÃªÂ¸Â° 1","mn":"ADBE Vector Filter - Trim","hd":false},{"ty":"tr","p":{"a":0,"k":[0,0],"ix":2},"a":{"a":0,"k":[0,0],"ix":1},"s":{"a":0,"k":[100,100],"ix":3},"r":{"a":0,"k":0,"ix":6},"o":{"a":0,"k":100,"ix":7},"sk":{"a":0,"k":0,"ix":4},"sa":{"a":0,"k":0,"ix":5},"nm":"Ã«Â³ÂÃ­ÂÂ"}],"nm":"ÃªÂ·Â¸Ã«Â£Â¹ 1","np":3,"cix":2,"bm":0,"ix":1,"mn":"ADBE Vector Group","hd":false}],"ip":0,"op":150.000006109625,"st":0,"ct":1,"bm":0},{"ddd":0,"ind":38,"ty":4,"nm":"Layer 4","sr":1,"ks":{"o":{"a":0,"k":100,"ix":11},"r":{"a":0,"k":0,"ix":10},"p":{"a":0,"k":[167.582,114.859,0],"ix":2,"l":2},"a":{"a":0,"k":[245.582,190.859,0],"ix":1,"l":2},"s":{"a":0,"k":[100,100,100],"ix":6,"l":2}},"ao":0,"shapes":[{"ty":"gr","it":[{"ind":0,"ty":"sh","ix":1,"ks":{"a":0,"k":{"i":[[0,0],[1.287,5.884],[-1.039,7.596]],"o":[[-1.817,-4.293],[-2.711,-12.393],[0,0]],"v":[[3.437,23.037],[-1.433,7.736],[-2.604,-23.037]],"c":false},"ix":2},"nm":"Ã­ÂÂ¨Ã¬ÂÂ¤ 1","mn":"ADBE Vector Shape - Group","hd":false},{"ty":"st","c":{"a":0,"k":[1,1,1,1],"ix":3},"o":{"a":0,"k":20,"ix":4},"w":{"a":0,"k":3,"ix":5},"lc":2,"lj":2,"bm":0,"nm":"Ã¬ÂÂ  1","mn":"ADBE Vector Graphic - Stroke","hd":false},{"ty":"tr","p":{"a":0,"k":[241.473,239.548],"ix":2},"a":{"a":0,"k":[0,0],"ix":1},"s":{"a":0,"k":[100,100],"ix":3},"r":{"a":0,"k":0,"ix":6},"o":{"a":0,"k":100,"ix":7},"sk":{"a":0,"k":0,"ix":4},"sa":{"a":0,"k":0,"ix":5},"nm":"Ã«Â³ÂÃ­ÂÂ"}],"nm":"ÃªÂ·Â¸Ã«Â£Â¹ 1","np":2,"cix":2,"bm":0,"ix":1,"mn":"ADBE Vector Group","hd":false},{"ty":"gr","it":[{"ind":0,"ty":"sh","ix":1,"ks":{"a":0,"k":{"i":[[0,0],[28.478,19.884],[4.696,1.652]],"o":[[25.566,-23.915],[-3.681,-2.57],[-0.5,-0.176]],"v":[[-2.187,45.974],[-4.33,-39.64],[-17.011,-45.974]],"c":false},"ix":2},"nm":"Ã­ÂÂ¨Ã¬ÂÂ¤ 1","mn":"ADBE Vector Shape - Group","hd":false},{"ty":"st","c":{"a":0,"k":[1,1,1,1],"ix":3},"o":{"a":0,"k":20,"ix":4},"w":{"a":0,"k":3,"ix":5},"lc":2,"lj":2,"bm":0,"nm":"Ã¬ÂÂ  1","mn":"ADBE Vector Graphic - Stroke","hd":false},{"ty":"tr","p":{"a":0,"k":[245.582,165.107],"ix":2},"a":{"a":0,"k":[0,0],"ix":1},"s":{"a":0,"k":[100,100],"ix":3},"r":{"a":0,"k":0,"ix":6},"o":{"a":0,"k":100,"ix":7},"sk":{"a":0,"k":0,"ix":4},"sa":{"a":0,"k":0,"ix":5},"nm":"Ã«Â³ÂÃ­ÂÂ"}],"nm":"ÃªÂ·Â¸Ã«Â£Â¹ 2","np":2,"cix":2,"bm":0,"ix":2,"mn":"ADBE Vector Group","hd":false}],"ip":0,"op":150.000006109625,"st":0,"ct":1,"bm":0},{"ddd":0,"ind":39,"ty":4,"nm":"Layer 3","sr":1,"ks":{"o":{"a":0,"k":100,"ix":11},"r":{"a":0,"k":0,"ix":10},"p":{"a":0,"k":[102.936,74.267,0],"ix":2,"l":2},"a":{"a":0,"k":[0,0,0],"ix":1,"l":2},"s":{"a":0,"k":[100,100,100],"ix":6,"l":2}},"ao":0,"shapes":[{"ty":"gr","it":[{"ind":0,"ty":"sh","ix":1,"ks":{"a":0,"k":{"i":[[1.959,0.465],[8.022,-0.305],[8.423,-4.453],[2.187,-15.32],[-0.283,-6.526]],"o":[[-7.55,-1.792],[-11.055,0.421],[-14.943,7.899],[-1.393,9.754],[0.142,3.266]],"v":[[40.386,-33.251],[16.638,-35.486],[-13.602,-28.19],[-39.267,7.864],[-40.184,35.552]],"c":false},"ix":2},"nm":"Ã­ÂÂ¨Ã¬ÂÂ¤ 1","mn":"ADBE Vector Shape - Group","hd":false},{"ty":"st","c":{"a":0,"k":[1,1,1,1],"ix":3},"o":{"a":0,"k":20,"ix":4},"w":{"a":0,"k":3,"ix":5},"lc":2,"lj":2,"bm":0,"nm":"Ã¬ÂÂ  1","mn":"ADBE Vector Graphic - Stroke","hd":false},{"ty":"tr","p":{"a":0,"k":[0,0],"ix":2},"a":{"a":0,"k":[0,0],"ix":1},"s":{"a":0,"k":[100,100],"ix":3},"r":{"a":0,"k":0,"ix":6},"o":{"a":0,"k":100,"ix":7},"sk":{"a":0,"k":0,"ix":4},"sa":{"a":0,"k":0,"ix":5},"nm":"Ã«Â³ÂÃ­ÂÂ"}],"nm":"ÃªÂ·Â¸Ã«Â£Â¹ 1","np":2,"cix":2,"bm":0,"ix":1,"mn":"ADBE Vector Group","hd":false}],"ip":0,"op":150.000006109625,"st":0,"ct":1,"bm":0},{"ddd":0,"ind":40,"ty":4,"nm":"Layer 2","sr":1,"ks":{"o":{"a":0,"k":100,"ix":11},"r":{"a":0,"k":0,"ix":10},"p":{"a":0,"k":[59.64,131.387,0],"ix":2,"l":2},"a":{"a":0,"k":[0,0,0],"ix":1,"l":2},"s":{"a":0,"k":[100,100,100],"ix":6,"l":2}},"ao":0,"shapes":[{"ty":"gr","it":[{"ind":0,"ty":"sh","ix":1,"ks":{"a":0,"k":{"i":[[0,0],[0,0],[0,0]],"o":[[0,0],[0,0],[0.116,1.232]],"v":[[3.417,-16.259],[-8.273,9.675],[8.273,16.259]],"c":false},"ix":2},"nm":"Ã­ÂÂ¨Ã¬ÂÂ¤ 1","mn":"ADBE Vector Shape - Group","hd":false},{"ty":"st","c":{"a":0,"k":[1,1,1,1],"ix":3},"o":{"a":0,"k":20,"ix":4},"w":{"a":0,"k":3,"ix":5},"lc":2,"lj":2,"bm":0,"nm":"Ã¬ÂÂ  1","mn":"ADBE Vector Graphic - Stroke","hd":false},{"ty":"tr","p":{"a":0,"k":[0,0],"ix":2},"a":{"a":0,"k":[0,0],"ix":1},"s":{"a":0,"k":[100,100],"ix":3},"r":{"a":0,"k":0,"ix":6},"o":{"a":0,"k":100,"ix":7},"sk":{"a":0,"k":0,"ix":4},"sa":{"a":0,"k":0,"ix":5},"nm":"Ã«Â³ÂÃ­ÂÂ"}],"nm":"ÃªÂ·Â¸Ã«Â£Â¹ 1","np":2,"cix":2,"bm":0,"ix":1,"mn":"ADBE Vector Group","hd":false}],"ip":0,"op":150.000006109625,"st":0,"ct":1,"bm":0},{"ddd":0,"ind":41,"ty":4,"nm":"Layer 1","sr":1,"ks":{"o":{"a":0,"k":100,"ix":11},"r":{"a":0,"k":0,"ix":10},"p":{"a":0,"k":[89.673,171.913,0],"ix":2,"l":2},"a":{"a":0,"k":[0,0,0],"ix":1,"l":2},"s":{"a":0,"k":[100,100,100],"ix":6,"l":2}},"ao":0,"shapes":[{"ty":"gr","it":[{"ind":0,"ty":"sh","ix":1,"ks":{"a":0,"k":{"i":[[0,0],[-0.956,-5.558],[-6.66,0.452],[0,0],[0,-6.542]],"o":[[0.82,4.768],[1.131,6.577],[0,0],[6.211,-0.421],[0,0]],"v":[[-20.661,-18.625],[-17.772,-1.828],[-4.06,8.946],[8.798,8.074],[20.661,18.625]],"c":false},"ix":2},"nm":"Ã­ÂÂ¨Ã¬ÂÂ¤ 1","mn":"ADBE Vector Shape - Group","hd":false},{"ty":"st","c":{"a":0,"k":[1,1,1,1],"ix":3},"o":{"a":0,"k":20,"ix":4},"w":{"a":0,"k":3,"ix":5},"lc":2,"lj":2,"bm":0,"nm":"Ã¬ÂÂ  1","mn":"ADBE Vector Graphic - Stroke","hd":false},{"ty":"tr","p":{"a":0,"k":[0,0],"ix":2},"a":{"a":0,"k":[0,0],"ix":1},"s":{"a":0,"k":[100,100],"ix":3},"r":{"a":0,"k":0,"ix":6},"o":{"a":0,"k":100,"ix":7},"sk":{"a":0,"k":0,"ix":4},"sa":{"a":0,"k":0,"ix":5},"nm":"Ã«Â³ÂÃ­ÂÂ"}],"nm":"ÃªÂ·Â¸Ã«Â£Â¹ 1","np":2,"cix":2,"bm":0,"ix":1,"mn":"ADBE Vector Group","hd":false}],"ip":0,"op":150.000006109625,"st":0,"ct":1,"bm":0}],"markers":[]}