{
  "project_info": {
    "project_number": "1051149464758",
    "project_id": "capstoneproject-a312b",
    "storage_bucket": "capstoneproject-a312b.appspot.com"
  },
  "client": [
    {
      "client_info": {
        "mobilesdk_app_id": "1:1051149464758:android:9fedf4e466a8b9e138e217",
        "android_client_info": {
          "package_name": "com.capstone.project"
        }
      },
      "oauth_client": [
        {
          "client_id": "1051149464758-7q0e9hf00bi7rimpjb60as9612u20eo8.apps.googleusercontent.com",
          "client_type": 3
        }
      ],
      "api_key": [
        {
          "current_key": "AIzaSyCvj8LljGz9wK-T8feNvcKpacFAAOXqkJI"
        }
      ],
      "services": {
        "appinvite_service": {
          "other_platform_oauth_client": [
            {
              "client_id": "1051149464758-7q0e9hf00bi7rimpjb60as9612u20eo8.apps.googleusercontent.com",
              "client_type": 3
            }
          ]
        }
      }
    }
  ],
  "configuration_version": "1"
}