{"v":"5.7.1","fr":24,"ip":0,"op":288,"w":1600,"h":1200,"nm":"Parchment-Dribbble","ddd":0,"assets":[{"id":"comp_0","layers":[{"ddd":0,"ind":1,"ty":4,"nm":"navy","sr":1,"ks":{"o":{"a":0,"k":100,"ix":11},"r":{"a":1,"k":[{"i":{"x":[0],"y":[1]},"o":{"x":[0.167],"y":[0.167]},"t":242,"s":[0]},{"t":270,"s":[720]}],"ix":10},"p":{"a":1,"k":[{"i":{"x":0.833,"y":0.833},"o":{"x":0.167,"y":0.167},"t":242,"s":[647.71,562.015,0],"to":[-11.167,-80.917,0],"ti":[29.667,-2.083,0]},{"t":270,"s":[552.71,465.39,0]}],"ix":2},"a":{"a":0,"k":[21.493,21.493,0],"ix":1},"s":{"a":1,"k":[{"i":{"x":[0.398,0.398,0.667],"y":[1,1,1]},"o":{"x":[0.167,0.167,0.167],"y":[0.167,0.167,8.333]},"t":242,"s":[0,0,100]},{"i":{"x":[0.833,0.833,0.833],"y":[0.833,0.833,9.333]},"o":{"x":[0.642,0.642,0.167],"y":[0,0,0]},"t":256,"s":[50,50,100]},{"t":270,"s":[0,0,100]}],"ix":6}},"ao":0,"shapes":[{"ty":"gr","it":[{"ind":0,"ty":"sh","ix":1,"ks":{"a":0,"k":{"i":[[0,0],[0,0],[0,0],[0,0],[0,0],[0,0],[0,0],[0,0]],"o":[[0,0],[0,0],[0,0],[0,0],[0,0],[0,0],[0,0],[0,0]],"v":[[0.001,-21.243],[-5.738,-5.738],[-21.243,0.001],[-5.738,5.738],[0.001,21.243],[5.738,5.738],[21.243,0.001],[5.738,-5.738]],"c":true},"ix":2},"nm":"Path 1","mn":"ADBE Vector Shape - Group","hd":false},{"ty":"fl","c":{"a":0,"k":[0.286000001197,0.250999989229,0.941000007181,1],"ix":4},"o":{"a":0,"k":100,"ix":5},"r":1,"bm":0,"nm":"Fill 1","mn":"ADBE Vector Graphic - Fill","hd":false},{"ty":"tr","p":{"a":0,"k":[21.493,21.493],"ix":2},"a":{"a":0,"k":[0,0],"ix":1},"s":{"a":0,"k":[100,100],"ix":3},"r":{"a":0,"k":0,"ix":6},"o":{"a":0,"k":100,"ix":7},"sk":{"a":0,"k":0,"ix":4},"sa":{"a":0,"k":0,"ix":5},"nm":"Transform"}],"nm":"Group 1","np":2,"cix":2,"bm":0,"ix":1,"mn":"ADBE Vector Group","hd":false}],"ip":242,"op":270,"st":242,"bm":0},{"ddd":0,"ind":2,"ty":4,"nm":"yellow","sr":1,"ks":{"o":{"a":0,"k":100,"ix":11},"r":{"a":1,"k":[{"i":{"x":[0],"y":[1]},"o":{"x":[0.167],"y":[0.167]},"t":246,"s":[0]},{"t":274,"s":[720]}],"ix":10},"p":{"a":1,"k":[{"i":{"x":0.833,"y":0.833},"o":{"x":0.167,"y":0.167},"t":246,"s":[683.96,551.765,0],"to":[29.333,-40.417,0],"ti":[-30.333,6.417,0]},{"t":274,"s":[773.71,484.39,0]}],"ix":2},"a":{"a":0,"k":[19.562,19.562,0],"ix":1},"s":{"a":1,"k":[{"i":{"x":[0.398,0.398,0.667],"y":[1,1,1]},"o":{"x":[0.167,0.167,0.167],"y":[0.167,0.167,-3.333]},"t":246,"s":[0,0,100]},{"i":{"x":[0.833,0.833,0.833],"y":[0.833,0.833,-2.333]},"o":{"x":[0.642,0.642,0.167],"y":[0,0,0]},"t":260,"s":[40,40,100]},{"t":274,"s":[0,0,100]}],"ix":6}},"ao":0,"shapes":[{"ty":"gr","it":[{"ind":0,"ty":"sh","ix":1,"ks":{"a":0,"k":{"i":[[0,0],[0,0],[0,0],[0,0],[0,0],[0,0],[0,0],[0,0]],"o":[[0,0],[0,0],[0,0],[0,0],[0,0],[0,0],[0,0],[0,0]],"v":[[0.001,-19.312],[-5.215,-5.215],[-19.311,0.001],[-5.215,5.216],[0.001,19.312],[5.217,5.216],[19.311,0.001],[5.217,-5.215]],"c":true},"ix":2},"nm":"Path 1","mn":"ADBE Vector Shape - Group","hd":false},{"ty":"fl","c":{"a":0,"k":[0.984000052658,0.675,0,1],"ix":4},"o":{"a":0,"k":100,"ix":5},"r":1,"bm":0,"nm":"Fill 1","mn":"ADBE Vector Graphic - Fill","hd":false},{"ty":"tr","p":{"a":0,"k":[19.562,19.562],"ix":2},"a":{"a":0,"k":[0,0],"ix":1},"s":{"a":0,"k":[100,100],"ix":3},"r":{"a":0,"k":0,"ix":6},"o":{"a":0,"k":100,"ix":7},"sk":{"a":0,"k":0,"ix":4},"sa":{"a":0,"k":0,"ix":5},"nm":"Transform"}],"nm":"Group 1","np":2,"cix":2,"bm":0,"ix":1,"mn":"ADBE Vector Group","hd":false}],"ip":246,"op":274,"st":246,"bm":0},{"ddd":0,"ind":3,"ty":4,"nm":"blue","sr":1,"ks":{"o":{"a":0,"k":100,"ix":11},"r":{"a":1,"k":[{"i":{"x":[0],"y":[1]},"o":{"x":[0.167],"y":[0.167]},"t":249,"s":[0]},{"t":277,"s":[720]}],"ix":10},"p":{"a":1,"k":[{"i":{"x":0.833,"y":0.833},"o":{"x":0.167,"y":0.167},"t":249,"s":[649.71,547.015,0],"to":[-13.667,-22.917,0],"ti":[13.667,-5.583,0]},{"t":277,"s":[607.21,526.89,0]}],"ix":2},"a":{"a":0,"k":[15.699,15.699,0],"ix":1},"s":{"a":1,"k":[{"i":{"x":[0.398,0.398,0.667],"y":[1,1,1]},"o":{"x":[0.167,0.167,0.167],"y":[0.167,0.167,0]},"t":249,"s":[0,0,100]},{"i":{"x":[0.833,0.833,0.833],"y":[0.833,0.833,1]},"o":{"x":[0.642,0.642,0.167],"y":[0,0,0]},"t":263,"s":[50,50,100]},{"t":277,"s":[0,0,100]}],"ix":6}},"ao":0,"shapes":[{"ty":"gr","it":[{"ind":0,"ty":"sh","ix":1,"ks":{"a":0,"k":{"i":[[0,0],[0,0],[0,0],[0,0],[0,0],[0,0],[0,0],[0,0]],"o":[[0,0],[0,0],[0,0],[0,0],[0,0],[0,0],[0,0],[0,0]],"v":[[0,-15.449],[-4.173,-4.173],[-15.449,0],[-4.173,4.173],[0,15.449],[4.172,4.173],[15.449,0],[4.172,-4.173]],"c":true},"ix":2},"nm":"Path 1","mn":"ADBE Vector Shape - Group","hd":false},{"ty":"fl","c":{"a":0,"k":[0.149000010771,0.642999985639,0.987999949736,1],"ix":4},"o":{"a":0,"k":100,"ix":5},"r":1,"bm":0,"nm":"Fill 1","mn":"ADBE Vector Graphic - Fill","hd":false},{"ty":"tr","p":{"a":0,"k":[15.699,15.699],"ix":2},"a":{"a":0,"k":[0,0],"ix":1},"s":{"a":0,"k":[100,100],"ix":3},"r":{"a":0,"k":0,"ix":6},"o":{"a":0,"k":100,"ix":7},"sk":{"a":0,"k":0,"ix":4},"sa":{"a":0,"k":0,"ix":5},"nm":"Transform"}],"nm":"Group 1","np":2,"cix":2,"bm":0,"ix":1,"mn":"ADBE Vector Group","hd":false}],"ip":249,"op":277,"st":249,"bm":0},{"ddd":0,"ind":4,"ty":4,"nm":"red","sr":1,"ks":{"o":{"a":0,"k":100,"ix":11},"r":{"a":1,"k":[{"i":{"x":[0],"y":[1]},"o":{"x":[0.167],"y":[0.167]},"t":252,"s":[0]},{"t":280,"s":[720]}],"ix":10},"p":{"a":1,"k":[{"i":{"x":0.833,"y":0.833},"o":{"x":0.167,"y":0.167},"t":252,"s":[682.46,553.265,0],"to":[29.333,-40.417,0],"ti":[-25.833,-26.083,0]},{"t":280,"s":[757.71,535.89,0]}],"ix":2},"a":{"a":0,"k":[11.837,11.837,0],"ix":1},"s":{"a":1,"k":[{"i":{"x":[0.398,0.398,0.667],"y":[1,1,1]},"o":{"x":[0.167,0.167,0.167],"y":[0.167,0.167,0]},"t":252,"s":[0,0,100]},{"i":{"x":[0.833,0.833,0.833],"y":[0.833,0.833,1]},"o":{"x":[0.642,0.642,0.167],"y":[0,0,0]},"t":266,"s":[40,40,100]},{"t":280,"s":[0,0,100]}],"ix":6}},"ao":0,"shapes":[{"ty":"gr","it":[{"ind":0,"ty":"sh","ix":1,"ks":{"a":0,"k":{"i":[[0,0],[0,0],[0,0],[0,0],[0,0],[0,0],[0,0],[0,0]],"o":[[0,0],[0,0],[0,0],[0,0],[0,0],[0,0],[0,0],[0,0]],"v":[[0,-11.587],[-3.129,-3.13],[-11.587,0.001],[-3.129,3.13],[0,11.587],[3.13,3.13],[11.587,0.001],[3.13,-3.13]],"c":true},"ix":2},"nm":"Path 1","mn":"ADBE Vector Shape - Group","hd":false},{"ty":"fl","c":{"a":0,"k":[0.995999983245,0.344999994016,0.352999997606,1],"ix":4},"o":{"a":0,"k":100,"ix":5},"r":1,"bm":0,"nm":"Fill 1","mn":"ADBE Vector Graphic - Fill","hd":false},{"ty":"tr","p":{"a":0,"k":[11.837,11.837],"ix":2},"a":{"a":0,"k":[0,0],"ix":1},"s":{"a":0,"k":[100,100],"ix":3},"r":{"a":0,"k":0,"ix":6},"o":{"a":0,"k":100,"ix":7},"sk":{"a":0,"k":0,"ix":4},"sa":{"a":0,"k":0,"ix":5},"nm":"Transform"}],"nm":"Group 1","np":2,"cix":2,"bm":0,"ix":1,"mn":"ADBE Vector Group","hd":false}],"ip":252,"op":280,"st":252,"bm":0},{"ddd":0,"ind":5,"ty":0,"nm":"Parchment","refId":"comp_1","sr":1,"ks":{"o":{"a":0,"k":100,"ix":11},"r":{"a":0,"k":0,"ix":10},"p":{"a":0,"k":[500,500,0],"ix":2},"a":{"a":0,"k":[500,500,0],"ix":1},"s":{"a":0,"k":[100,100,100],"ix":6}},"ao":0,"w":1000,"h":1000,"ip":0,"op":288,"st":0,"bm":0}]},{"id":"comp_1","layers":[{"ddd":0,"ind":2,"ty":4,"nm":"Feather-sap 3","sr":1,"ks":{"o":{"a":0,"k":100,"ix":11},"r":{"a":1,"k":[{"i":{"x":[0.667],"y":[1]},"o":{"x":[0.167],"y":[0.167]},"t":201,"s":[38.707]},{"i":{"x":[0.833],"y":[0.833]},"o":{"x":[0.333],"y":[0]},"t":207,"s":[43.707]},{"i":{"x":[0.667],"y":[1]},"o":{"x":[0.167],"y":[0.167]},"t":212,"s":[28.707]},{"i":{"x":[0.833],"y":[0.833]},"o":{"x":[0.167],"y":[0]},"t":215,"s":[43.707]},{"i":{"x":[0.667],"y":[1]},"o":{"x":[0.167],"y":[0.167]},"t":219,"s":[28.707]},{"i":{"x":[0.62],"y":[0.807]},"o":{"x":[0.159],"y":[0]},"t":230,"s":[43.707]},{"i":{"x":[0.818],"y":[1]},"o":{"x":[0.436],"y":[-0.913]},"t":238,"s":[-11.293]},{"i":{"x":[0.818],"y":[1]},"o":{"x":[0.167],"y":[0]},"t":244,"s":[-1.293]},{"i":{"x":[0.833],"y":[1]},"o":{"x":[0.167],"y":[0]},"t":277,"s":[-1.293]},{"t":287,"s":[60]}],"ix":10},"p":{"a":1,"k":[{"i":{"x":0.667,"y":1},"o":{"x":0.167,"y":0.167},"t":201,"s":[691.326,705.771,0],"to":[0,0,0],"ti":[0,0,0]},{"i":{"x":0.833,"y":0.833},"o":{"x":0.333,"y":0},"t":207,"s":[719.874,641.111,0],"to":[0,0,0],"ti":[0,0,0]},{"i":{"x":0.667,"y":1},"o":{"x":0.167,"y":0.167},"t":212,"s":[720.619,674.102,0],"to":[0,0,0],"ti":[0,0,0]},{"i":{"x":0.833,"y":0.833},"o":{"x":0.167,"y":0},"t":215,"s":[719.874,641.111,0],"to":[0,0,0],"ti":[0,0,0]},{"i":{"x":0.833,"y":0.833},"o":{"x":0.167,"y":0.167},"t":219,"s":[720.619,674.102,0],"to":[0,0,0],"ti":[3.264,58.33,0]},{"i":{"x":0.833,"y":0.833},"o":{"x":0.167,"y":0.167},"t":231,"s":[745.415,554.012,0],"to":[-3.264,-58.33,0],"ti":[10.838,-39.297,0]},{"i":{"x":0.833,"y":0.833},"o":{"x":0.167,"y":0.167},"t":244,"s":[670.043,550.203,0],"to":[-1.062,19.948,0],"ti":[0.088,0.453,0]},{"i":{"x":0.833,"y":0.833},"o":{"x":0.167,"y":0.167},"t":252,"s":[670.043,592.203,0],"to":[0.063,0.573,0],"ti":[0.088,0.453,0]},{"i":{"x":0.833,"y":0.833},"o":{"x":0.167,"y":0.167},"t":257,"s":[670.043,592.203,0],"to":[0.188,-0.052,0],"ti":[0.088,-0.047,0]},{"i":{"x":0.833,"y":0.833},"o":{"x":0.167,"y":0.167},"t":264,"s":[670.043,550.203,0],"to":[0.063,2.073,0],"ti":[0.088,0.453,0]},{"i":{"x":0.833,"y":0.833},"o":{"x":0.167,"y":0.167},"t":270,"s":[670.043,592.203,0],"to":[0.188,-0.052,0],"ti":[0.088,-0.047,0]},{"i":{"x":0.833,"y":0.833},"o":{"x":0.167,"y":0.167},"t":277,"s":[670.043,550.203,0],"to":[-93.062,-167.052,0],"ti":[0,0,0]},{"t":287,"s":[397.793,544.203,0]}],"ix":2},"a":{"a":0,"k":[2.708,224.795,0],"ix":1},"s":{"a":1,"k":[{"i":{"x":[0.833,0.833,0.833],"y":[0.833,0.833,0.833]},"o":{"x":[0.167,0.167,0.167],"y":[0.167,0.167,0.167]},"t":238,"s":[100,100,100]},{"i":{"x":[0.833,0.833,0.833],"y":[0.833,0.833,0.833]},"o":{"x":[0.167,0.167,0.167],"y":[0.167,0.167,0.167]},"t":244,"s":[100,110,100]},{"i":{"x":[0.833,0.833,0.833],"y":[0.833,0.833,0.833]},"o":{"x":[0.167,0.167,0.167],"y":[0.167,0.167,0.167]},"t":252,"s":[100,110,100]},{"i":{"x":[0.833,0.833,0.833],"y":[0.833,0.833,0.833]},"o":{"x":[0.167,0.167,0.167],"y":[0.167,0.167,0.167]},"t":257,"s":[100,95,100]},{"i":{"x":[0.833,0.833,0.833],"y":[0.833,0.833,0.833]},"o":{"x":[0.167,0.167,0.167],"y":[0.167,0.167,0.167]},"t":264,"s":[100,110,100]},{"i":{"x":[0.833,0.833,0.833],"y":[0.833,0.833,0.833]},"o":{"x":[0.167,0.167,0.167],"y":[0.167,0.167,0.167]},"t":270,"s":[100,95,100]},{"t":277,"s":[100,110,100]}],"ix":6}},"ao":0,"hasMask":true,"masksProperties":[{"inv":false,"mode":"a","pt":{"a":1,"k":[{"i":{"x":0.833,"y":0.833},"o":{"x":0.167,"y":0.167},"t":240,"s":[{"i":[[82.254,30.539],[15.553,-67.934],[-2.194,-42.219],[-116.297,-0.211],[-4.485,97.296]],"o":[[-82.254,-30.539],[-15.553,67.934],[2.194,42.219],[116.297,0.211],[4.485,-97.296]],"v":[[100.821,-128.249],[-88.078,-118.248],[-84.33,136.157],[6.196,261.608],[179.403,95.967]],"c":true}]},{"i":{"x":0.833,"y":0.833},"o":{"x":0.167,"y":0.167},"t":244,"s":[{"i":[[82.254,30.539],[15.553,-67.934],[-2.194,-42.219],[-116.297,-0.211],[-4.485,97.296]],"o":[[-82.254,-30.539],[-15.553,67.934],[2.194,42.219],[116.297,0.211],[4.485,-97.296]],"v":[[100.699,-143.482],[-88.2,-133.482],[-84.452,120.923],[3.388,223.586],[179.281,80.733]],"c":true}]},{"i":{"x":0.833,"y":0.833},"o":{"x":0.167,"y":0.167},"t":245,"s":[{"i":[[82.254,30.539],[15.553,-67.934],[-2.194,-42.219],[-116.297,-0.211],[-4.485,97.296]],"o":[[-82.254,-30.539],[-15.553,67.934],[2.194,42.219],[116.297,0.211],[4.485,-97.296]],"v":[[100.767,-141.208],[-88.132,-131.207],[-84.384,123.198],[2.786,220.164],[179.35,83.008]],"c":true}]},{"i":{"x":0.833,"y":0.833},"o":{"x":0.167,"y":0.167},"t":246,"s":[{"i":[[82.254,30.539],[15.553,-67.934],[-2.194,-42.219],[-116.297,-0.211],[-4.485,97.296]],"o":[[-82.254,-30.539],[-15.553,67.934],[2.194,42.219],[116.297,0.211],[4.485,-97.296]],"v":[[101.319,-138.241],[-87.58,-128.24],[-83.832,126.165],[2.666,217.433],[179.901,85.975]],"c":true}]},{"i":{"x":0.833,"y":0.833},"o":{"x":0.167,"y":0.167},"t":247,"s":[{"i":[[82.254,30.539],[15.553,-67.934],[-2.194,-42.219],[-116.297,-0.211],[-4.485,97.296]],"o":[[-82.254,-30.539],[-15.553,67.934],[2.194,42.219],[116.297,0.211],[4.485,-97.296]],"v":[[101.14,-136.085],[-87.759,-126.084],[-84.011,128.321],[2.753,213.912],[179.723,88.131]],"c":true}]},{"i":{"x":0.833,"y":0.833},"o":{"x":0.167,"y":0.167},"t":248,"s":[{"i":[[82.254,30.539],[15.553,-67.934],[-2.194,-42.219],[-116.297,-0.211],[-4.485,97.296]],"o":[[-82.254,-30.539],[-15.553,67.934],[2.194,42.219],[116.297,0.211],[4.485,-97.296]],"v":[[100.209,-133.831],[-88.69,-123.83],[-84.942,130.575],[2.202,210.945],[178.792,90.385]],"c":true}]},{"i":{"x":0.833,"y":0.833},"o":{"x":0.167,"y":0.167},"t":249,"s":[{"i":[[82.254,30.539],[15.553,-67.934],[-2.194,-42.219],[-116.297,-0.211],[-4.485,97.296]],"o":[[-82.254,-30.539],[-15.553,67.934],[2.194,42.219],[116.297,0.211],[4.485,-97.296]],"v":[[101.3,-132.445],[-87.599,-122.444],[-83.851,131.961],[3.522,208.13],[179.882,91.771]],"c":true}]},{"i":{"x":0.833,"y":0.833},"o":{"x":0.167,"y":0.167},"t":250,"s":[{"i":[[82.254,30.539],[15.553,-67.934],[-2.194,-42.219],[-116.297,-0.211],[-4.485,97.296]],"o":[[-82.254,-30.539],[-15.553,67.934],[2.194,42.219],[116.297,0.211],[4.485,-97.296]],"v":[[100.761,-130.864],[-88.138,-120.864],[-84.39,133.541],[2.968,205.277],[179.343,93.351]],"c":true}]},{"i":{"x":0.833,"y":0.833},"o":{"x":0.167,"y":0.167},"t":251,"s":[{"i":[[82.254,30.539],[15.553,-67.934],[-2.194,-42.219],[-116.297,-0.211],[-4.485,97.296]],"o":[[-82.254,-30.539],[-15.553,67.934],[2.194,42.219],[116.297,0.211],[4.485,-97.296]],"v":[[101.374,-130.397],[-87.525,-120.396],[-83.777,134.009],[3.68,201.768],[179.957,93.819]],"c":true}]},{"i":{"x":0.833,"y":0.833},"o":{"x":0.167,"y":0.167},"t":252,"s":[{"i":[[82.254,30.539],[15.553,-67.934],[-2.194,-42.219],[-116.297,-0.211],[-4.485,97.296]],"o":[[-82.254,-30.539],[-15.553,67.934],[2.194,42.219],[116.297,0.211],[4.485,-97.296]],"v":[[100.977,-129.496],[-87.922,-119.495],[-84.174,134.91],[2.879,198.796],[179.559,94.72]],"c":true}]},{"i":{"x":0.833,"y":0.833},"o":{"x":0.167,"y":0.167},"t":253,"s":[{"i":[[82.254,30.539],[15.553,-67.934],[-2.194,-42.219],[-116.297,-0.211],[-4.485,97.296]],"o":[[-82.254,-30.539],[-15.553,67.934],[2.194,42.219],[116.297,0.211],[4.485,-97.296]],"v":[[101.121,-130.346],[-87.777,-120.345],[-84.029,134.06],[3.106,199.701],[179.704,93.87]],"c":true}]},{"i":{"x":0.833,"y":0.833},"o":{"x":0.167,"y":0.167},"t":254,"s":[{"i":[[82.254,30.539],[15.553,-67.934],[-2.194,-42.219],[-116.297,-0.211],[-4.485,97.296]],"o":[[-82.254,-30.539],[-15.553,67.934],[2.194,42.219],[116.297,0.211],[4.485,-97.296]],"v":[[101.513,-131.119],[-87.386,-121.118],[-83.638,133.287],[3.6,199.892],[180.096,93.097]],"c":true}]},{"i":{"x":0.833,"y":0.833},"o":{"x":0.167,"y":0.167},"t":255,"s":[{"i":[[82.254,30.539],[15.553,-67.934],[-2.194,-42.219],[-116.297,-0.211],[-4.485,97.296]],"o":[[-82.254,-30.539],[-15.553,67.934],[2.194,42.219],[116.297,0.211],[4.485,-97.296]],"v":[[101.374,-130.588],[-87.525,-120.588],[-83.777,133.817],[3.461,200.422],[179.957,93.627]],"c":true}]},{"i":{"x":0.833,"y":0.833},"o":{"x":0.167,"y":0.167},"t":256,"s":[{"i":[[82.254,30.539],[15.553,-67.934],[-2.194,-42.219],[-116.297,-0.211],[-4.485,97.296]],"o":[[-82.254,-30.539],[-15.553,67.934],[2.194,42.219],[116.297,0.211],[4.485,-97.296]],"v":[[100.724,-129.527],[-88.175,-119.526],[-84.427,134.879],[2.811,201.484],[179.306,94.689]],"c":true}]},{"i":{"x":0.833,"y":0.833},"o":{"x":0.167,"y":0.167},"t":257,"s":[{"i":[[82.254,30.539],[15.553,-67.934],[-2.194,-42.219],[-116.297,-0.211],[-4.485,97.296]],"o":[[-82.254,-30.539],[-15.553,67.934],[2.194,42.219],[116.297,0.211],[4.485,-97.296]],"v":[[101.349,-129.552],[-87.55,-119.552],[-83.802,134.853],[3.436,201.459],[179.931,94.663]],"c":true}]},{"i":{"x":0.833,"y":0.833},"o":{"x":0.167,"y":0.167},"t":258,"s":[{"i":[[82.254,30.539],[15.553,-67.934],[-2.194,-42.219],[-116.297,-0.211],[-4.485,97.296]],"o":[[-82.254,-30.539],[-15.553,67.934],[2.194,42.219],[116.297,0.211],[4.485,-97.296]],"v":[[101.174,-121.548],[-87.725,-111.547],[-83.977,142.858],[3.261,209.463],[179.756,102.668]],"c":true}]},{"i":{"x":0.833,"y":0.833},"o":{"x":0.167,"y":0.167},"t":259,"s":[{"i":[[82.254,30.539],[15.553,-67.934],[-2.194,-42.219],[-116.297,-0.211],[-4.485,97.296]],"o":[[-82.254,-30.539],[-15.553,67.934],[2.194,42.219],[116.297,0.211],[4.485,-97.296]],"v":[[101.255,-113.943],[-87.644,-103.942],[-83.896,150.463],[3.342,217.068],[179.837,110.273]],"c":true}]},{"i":{"x":0.833,"y":0.833},"o":{"x":0.167,"y":0.167},"t":260,"s":[{"i":[[82.254,30.539],[15.553,-67.934],[-2.194,-42.219],[-116.297,-0.211],[-4.485,97.296]],"o":[[-82.254,-30.539],[-15.553,67.934],[2.194,42.219],[116.297,0.211],[4.485,-97.296]],"v":[[101.233,-107.467],[-87.666,-97.466],[-83.918,156.939],[3.32,223.544],[179.815,116.749]],"c":true}]},{"i":{"x":0.833,"y":0.833},"o":{"x":0.167,"y":0.167},"t":261,"s":[{"i":[[82.254,30.539],[15.553,-67.934],[-2.194,-42.219],[-116.297,-0.211],[-4.485,97.296]],"o":[[-82.254,-30.539],[-15.553,67.934],[2.194,42.219],[116.297,0.211],[4.485,-97.296]],"v":[[101.987,-101.505],[-86.912,-91.504],[-83.164,162.901],[4.074,229.506],[180.569,122.711]],"c":true}]},{"i":{"x":0.833,"y":0.833},"o":{"x":0.167,"y":0.167},"t":267,"s":[{"i":[[82.254,30.539],[15.553,-67.934],[-2.194,-42.219],[-116.297,-0.211],[-4.485,97.296]],"o":[[-82.254,-30.539],[-15.553,67.934],[2.194,42.219],[116.297,0.211],[4.485,-97.296]],"v":[[101.074,-105.96],[-87.825,-95.959],[-84.077,158.446],[3.161,225.051],[179.657,118.256]],"c":true}]},{"i":{"x":0.833,"y":0.833},"o":{"x":0.167,"y":0.167},"t":268,"s":[{"i":[[82.254,30.539],[15.553,-67.934],[-2.194,-42.219],[-116.297,-0.211],[-4.485,97.296]],"o":[[-82.254,-30.539],[-15.553,67.934],[2.194,42.219],[116.297,0.211],[4.485,-97.296]],"v":[[100.874,-113.79],[-88.025,-103.789],[-84.277,150.616],[2.859,216.218],[179.457,110.426]],"c":true}]},{"i":{"x":0.833,"y":0.833},"o":{"x":0.167,"y":0.167},"t":269,"s":[{"i":[[82.254,30.539],[15.553,-67.934],[-2.194,-42.219],[-116.297,-0.211],[-4.485,97.296]],"o":[[-82.254,-30.539],[-15.553,67.934],[2.194,42.219],[116.297,0.211],[4.485,-97.296]],"v":[[101.743,-113.789],[-87.156,-103.789],[-83.408,150.616],[3.806,206.988],[180.326,110.426]],"c":true}]},{"i":{"x":0.833,"y":0.833},"o":{"x":0.167,"y":0.167},"t":270,"s":[{"i":[[82.254,30.539],[15.553,-67.934],[-2.194,-42.219],[-116.297,-0.211],[-4.485,97.296]],"o":[[-82.254,-30.539],[-15.553,67.934],[2.194,42.219],[116.297,0.211],[4.485,-97.296]],"v":[[101.985,-113.672],[-86.914,-103.671],[-83.166,150.734],[3.995,197.891],[180.567,110.544]],"c":true}]},{"i":{"x":0.833,"y":0.833},"o":{"x":0.167,"y":0.167},"t":271,"s":[{"i":[[82.254,30.539],[15.553,-67.934],[-2.194,-42.219],[-116.297,-0.211],[-4.485,97.296]],"o":[[-82.254,-30.539],[-15.553,67.934],[2.194,42.219],[116.297,0.211],[4.485,-97.296]],"v":[[101.507,-114.478],[-87.391,-104.477],[-83.643,149.928],[3.657,202.108],[180.09,109.738]],"c":true}]},{"i":{"x":0.833,"y":0.833},"o":{"x":0.167,"y":0.167},"t":272,"s":[{"i":[[82.254,30.539],[15.553,-67.934],[-2.194,-42.219],[-116.297,-0.211],[-4.485,97.296]],"o":[[-82.254,-30.539],[-15.553,67.934],[2.194,42.219],[116.297,0.211],[4.485,-97.296]],"v":[[100.749,-113.87],[-88.15,-103.87],[-84.402,150.536],[3.3,207.132],[179.332,110.346]],"c":true}]},{"i":{"x":0.833,"y":0.833},"o":{"x":0.167,"y":0.167},"t":273,"s":[{"i":[[82.254,30.539],[15.553,-67.934],[-2.194,-42.219],[-116.297,-0.211],[-4.485,97.296]],"o":[[-82.254,-30.539],[-15.553,67.934],[2.194,42.219],[116.297,0.211],[4.485,-97.296]],"v":[[101.235,-113.014],[-87.664,-103.013],[-83.916,151.392],[4.207,211.449],[179.817,111.202]],"c":true}]},{"i":{"x":0.833,"y":0.833},"o":{"x":0.167,"y":0.167},"t":274,"s":[{"i":[[82.254,30.539],[15.553,-67.934],[-2.194,-42.219],[-116.297,-0.211],[-4.485,97.296]],"o":[[-82.254,-30.539],[-15.553,67.934],[2.194,42.219],[116.297,0.211],[4.485,-97.296]],"v":[[101.204,-111.48],[-87.695,-101.479],[-83.947,152.926],[4.108,215.879],[179.786,112.736]],"c":true}]},{"i":{"x":0.833,"y":0.833},"o":{"x":0.167,"y":0.167},"t":275,"s":[{"i":[[82.254,30.539],[15.553,-67.934],[-2.194,-42.219],[-116.297,-0.211],[-4.485,97.296]],"o":[[-82.254,-30.539],[-15.553,67.934],[2.194,42.219],[116.297,0.211],[4.485,-97.296]],"v":[[100.937,-110.605],[-87.962,-100.604],[-84.214,153.801],[4.026,219.479],[179.519,113.611]],"c":true}]},{"i":{"x":0.833,"y":0.833},"o":{"x":0.167,"y":0.167},"t":276,"s":[{"i":[[82.254,30.539],[15.553,-67.934],[-2.194,-42.219],[-116.297,-0.211],[-4.485,97.296]],"o":[[-82.254,-30.539],[-15.553,67.934],[2.194,42.219],[116.297,0.211],[4.485,-97.296]],"v":[[100.378,-108.032],[-88.521,-98.031],[-84.773,156.374],[3.559,223.445],[178.96,116.184]],"c":true}]},{"i":{"x":0.833,"y":0.833},"o":{"x":0.167,"y":0.167},"t":277,"s":[{"i":[[82.254,30.539],[15.553,-67.934],[-2.194,-42.219],[-116.297,-0.211],[-4.485,97.296]],"o":[[-82.254,-30.539],[-15.553,67.934],[2.194,42.219],[116.297,0.211],[4.485,-97.296]],"v":[[100.779,-104.045],[-88.12,-94.044],[-84.372,160.361],[3.96,227.431],[179.362,120.171]],"c":true}]},{"t":278,"s":[{"i":[[82.254,30.539],[15.553,-67.934],[-2.194,-42.219],[-116.297,-0.211],[-4.485,97.296]],"o":[[-82.254,-30.539],[-15.553,67.934],[2.194,42.219],[116.297,0.211],[4.485,-97.296]],"v":[[100.824,-101.773],[-88.075,-91.772],[-84.327,162.633],[4.004,229.704],[179.406,122.443]],"c":true}]}],"ix":1},"o":{"a":0,"k":100,"ix":3},"x":{"a":0,"k":0,"ix":4},"nm":"Mask 1"}],"shapes":[{"ty":"gr","it":[{"ind":0,"ty":"sh","ix":1,"ks":{"a":0,"k":{"i":[[0,0],[0,0]],"o":[[0,0],[0,0]],"v":[[2.708,2.708],[2.708,224.795]],"c":false},"ix":2},"nm":"Path 1","mn":"ADBE Vector Shape - Group","hd":false},{"ty":"st","c":{"a":0,"k":[0.149000010771,0.642999985639,0.987999949736,1],"ix":3},"o":{"a":0,"k":100,"ix":4},"w":{"a":0,"k":5.416,"ix":5},"lc":2,"lj":2,"bm":0,"nm":"Stroke 1","mn":"ADBE Vector Graphic - Stroke","hd":false},{"ty":"tr","p":{"a":0,"k":[0,0],"ix":2},"a":{"a":0,"k":[0,0],"ix":1},"s":{"a":0,"k":[100,100],"ix":3},"r":{"a":0,"k":0,"ix":6},"o":{"a":0,"k":100,"ix":7},"sk":{"a":0,"k":0,"ix":4},"sa":{"a":0,"k":0,"ix":5},"nm":"Transform"}],"nm":"Group 1","np":2,"cix":2,"bm":0,"ix":1,"mn":"ADBE Vector Group","hd":false}],"ip":201,"op":289,"st":-24,"bm":0},{"ddd":0,"ind":3,"ty":4,"nm":"Feather-lightSide 2","parent":2,"sr":1,"ks":{"o":{"a":0,"k":100,"ix":11},"r":{"a":0,"k":0,"ix":10},"p":{"a":0,"k":[2.708,197.23,0],"ix":2},"a":{"a":0,"k":[50.287,324.211,0],"ix":1},"s":{"a":0,"k":[100,100,100],"ix":6}},"ao":0,"shapes":[{"ty":"gr","it":[{"ind":0,"ty":"sh","ix":1,"ks":{"a":0,"k":{"i":[[0,0],[0,0],[10.964,67.035],[0,0],[12.133,0.458],[0,5.95],[-5.125,21.769],[0,0],[13.035,15.954]],"o":[[0,0],[0,0],[11.948,-4.795],[0,0],[-0.414,-5.658],[0,-23.616],[14.378,6.168],[0,0],[14.761,-49.549]],"v":[[25.019,-161.981],[25.019,161.98],[-21.876,53.651],[-2.303,38.792],[-24.381,32.43],[-25.019,15.013],[-16.405,-53.86],[8.217,-45.351],[-10.394,-76.313]],"c":true},"ix":2},"nm":"Path 1","mn":"ADBE Vector Shape - Group","hd":false},{"ty":"fl","c":{"a":0,"k":[0.286000001197,0.250999989229,0.941000007181,1],"ix":4},"o":{"a":0,"k":100,"ix":5},"r":1,"bm":0,"nm":"Fill 1","mn":"ADBE Vector Graphic - Fill","hd":false},{"ty":"tr","p":{"a":0,"k":[25.268,162.23],"ix":2},"a":{"a":0,"k":[0,0],"ix":1},"s":{"a":0,"k":[100,100],"ix":3},"r":{"a":0,"k":0,"ix":6},"o":{"a":0,"k":100,"ix":7},"sk":{"a":0,"k":0,"ix":4},"sa":{"a":0,"k":0,"ix":5},"nm":"Transform"}],"nm":"Group 1","np":2,"cix":2,"bm":0,"ix":1,"mn":"ADBE Vector Group","hd":false}],"ip":201,"op":494,"st":201,"bm":0},{"ddd":0,"ind":4,"ty":4,"nm":"Feather-darkSide 2","parent":2,"sr":1,"ks":{"o":{"a":0,"k":100,"ix":11},"r":{"a":0,"k":0,"ix":10},"p":{"a":0,"k":[2.708,197.231,0],"ix":2},"a":{"a":0,"k":[0.25,324.211,0],"ix":1},"s":{"a":0,"k":[100,100,100],"ix":6}},"ao":0,"shapes":[{"ty":"gr","it":[{"ind":0,"ty":"sh","ix":1,"ks":{"a":0,"k":{"i":[[0,0],[-8.082,1.411],[0.256,-1.043],[0.796,-2.792],[0,0],[0,0],[-12.457,-34.676],[-1.043,-3.062],[-4.121,-25.454],[0,0],[-9.853,2.663],[0,-11.212],[2.019,-11.871]],"o":[[0,0],[-0.24,1.058],[-0.705,2.934],[-14.288,50.203],[0,0],[0,0],[1.043,2.912],[7.159,21.086],[-10.641,5.658],[0,0],[1.374,11.18],[0,13.785],[-9.951,5.299]],"v":[[5.252,74.114],[19.495,72.809],[18.752,75.968],[16.501,84.561],[-25.019,161.98],[-25.019,-161.98],[-0.173,-103.771],[2.956,-94.803],[21.064,-23.791],[4.645,-7.433],[22.857,-11.17],[25.019,22.517],[21.814,61.02]],"c":true},"ix":2},"nm":"Path 1","mn":"ADBE Vector Shape - Group","hd":false},{"ty":"fl","c":{"a":0,"k":[0.118000000598,0.093999997307,0.532999973671,1],"ix":4},"o":{"a":0,"k":100,"ix":5},"r":1,"bm":0,"nm":"Fill 1","mn":"ADBE Vector Graphic - Fill","hd":false},{"ty":"tr","p":{"a":0,"k":[25.269,162.231],"ix":2},"a":{"a":0,"k":[0,0],"ix":1},"s":{"a":0,"k":[100,100],"ix":3},"r":{"a":0,"k":0,"ix":6},"o":{"a":0,"k":100,"ix":7},"sk":{"a":0,"k":0,"ix":4},"sa":{"a":0,"k":0,"ix":5},"nm":"Transform"}],"nm":"Group 1","np":2,"cix":2,"bm":0,"ix":1,"mn":"ADBE Vector Group","hd":false}],"ip":201,"op":494,"st":201,"bm":0},{"ddd":0,"ind":5,"ty":4,"nm":"Feather-sap","parent":11,"sr":1,"ks":{"o":{"a":0,"k":100,"ix":11},"r":{"a":1,"k":[{"i":{"x":[0.833],"y":[0.833]},"o":{"x":[0.167],"y":[0.167]},"t":0,"s":[60]},{"i":{"x":[0.833],"y":[0.833]},"o":{"x":[0.167],"y":[0.167]},"t":18,"s":[50]},{"i":{"x":[0.833],"y":[0.833]},"o":{"x":[0.167],"y":[0.167]},"t":21,"s":[60]},{"i":{"x":[0.833],"y":[0.833]},"o":{"x":[0.167],"y":[0.167]},"t":37,"s":[50]},{"i":{"x":[0.833],"y":[0.833]},"o":{"x":[0.167],"y":[0.167]},"t":40,"s":[60]},{"i":{"x":[0.833],"y":[0.833]},"o":{"x":[0.167],"y":[0.167]},"t":56,"s":[50]},{"i":{"x":[0.833],"y":[0.833]},"o":{"x":[0.167],"y":[0.167]},"t":59,"s":[60]},{"i":{"x":[0.833],"y":[0.833]},"o":{"x":[0.167],"y":[0.167]},"t":67,"s":[50]},{"i":{"x":[0.833],"y":[0.833]},"o":{"x":[0.167],"y":[0.167]},"t":69,"s":[60]},{"i":{"x":[0.833],"y":[0.833]},"o":{"x":[0.167],"y":[0.167]},"t":82,"s":[50]},{"i":{"x":[0.833],"y":[0.833]},"o":{"x":[0.167],"y":[0.167]},"t":84,"s":[60]},{"i":{"x":[0.833],"y":[0.833]},"o":{"x":[0.167],"y":[0.167]},"t":99,"s":[50]},{"i":{"x":[0.833],"y":[0.833]},"o":{"x":[0.167],"y":[0.167]},"t":102,"s":[60]},{"i":{"x":[0.833],"y":[0.833]},"o":{"x":[0.167],"y":[0.167]},"t":118,"s":[50]},{"i":{"x":[0.833],"y":[0.833]},"o":{"x":[0.167],"y":[0.167]},"t":120,"s":[60]},{"i":{"x":[0.833],"y":[0.833]},"o":{"x":[0.167],"y":[0.167]},"t":127,"s":[50]},{"i":{"x":[0.833],"y":[0.833]},"o":{"x":[0.167],"y":[0.167]},"t":129,"s":[60]},{"i":{"x":[0.833],"y":[0.833]},"o":{"x":[0.167],"y":[0.167]},"t":137,"s":[50]},{"i":{"x":[0.833],"y":[0.833]},"o":{"x":[0.167],"y":[0.167]},"t":139,"s":[60]},{"i":{"x":[0.833],"y":[0.833]},"o":{"x":[0.167],"y":[0.167]},"t":156,"s":[50]},{"i":{"x":[0.833],"y":[0.833]},"o":{"x":[0.167],"y":[0.167]},"t":158,"s":[60]},{"i":{"x":[0.833],"y":[0.833]},"o":{"x":[0.167],"y":[0.167]},"t":175,"s":[50]},{"i":{"x":[0.833],"y":[0.833]},"o":{"x":[0.167],"y":[0.167]},"t":177,"s":[60]},{"i":{"x":[0.833],"y":[0.833]},"o":{"x":[0.167],"y":[0.167]},"t":181,"s":[50]},{"i":{"x":[0.833],"y":[0.833]},"o":{"x":[0.167],"y":[0.167]},"t":183,"s":[60]},{"i":{"x":[0.833],"y":[0.833]},"o":{"x":[0.167],"y":[0.167]},"t":190,"s":[50]},{"i":{"x":[0.833],"y":[0.833]},"o":{"x":[0.167],"y":[0.167]},"t":192,"s":[60]},{"i":{"x":[0.833],"y":[0.833]},"o":{"x":[0.167],"y":[0.167]},"t":198,"s":[50]},{"t":201,"s":[40]}],"ix":10},"p":{"a":1,"k":[{"i":{"x":0.833,"y":0.833},"o":{"x":0.167,"y":0.167},"t":3,"s":[30.582,49.355,0],"to":[25.25,-4.417,0],"ti":[-1.083,-2.521,0]},{"i":{"x":0.833,"y":0.833},"o":{"x":0.167,"y":0.167},"t":20,"s":[182.082,22.855,0],"to":[1.083,2.521,0],"ti":[-0.917,-2.25,0]},{"i":{"x":0.833,"y":0.833},"o":{"x":0.167,"y":0.167},"t":21,"s":[37.082,64.48,0],"to":[0.917,2.25,0],"ti":[-1.875,-2.708,0]},{"i":{"x":0.833,"y":0.833},"o":{"x":0.167,"y":0.167},"t":39,"s":[187.582,36.355,0],"to":[1.875,2.708,0],"ti":[-0.792,-2.458,0]},{"i":{"x":0.833,"y":0.833},"o":{"x":0.167,"y":0.167},"t":40,"s":[48.332,80.73,0],"to":[0.792,2.458,0],"ti":[-2,-2.479,0]},{"i":{"x":0.833,"y":0.833},"o":{"x":0.167,"y":0.167},"t":58,"s":[192.332,51.105,0],"to":[2,2.479,0],"ti":[12.417,-5.25,0]},{"i":{"x":0.833,"y":0.833},"o":{"x":0.167,"y":0.167},"t":59,"s":[60.332,95.605,0],"to":[-12.417,5.25,0],"ti":[-3.292,-2.292,0]},{"i":{"x":0.833,"y":0.833},"o":{"x":0.167,"y":0.167},"t":67,"s":[117.832,82.605,0],"to":[3.292,2.292,0],"ti":[-16.875,1,0]},{"i":{"x":0.833,"y":0.833},"o":{"x":0.167,"y":0.167},"t":68,"s":[80.082,109.355,0],"to":[16.875,-1,0],"ti":[-2.979,-1.771,0]},{"i":{"x":0.833,"y":0.833},"o":{"x":0.167,"y":0.167},"t":83,"s":[219.082,76.605,0],"to":[2.979,1.771,0],"ti":[-2.375,-2.083,0]},{"i":{"x":0.833,"y":0.833},"o":{"x":0.167,"y":0.167},"t":84,"s":[97.957,119.98,0],"to":[2.375,2.083,0],"ti":[-3.604,-1.896,0]},{"i":{"x":0.833,"y":0.833},"o":{"x":0.167,"y":0.167},"t":101,"s":[233.332,89.105,0],"to":[3.604,1.896,0],"ti":[-2.875,-1.958,0]},{"i":{"x":0.833,"y":0.833},"o":{"x":0.167,"y":0.167},"t":102,"s":[119.582,131.355,0],"to":[2.875,1.958,0],"ti":[-2.75,-2,0]},{"i":{"x":0.833,"y":0.833},"o":{"x":0.167,"y":0.167},"t":119,"s":[250.582,100.855,0],"to":[2.75,2,0],"ti":[10.917,-5.083,0]},{"i":{"x":0.833,"y":0.833},"o":{"x":0.167,"y":0.167},"t":120,"s":[136.082,143.355,0],"to":[-10.917,5.083,0],"ti":[-2.333,-2.625,0]},{"i":{"x":0.833,"y":0.833},"o":{"x":0.167,"y":0.167},"t":127,"s":[185.082,131.355,0],"to":[2.333,2.625,0],"ti":[-5.961,2.32,0]},{"i":{"x":0.833,"y":0.833},"o":{"x":0.167,"y":0.167},"t":128,"s":[150.082,159.105,0],"to":[6.958,-2.708,0],"ti":[-2.125,-2.375,0]},{"i":{"x":0.833,"y":0.833},"o":{"x":0.167,"y":0.167},"t":138,"s":[222.332,140.605,0],"to":[2.125,2.375,0],"ti":[-13.375,0.333,0]},{"i":{"x":0.833,"y":0.833},"o":{"x":0.167,"y":0.167},"t":139,"s":[162.832,173.355,0],"to":[13.375,-0.333,0],"ti":[-1.521,-3.167,0]},{"i":{"x":0.833,"y":0.833},"o":{"x":0.167,"y":0.167},"t":157,"s":[302.582,138.605,0],"to":[1.521,3.167,0],"ti":[-1.292,-2.833,0]},{"i":{"x":0.833,"y":0.833},"o":{"x":0.167,"y":0.167},"t":158,"s":[171.957,192.355,0],"to":[1.292,2.833,0],"ti":[-1.312,-2.917,0]},{"i":{"x":0.833,"y":0.833},"o":{"x":0.167,"y":0.167},"t":176,"s":[310.332,155.605,0],"to":[1.312,2.917,0],"ti":[12.917,-6.625,0]},{"i":{"x":0.833,"y":0.833},"o":{"x":0.167,"y":0.167},"t":177,"s":[179.832,209.855,0],"to":[-12.917,6.625,0],"ti":[-0.875,-3.417,0]},{"i":{"x":0.833,"y":0.833},"o":{"x":0.167,"y":0.167},"t":182,"s":[232.832,195.355,0],"to":[0.875,3.417,0],"ti":[7.958,-5.833,0]},{"i":{"x":0.833,"y":0.833},"o":{"x":0.167,"y":0.167},"t":183,"s":[185.082,230.355,0],"to":[-7.958,5.833,0],"ti":[-19.208,5.625,0]},{"t":190,"s":[232.082,217.105,0],"h":1},{"i":{"x":0.833,"y":0.833},"o":{"x":0.167,"y":0.167},"t":193,"s":[232.082,217.105,0],"to":[40.708,-32.625,0],"ti":[0,0,0]},{"i":{"x":0.833,"y":0.833},"o":{"x":0.167,"y":0.167},"t":198,"s":[305.582,197.98,0],"to":[0,0,0],"ti":[0,0,0]},{"t":201,"s":[332.457,190.105,0]}],"ix":2},"a":{"a":0,"k":[2.708,224.795,0],"ix":1},"s":{"a":0,"k":[100,100,100],"ix":6}},"ao":0,"shapes":[{"ty":"gr","it":[{"ind":0,"ty":"sh","ix":1,"ks":{"a":0,"k":{"i":[[0,0],[0,0]],"o":[[0,0],[0,0]],"v":[[2.708,2.708],[2.708,224.795]],"c":false},"ix":2},"nm":"Path 1","mn":"ADBE Vector Shape - Group","hd":false},{"ty":"st","c":{"a":0,"k":[0.149000010771,0.642999985639,0.987999949736,1],"ix":3},"o":{"a":0,"k":100,"ix":4},"w":{"a":0,"k":5.416,"ix":5},"lc":2,"lj":2,"bm":0,"nm":"Stroke 1","mn":"ADBE Vector Graphic - Stroke","hd":false},{"ty":"tr","p":{"a":0,"k":[0,0],"ix":2},"a":{"a":0,"k":[0,0],"ix":1},"s":{"a":0,"k":[100,100],"ix":3},"r":{"a":0,"k":0,"ix":6},"o":{"a":0,"k":100,"ix":7},"sk":{"a":0,"k":0,"ix":4},"sa":{"a":0,"k":0,"ix":5},"nm":"Transform"}],"nm":"Group 1","np":2,"cix":2,"bm":0,"ix":1,"mn":"ADBE Vector Group","hd":false}],"ip":-24,"op":201,"st":-24,"bm":0},{"ddd":0,"ind":6,"ty":4,"nm":"Feather-lightSide","parent":5,"sr":1,"ks":{"o":{"a":0,"k":100,"ix":11},"r":{"a":0,"k":0,"ix":10},"p":{"a":0,"k":[2.708,197.23,0],"ix":2},"a":{"a":0,"k":[50.287,324.211,0],"ix":1},"s":{"a":0,"k":[100,100,100],"ix":6}},"ao":0,"shapes":[{"ty":"gr","it":[{"ind":0,"ty":"sh","ix":1,"ks":{"a":0,"k":{"i":[[0,0],[0,0],[10.964,67.035],[0,0],[12.133,0.458],[0,5.95],[-5.125,21.769],[0,0],[13.035,15.954]],"o":[[0,0],[0,0],[11.948,-4.795],[0,0],[-0.414,-5.658],[0,-23.616],[14.378,6.168],[0,0],[14.761,-49.549]],"v":[[25.019,-161.981],[25.019,161.98],[-21.876,53.651],[-2.303,38.792],[-24.381,32.43],[-25.019,15.013],[-16.405,-53.86],[8.217,-45.351],[-10.394,-76.313]],"c":true},"ix":2},"nm":"Path 1","mn":"ADBE Vector Shape - Group","hd":false},{"ty":"fl","c":{"a":0,"k":[0.286000001197,0.250999989229,0.941000007181,1],"ix":4},"o":{"a":0,"k":100,"ix":5},"r":1,"bm":0,"nm":"Fill 1","mn":"ADBE Vector Graphic - Fill","hd":false},{"ty":"tr","p":{"a":0,"k":[25.268,162.23],"ix":2},"a":{"a":0,"k":[0,0],"ix":1},"s":{"a":0,"k":[100,100],"ix":3},"r":{"a":0,"k":0,"ix":6},"o":{"a":0,"k":100,"ix":7},"sk":{"a":0,"k":0,"ix":4},"sa":{"a":0,"k":0,"ix":5},"nm":"Transform"}],"nm":"Group 1","np":2,"cix":2,"bm":0,"ix":1,"mn":"ADBE Vector Group","hd":false}],"ip":0,"op":201,"st":0,"bm":0},{"ddd":0,"ind":7,"ty":4,"nm":"Feather-darkSide","parent":5,"sr":1,"ks":{"o":{"a":0,"k":100,"ix":11},"r":{"a":0,"k":0,"ix":10},"p":{"a":0,"k":[2.708,197.231,0],"ix":2},"a":{"a":0,"k":[0.25,324.211,0],"ix":1},"s":{"a":0,"k":[100,100,100],"ix":6}},"ao":0,"shapes":[{"ty":"gr","it":[{"ind":0,"ty":"sh","ix":1,"ks":{"a":0,"k":{"i":[[0,0],[-8.082,1.411],[0.256,-1.043],[0.796,-2.792],[0,0],[0,0],[-12.457,-34.676],[-1.043,-3.062],[-4.121,-25.454],[0,0],[-9.853,2.663],[0,-11.212],[2.019,-11.871]],"o":[[0,0],[-0.24,1.058],[-0.705,2.934],[-14.288,50.203],[0,0],[0,0],[1.043,2.912],[7.159,21.086],[-10.641,5.658],[0,0],[1.374,11.18],[0,13.785],[-9.951,5.299]],"v":[[5.252,74.114],[19.495,72.809],[18.752,75.968],[16.501,84.561],[-25.019,161.98],[-25.019,-161.98],[-0.173,-103.771],[2.956,-94.803],[21.064,-23.791],[4.645,-7.433],[22.857,-11.17],[25.019,22.517],[21.814,61.02]],"c":true},"ix":2},"nm":"Path 1","mn":"ADBE Vector Shape - Group","hd":false},{"ty":"fl","c":{"a":0,"k":[0.118000000598,0.093999997307,0.532999973671,1],"ix":4},"o":{"a":0,"k":100,"ix":5},"r":1,"bm":0,"nm":"Fill 1","mn":"ADBE Vector Graphic - Fill","hd":false},{"ty":"tr","p":{"a":0,"k":[25.269,162.231],"ix":2},"a":{"a":0,"k":[0,0],"ix":1},"s":{"a":0,"k":[100,100],"ix":3},"r":{"a":0,"k":0,"ix":6},"o":{"a":0,"k":100,"ix":7},"sk":{"a":0,"k":0,"ix":4},"sa":{"a":0,"k":0,"ix":5},"nm":"Transform"}],"nm":"Group 1","np":2,"cix":2,"bm":0,"ix":1,"mn":"ADBE Vector Group","hd":false}],"ip":0,"op":201,"st":0,"bm":0},{"ddd":0,"ind":8,"ty":4,"nm":"Story-Command","parent":11,"sr":1,"ks":{"o":{"a":1,"k":[{"i":{"x":[0.667],"y":[1]},"o":{"x":[0.167],"y":[0.167]},"t":231,"s":[100]},{"t":264,"s":[0]}],"ix":11},"r":{"a":0,"k":0,"ix":10},"p":{"a":0,"k":[180.753,127.748,0],"ix":2},"a":{"a":0,"k":[152.217,105.203,0],"ix":1},"s":{"a":0,"k":[100,100,100],"ix":6}},"ao":0,"shapes":[{"ty":"gr","it":[{"ind":0,"ty":"sh","ix":1,"ks":{"a":0,"k":{"i":[[0,0],[0,0]],"o":[[0,0],[0,0]],"v":[[13.279,-3.601],[-13.279,3.601]],"c":false},"ix":2},"nm":"Path 1","mn":"ADBE Vector Shape - Group","hd":false},{"ty":"st","c":{"a":0,"k":[0.984000052658,0.675,0,1],"ix":3},"o":{"a":0,"k":100,"ix":4},"w":{"a":0,"k":2.708,"ix":5},"lc":2,"lj":2,"bm":0,"nm":"Stroke 1","mn":"ADBE Vector Graphic - Stroke","hd":false},{"ty":"tr","p":{"a":0,"k":[289.801,172.171],"ix":2},"a":{"a":0,"k":[0,0],"ix":1},"s":{"a":0,"k":[100,100],"ix":3},"r":{"a":0,"k":0,"ix":6},"o":{"a":0,"k":100,"ix":7},"sk":{"a":0,"k":0,"ix":4},"sa":{"a":0,"k":0,"ix":5},"nm":"Transform"}],"nm":"Group 1","np":2,"cix":2,"bm":0,"ix":1,"mn":"ADBE Vector Group","hd":false},{"ty":"gr","it":[{"ind":0,"ty":"sh","ix":1,"ks":{"a":0,"k":{"i":[[0,0],[0,0]],"o":[[0,0],[0,0]],"v":[[25.084,-6.802],[-25.084,6.802]],"c":false},"ix":2},"nm":"Path 1","mn":"ADBE Vector Shape - Group","hd":false},{"ty":"st","c":{"a":0,"k":[0.984000052658,0.675,0,1],"ix":3},"o":{"a":0,"k":100,"ix":4},"w":{"a":0,"k":2.708,"ix":5},"lc":2,"lj":2,"bm":0,"nm":"Stroke 1","mn":"ADBE Vector Graphic - Stroke","hd":false},{"ty":"tr","p":{"a":0,"k":[178.872,202.251],"ix":2},"a":{"a":0,"k":[0,0],"ix":1},"s":{"a":0,"k":[100,100],"ix":3},"r":{"a":0,"k":0,"ix":6},"o":{"a":0,"k":100,"ix":7},"sk":{"a":0,"k":0,"ix":4},"sa":{"a":0,"k":0,"ix":5},"nm":"Transform"}],"nm":"Group 2","np":2,"cix":2,"bm":0,"ix":2,"mn":"ADBE Vector Group","hd":false},{"ty":"gr","it":[{"ind":0,"ty":"sh","ix":1,"ks":{"a":0,"k":{"i":[[0,0],[0,0]],"o":[[0,0],[0,0]],"v":[[10.281,-2.851],[-10.281,2.851]],"c":false},"ix":2},"nm":"Path 1","mn":"ADBE Vector Shape - Group","hd":false},{"ty":"st","c":{"a":0,"k":[0.984000052658,0.675,0,1],"ix":3},"o":{"a":0,"k":100,"ix":4},"w":{"a":0,"k":2.708,"ix":5},"lc":2,"lj":2,"bm":0,"nm":"Stroke 1","mn":"ADBE Vector Graphic - Stroke","hd":false},{"ty":"tr","p":{"a":0,"k":[191.561,177.029],"ix":2},"a":{"a":0,"k":[0,0],"ix":1},"s":{"a":0,"k":[100,100],"ix":3},"r":{"a":0,"k":0,"ix":6},"o":{"a":0,"k":100,"ix":7},"sk":{"a":0,"k":0,"ix":4},"sa":{"a":0,"k":0,"ix":5},"nm":"Transform"}],"nm":"Group 3","np":2,"cix":2,"bm":0,"ix":3,"mn":"ADBE Vector Group","hd":false},{"ty":"gr","it":[{"ind":0,"ty":"sh","ix":1,"ks":{"a":0,"k":{"i":[[0,0],[0,0]],"o":[[0,0],[0,0]],"v":[[11.11,-3.08],[-11.11,3.08]],"c":false},"ix":2},"nm":"Path 1","mn":"ADBE Vector Shape - Group","hd":false},{"ty":"st","c":{"a":0,"k":[0.149000010771,0.642999985639,0.987999949736,1],"ix":3},"o":{"a":0,"k":100,"ix":4},"w":{"a":0,"k":2.708,"ix":5},"lc":2,"lj":2,"bm":0,"nm":"Stroke 1","mn":"ADBE Vector Graphic - Stroke","hd":false},{"ty":"tr","p":{"a":0,"k":[159.088,186.032],"ix":2},"a":{"a":0,"k":[0,0],"ix":1},"s":{"a":0,"k":[100,100],"ix":3},"r":{"a":0,"k":0,"ix":6},"o":{"a":0,"k":100,"ix":7},"sk":{"a":0,"k":0,"ix":4},"sa":{"a":0,"k":0,"ix":5},"nm":"Transform"}],"nm":"Group 4","np":2,"cix":2,"bm":0,"ix":4,"mn":"ADBE Vector Group","hd":false},{"ty":"gr","it":[{"ind":0,"ty":"sh","ix":1,"ks":{"a":0,"k":{"i":[[0,0],[0,0]],"o":[[0,0],[0,0]],"v":[[20.255,-5.278],[-20.255,5.278]],"c":false},"ix":2},"nm":"Path 1","mn":"ADBE Vector Shape - Group","hd":false},{"ty":"st","c":{"a":0,"k":[0.984000052658,0.675,0,1],"ix":3},"o":{"a":0,"k":100,"ix":4},"w":{"a":0,"k":2.708,"ix":5},"lc":2,"lj":2,"bm":0,"nm":"Stroke 1","mn":"ADBE Vector Graphic - Stroke","hd":false},{"ty":"tr","p":{"a":0,"k":[266.493,138.267],"ix":2},"a":{"a":0,"k":[0,0],"ix":1},"s":{"a":0,"k":[100,100],"ix":3},"r":{"a":0,"k":0,"ix":6},"o":{"a":0,"k":100,"ix":7},"sk":{"a":0,"k":0,"ix":4},"sa":{"a":0,"k":0,"ix":5},"nm":"Transform"}],"nm":"Group 5","np":2,"cix":2,"bm":0,"ix":5,"mn":"ADBE Vector Group","hd":false},{"ty":"gr","it":[{"ind":0,"ty":"sh","ix":1,"ks":{"a":0,"k":{"i":[[0,0],[0,0]],"o":[[0,0],[0,0]],"v":[[47.916,-12.485],[-47.916,12.485]],"c":false},"ix":2},"nm":"Path 1","mn":"ADBE Vector Shape - Group","hd":false},{"ty":"st","c":{"a":0,"k":[0.286000001197,0.250999989229,0.941000007181,1],"ix":3},"o":{"a":0,"k":100,"ix":4},"w":{"a":0,"k":2.708,"ix":5},"lc":2,"lj":2,"bm":0,"nm":"Stroke 1","mn":"ADBE Vector Graphic - Stroke","hd":false},{"ty":"tr","p":{"a":0,"k":[188.61,158.561],"ix":2},"a":{"a":0,"k":[0,0],"ix":1},"s":{"a":0,"k":[100,100],"ix":3},"r":{"a":0,"k":0,"ix":6},"o":{"a":0,"k":100,"ix":7},"sk":{"a":0,"k":0,"ix":4},"sa":{"a":0,"k":0,"ix":5},"nm":"Transform"}],"nm":"Group 6","np":2,"cix":2,"bm":0,"ix":6,"mn":"ADBE Vector Group","hd":false},{"ty":"gr","it":[{"ind":0,"ty":"sh","ix":1,"ks":{"a":0,"k":{"i":[[0,0],[0,0]],"o":[[0,0],[0,0]],"v":[[42.297,-10.533],[-42.297,10.533]],"c":false},"ix":2},"nm":"Path 1","mn":"ADBE Vector Shape - Group","hd":false},{"ty":"st","c":{"a":0,"k":[0.984000052658,0.675,0,1],"ix":3},"o":{"a":0,"k":100,"ix":4},"w":{"a":0,"k":2.708,"ix":5},"lc":2,"lj":2,"bm":0,"nm":"Stroke 1","mn":"ADBE Vector Graphic - Stroke","hd":false},{"ty":"tr","p":{"a":0,"k":[232.363,127.067],"ix":2},"a":{"a":0,"k":[0,0],"ix":1},"s":{"a":0,"k":[100,100],"ix":3},"r":{"a":0,"k":0,"ix":6},"o":{"a":0,"k":100,"ix":7},"sk":{"a":0,"k":0,"ix":4},"sa":{"a":0,"k":0,"ix":5},"nm":"Transform"}],"nm":"Group 24","np":2,"cix":2,"bm":0,"ix":7,"mn":"ADBE Vector Group","hd":false},{"ty":"gr","it":[{"ind":0,"ty":"sh","ix":1,"ks":{"a":0,"k":{"i":[[0,0],[0,0]],"o":[[0,0],[0,0]],"v":[[23.787,-5.924],[-23.787,5.924]],"c":false},"ix":2},"nm":"Path 1","mn":"ADBE Vector Shape - Group","hd":false},{"ty":"st","c":{"a":0,"k":[0.995999983245,0.344999994016,0.352999997606,1],"ix":3},"o":{"a":0,"k":100,"ix":4},"w":{"a":0,"k":2.708,"ix":5},"lc":2,"lj":2,"bm":0,"nm":"Stroke 1","mn":"ADBE Vector Graphic - Stroke","hd":false},{"ty":"tr","p":{"a":0,"k":[153.984,146.585],"ix":2},"a":{"a":0,"k":[0,0],"ix":1},"s":{"a":0,"k":[100,100],"ix":3},"r":{"a":0,"k":0,"ix":6},"o":{"a":0,"k":100,"ix":7},"sk":{"a":0,"k":0,"ix":4},"sa":{"a":0,"k":0,"ix":5},"nm":"Transform"}],"nm":"Group 25","np":2,"cix":2,"bm":0,"ix":8,"mn":"ADBE Vector Group","hd":false},{"ty":"gr","it":[{"ind":0,"ty":"sh","ix":1,"ks":{"a":0,"k":{"i":[[0,0],[0,0]],"o":[[0,0],[0,0]],"v":[[38.061,-9.285],[-38.061,9.285]],"c":false},"ix":2},"nm":"Path 1","mn":"ADBE Vector Shape - Group","hd":false},{"ty":"st","c":{"a":0,"k":[0.286000001197,0.250999989229,0.941000007181,1],"ix":3},"o":{"a":0,"k":100,"ix":4},"w":{"a":0,"k":2.708,"ix":5},"lc":2,"lj":2,"bm":0,"nm":"Stroke 1","mn":"ADBE Vector Graphic - Stroke","hd":false},{"ty":"tr","p":{"a":0,"k":[156.172,127.767],"ix":2},"a":{"a":0,"k":[0,0],"ix":1},"s":{"a":0,"k":[100,100],"ix":3},"r":{"a":0,"k":0,"ix":6},"o":{"a":0,"k":100,"ix":7},"sk":{"a":0,"k":0,"ix":4},"sa":{"a":0,"k":0,"ix":5},"nm":"Transform"}],"nm":"Group 23","np":2,"cix":2,"bm":0,"ix":9,"mn":"ADBE Vector Group","hd":false},{"ty":"gr","it":[{"ind":0,"ty":"sh","ix":1,"ks":{"a":0,"k":{"i":[[0,0],[0,0]],"o":[[0,0],[0,0]],"v":[[26.603,-6.625],[-26.603,6.625]],"c":false},"ix":2},"nm":"Path 1","mn":"ADBE Vector Shape - Group","hd":false},{"ty":"st","c":{"a":0,"k":[0.984000052658,0.675,0,1],"ix":3},"o":{"a":0,"k":100,"ix":4},"w":{"a":0,"k":2.708,"ix":5},"lc":2,"lj":2,"bm":0,"nm":"Stroke 1","mn":"ADBE Vector Graphic - Stroke","hd":false},{"ty":"tr","p":{"a":0,"k":[130.561,116.044],"ix":2},"a":{"a":0,"k":[0,0],"ix":1},"s":{"a":0,"k":[100,100],"ix":3},"r":{"a":0,"k":0,"ix":6},"o":{"a":0,"k":100,"ix":7},"sk":{"a":0,"k":0,"ix":4},"sa":{"a":0,"k":0,"ix":5},"nm":"Transform"}],"nm":"Group 22","np":2,"cix":2,"bm":0,"ix":10,"mn":"ADBE Vector Group","hd":false},{"ty":"gr","it":[{"ind":0,"ty":"sh","ix":1,"ks":{"a":0,"k":{"i":[[0,0],[0,0]],"o":[[0,0],[0,0]],"v":[[52.017,-12.404],[-52.017,12.404]],"c":false},"ix":2},"nm":"Path 1","mn":"ADBE Vector Shape - Group","hd":false},{"ty":"st","c":{"a":0,"k":[0.286000001197,0.250999989229,0.941000007181,1],"ix":3},"o":{"a":0,"k":100,"ix":4},"w":{"a":0,"k":2.708,"ix":5},"lc":2,"lj":2,"bm":0,"nm":"Stroke 1","mn":"ADBE Vector Graphic - Stroke","hd":false},{"ty":"tr","p":{"a":0,"k":[174.83,89.911],"ix":2},"a":{"a":0,"k":[0,0],"ix":1},"s":{"a":0,"k":[100,100],"ix":3},"r":{"a":0,"k":0,"ix":6},"o":{"a":0,"k":100,"ix":7},"sk":{"a":0,"k":0,"ix":4},"sa":{"a":0,"k":0,"ix":5},"nm":"Transform"}],"nm":"Group 20","np":2,"cix":2,"bm":0,"ix":11,"mn":"ADBE Vector Group","hd":false},{"ty":"gr","it":[{"ind":0,"ty":"sh","ix":1,"ks":{"a":0,"k":{"i":[[0,0],[0,0]],"o":[[0,0],[0,0]],"v":[[13.462,-3.21],[-13.462,3.21]],"c":false},"ix":2},"nm":"Path 1","mn":"ADBE Vector Shape - Group","hd":false},{"ty":"st","c":{"a":0,"k":[0.984000052658,0.675,0,1],"ix":3},"o":{"a":0,"k":100,"ix":4},"w":{"a":0,"k":2.708,"ix":5},"lc":2,"lj":2,"bm":0,"nm":"Stroke 1","mn":"ADBE Vector Graphic - Stroke","hd":false},{"ty":"tr","p":{"a":0,"k":[100.943,107.528],"ix":2},"a":{"a":0,"k":[0,0],"ix":1},"s":{"a":0,"k":[100,100],"ix":3},"r":{"a":0,"k":0,"ix":6},"o":{"a":0,"k":100,"ix":7},"sk":{"a":0,"k":0,"ix":4},"sa":{"a":0,"k":0,"ix":5},"nm":"Transform"}],"nm":"Group 21","np":2,"cix":2,"bm":0,"ix":12,"mn":"ADBE Vector Group","hd":false},{"ty":"gr","it":[{"ind":0,"ty":"sh","ix":1,"ks":{"a":0,"k":{"i":[[0,0],[0,0]],"o":[[0,0],[0,0]],"v":[[25.632,-5.782],[-25.632,5.782]],"c":false},"ix":2},"nm":"Path 1","mn":"ADBE Vector Shape - Group","hd":false},{"ty":"st","c":{"a":0,"k":[0.995999983245,0.344999994016,0.352999997606,1],"ix":3},"o":{"a":0,"k":100,"ix":4},"w":{"a":0,"k":2.708,"ix":5},"lc":2,"lj":2,"bm":0,"nm":"Stroke 1","mn":"ADBE Vector Graphic - Stroke","hd":false},{"ty":"tr","p":{"a":0,"k":[182.795,72.44],"ix":2},"a":{"a":0,"k":[0,0],"ix":1},"s":{"a":0,"k":[100,100],"ix":3},"r":{"a":0,"k":0,"ix":6},"o":{"a":0,"k":100,"ix":7},"sk":{"a":0,"k":0,"ix":4},"sa":{"a":0,"k":0,"ix":5},"nm":"Transform"}],"nm":"Group 18","np":2,"cix":2,"bm":0,"ix":13,"mn":"ADBE Vector Group","hd":false},{"ty":"gr","it":[{"ind":0,"ty":"sh","ix":1,"ks":{"a":0,"k":{"i":[[0,0],[0,0]],"o":[[0,0],[0,0]],"v":[[36.039,-8.131],[-36.039,8.131]],"c":false},"ix":2},"nm":"Path 1","mn":"ADBE Vector Shape - Group","hd":false},{"ty":"st","c":{"a":0,"k":[0.149000010771,0.642999985639,0.987999949736,1],"ix":3},"o":{"a":0,"k":100,"ix":4},"w":{"a":0,"k":2.708,"ix":5},"lc":2,"lj":2,"bm":0,"nm":"Stroke 1","mn":"ADBE Vector Graphic - Stroke","hd":false},{"ty":"tr","p":{"a":0,"k":[104.587,90.084],"ix":2},"a":{"a":0,"k":[0,0],"ix":1},"s":{"a":0,"k":[100,100],"ix":3},"r":{"a":0,"k":0,"ix":6},"o":{"a":0,"k":100,"ix":7},"sk":{"a":0,"k":0,"ix":4},"sa":{"a":0,"k":0,"ix":5},"nm":"Transform"}],"nm":"Group 19","np":2,"cix":2,"bm":0,"ix":14,"mn":"ADBE Vector Group","hd":false},{"ty":"gr","it":[{"ind":0,"ty":"sh","ix":1,"ks":{"a":0,"k":{"i":[[0,0],[0,0]],"o":[[0,0],[0,0]],"v":[[11.084,-2.535],[-11.084,2.535]],"c":false},"ix":2},"nm":"Path 1","mn":"ADBE Vector Shape - Group","hd":false},{"ty":"st","c":{"a":0,"k":[0.984000052658,0.675,0,1],"ix":3},"o":{"a":0,"k":100,"ix":4},"w":{"a":0,"k":2.708,"ix":5},"lc":2,"lj":2,"bm":0,"nm":"Stroke 1","mn":"ADBE Vector Graphic - Stroke","hd":false},{"ty":"tr","p":{"a":0,"k":[181.281,57.039],"ix":2},"a":{"a":0,"k":[0,0],"ix":1},"s":{"a":0,"k":[100,100],"ix":3},"r":{"a":0,"k":0,"ix":6},"o":{"a":0,"k":100,"ix":7},"sk":{"a":0,"k":0,"ix":4},"sa":{"a":0,"k":0,"ix":5},"nm":"Transform"}],"nm":"Group 15","np":2,"cix":2,"bm":0,"ix":15,"mn":"ADBE Vector Group","hd":false},{"ty":"gr","it":[{"ind":0,"ty":"sh","ix":1,"ks":{"a":0,"k":{"i":[[0,0],[0,0]],"o":[[0,0],[0,0]],"v":[[17.814,-4.074],[-17.814,4.074]],"c":false},"ix":2},"nm":"Path 1","mn":"ADBE Vector Shape - Group","hd":false},{"ty":"st","c":{"a":0,"k":[0.286000001197,0.250999989229,0.941000007181,1],"ix":3},"o":{"a":0,"k":100,"ix":4},"w":{"a":0,"k":2.708,"ix":5},"lc":2,"lj":2,"bm":0,"nm":"Stroke 1","mn":"ADBE Vector Graphic - Stroke","hd":false},{"ty":"tr","p":{"a":0,"k":[140.626,66.337],"ix":2},"a":{"a":0,"k":[0,0],"ix":1},"s":{"a":0,"k":[100,100],"ix":3},"r":{"a":0,"k":0,"ix":6},"o":{"a":0,"k":100,"ix":7},"sk":{"a":0,"k":0,"ix":4},"sa":{"a":0,"k":0,"ix":5},"nm":"Transform"}],"nm":"Group 16","np":2,"cix":2,"bm":0,"ix":16,"mn":"ADBE Vector Group","hd":false},{"ty":"gr","it":[{"ind":0,"ty":"sh","ix":1,"ks":{"a":0,"k":{"i":[[0,0],[0,0]],"o":[[0,0],[0,0]],"v":[[28.674,-6.558],[-28.674,6.558]],"c":false},"ix":2},"nm":"Path 1","mn":"ADBE Vector Shape - Group","hd":false},{"ty":"st","c":{"a":0,"k":[0.984000052658,0.675,0,1],"ix":3},"o":{"a":0,"k":100,"ix":4},"w":{"a":0,"k":2.708,"ix":5},"lc":2,"lj":2,"bm":0,"nm":"Stroke 1","mn":"ADBE Vector Graphic - Stroke","hd":false},{"ty":"tr","p":{"a":0,"k":[77.322,80.816],"ix":2},"a":{"a":0,"k":[0,0],"ix":1},"s":{"a":0,"k":[100,100],"ix":3},"r":{"a":0,"k":0,"ix":6},"o":{"a":0,"k":100,"ix":7},"sk":{"a":0,"k":0,"ix":4},"sa":{"a":0,"k":0,"ix":5},"nm":"Transform"}],"nm":"Group 17","np":2,"cix":2,"bm":0,"ix":17,"mn":"ADBE Vector Group","hd":false},{"ty":"gr","it":[{"ind":0,"ty":"sh","ix":1,"ks":{"a":0,"k":{"i":[[0,0],[0,0]],"o":[[0,0],[0,0]],"v":[[30.039,-6.514],[-30.039,6.514]],"c":false},"ix":2},"nm":"Path 1","mn":"ADBE Vector Shape - Group","hd":false},{"ty":"st","c":{"a":0,"k":[0.149000010771,0.642999985639,0.987999949736,1],"ix":3},"o":{"a":0,"k":100,"ix":4},"w":{"a":0,"k":2.708,"ix":5},"lc":2,"lj":2,"bm":0,"nm":"Stroke 1","mn":"ADBE Vector Graphic - Stroke","hd":false},{"ty":"tr","p":{"a":0,"k":[59.88,67.241],"ix":2},"a":{"a":0,"k":[0,0],"ix":1},"s":{"a":0,"k":[100,100],"ix":3},"r":{"a":0,"k":0,"ix":6},"o":{"a":0,"k":100,"ix":7},"sk":{"a":0,"k":0,"ix":4},"sa":{"a":0,"k":0,"ix":5},"nm":"Transform"}],"nm":"Group 14","np":2,"cix":2,"bm":0,"ix":18,"mn":"ADBE Vector Group","hd":false},{"ty":"gr","it":[{"ind":0,"ty":"sh","ix":1,"ks":{"a":0,"k":{"i":[[0,0],[0,0]],"o":[[0,0],[0,0]],"v":[[12.124,-2.606],[-12.124,2.606]],"c":false},"ix":2},"nm":"Path 1","mn":"ADBE Vector Shape - Group","hd":false},{"ty":"st","c":{"a":0,"k":[0.149000010771,0.642999985639,0.987999949736,1],"ix":3},"o":{"a":0,"k":100,"ix":4},"w":{"a":0,"k":2.708,"ix":5},"lc":2,"lj":2,"bm":0,"nm":"Stroke 1","mn":"ADBE Vector Graphic - Stroke","hd":false},{"ty":"tr","p":{"a":0,"k":[154.535,30.812],"ix":2},"a":{"a":0,"k":[0,0],"ix":1},"s":{"a":0,"k":[100,100],"ix":3},"r":{"a":0,"k":0,"ix":6},"o":{"a":0,"k":100,"ix":7},"sk":{"a":0,"k":0,"ix":4},"sa":{"a":0,"k":0,"ix":5},"nm":"Transform"}],"nm":"Group 12","np":2,"cix":2,"bm":0,"ix":19,"mn":"ADBE Vector Group","hd":false},{"ty":"gr","it":[{"ind":0,"ty":"sh","ix":1,"ks":{"a":0,"k":{"i":[[0,0],[0,0]],"o":[[0,0],[0,0]],"v":[[56.383,-11.494],[-56.383,11.494]],"c":false},"ix":2},"nm":"Path 1","mn":"ADBE Vector Shape - Group","hd":false},{"ty":"st","c":{"a":0,"k":[0.286000001197,0.250999989229,0.941000007181,1],"ix":3},"o":{"a":0,"k":100,"ix":4},"w":{"a":0,"k":2.708,"ix":5},"lc":2,"lj":2,"bm":0,"nm":"Stroke 1","mn":"ADBE Vector Graphic - Stroke","hd":false},{"ty":"tr","p":{"a":0,"k":[73.813,47.536],"ix":2},"a":{"a":0,"k":[0,0],"ix":1},"s":{"a":0,"k":[100,100],"ix":3},"r":{"a":0,"k":0,"ix":6},"o":{"a":0,"k":100,"ix":7},"sk":{"a":0,"k":0,"ix":4},"sa":{"a":0,"k":0,"ix":5},"nm":"Transform"}],"nm":"Group 13","np":2,"cix":2,"bm":0,"ix":20,"mn":"ADBE Vector Group","hd":false},{"ty":"gr","it":[{"ind":0,"ty":"sh","ix":1,"ks":{"a":0,"k":{"i":[[0,0],[0,0]],"o":[[0,0],[0,0]],"v":[[24.579,-4.521],[-24.579,4.521]],"c":false},"ix":2},"nm":"Path 1","mn":"ADBE Vector Shape - Group","hd":false},{"ty":"st","c":{"a":0,"k":[0.984000052658,0.675,0,1],"ix":3},"o":{"a":0,"k":100,"ix":4},"w":{"a":0,"k":2.708,"ix":5},"lc":2,"lj":2,"bm":0,"nm":"Stroke 1","mn":"ADBE Vector Graphic - Stroke","hd":false},{"ty":"tr","p":{"a":0,"k":[133.861,19.204],"ix":2},"a":{"a":0,"k":[0,0],"ix":1},"s":{"a":0,"k":[100,100],"ix":3},"r":{"a":0,"k":0,"ix":6},"o":{"a":0,"k":100,"ix":7},"sk":{"a":0,"k":0,"ix":4},"sa":{"a":0,"k":0,"ix":5},"nm":"Transform"}],"nm":"Group 10","np":2,"cix":2,"bm":0,"ix":21,"mn":"ADBE Vector Group","hd":false},{"ty":"gr","it":[{"ind":0,"ty":"sh","ix":1,"ks":{"a":0,"k":{"i":[[0,0],[0,0]],"o":[[0,0],[0,0]],"v":[[43.32,-7.969],[-43.32,7.969]],"c":false},"ix":2},"nm":"Path 1","mn":"ADBE Vector Shape - Group","hd":false},{"ty":"st","c":{"a":0,"k":[0.995999983245,0.344999994016,0.352999997606,1],"ix":3},"o":{"a":0,"k":100,"ix":4},"w":{"a":0,"k":2.708,"ix":5},"lc":2,"lj":2,"bm":0,"nm":"Stroke 1","mn":"ADBE Vector Graphic - Stroke","hd":false},{"ty":"tr","p":{"a":0,"k":[50.081,34.615],"ix":2},"a":{"a":0,"k":[0,0],"ix":1},"s":{"a":0,"k":[100,100],"ix":3},"r":{"a":0,"k":0,"ix":6},"o":{"a":0,"k":100,"ix":7},"sk":{"a":0,"k":0,"ix":4},"sa":{"a":0,"k":0,"ix":5},"nm":"Transform"}],"nm":"Group 11","np":2,"cix":2,"bm":0,"ix":22,"mn":"ADBE Vector Group","hd":false},{"ty":"gr","it":[{"ind":0,"ty":"sh","ix":1,"ks":{"a":0,"k":{"i":[[0,0],[0,0]],"o":[[0,0],[0,0]],"v":[[21.077,-3.654],[-21.077,3.654]],"c":false},"ix":2},"nm":"Path 1","mn":"ADBE Vector Shape - Group","hd":false},{"ty":"st","c":{"a":0,"k":[0.286000001197,0.250999989229,0.941000007181,1],"ix":3},"o":{"a":0,"k":100,"ix":4},"w":{"a":0,"k":2.708,"ix":5},"lc":2,"lj":2,"bm":0,"nm":"Stroke 1","mn":"ADBE Vector Graphic - Stroke","hd":false},{"ty":"tr","p":{"a":0,"k":[130.36,5.008],"ix":2},"a":{"a":0,"k":[0,0],"ix":1},"s":{"a":0,"k":[100,100],"ix":3},"r":{"a":0,"k":0,"ix":6},"o":{"a":0,"k":100,"ix":7},"sk":{"a":0,"k":0,"ix":4},"sa":{"a":0,"k":0,"ix":5},"nm":"Transform"}],"nm":"Group 7","np":2,"cix":2,"bm":0,"ix":23,"mn":"ADBE Vector Group","hd":false},{"ty":"gr","it":[{"ind":0,"ty":"sh","ix":1,"ks":{"a":0,"k":{"i":[[0,0],[0,0]],"o":[[0,0],[0,0]],"v":[[21.688,-3.76],[-21.688,3.76]],"c":false},"ix":2},"nm":"Path 1","mn":"ADBE Vector Shape - Group","hd":false},{"ty":"st","c":{"a":0,"k":[0.995999983245,0.344999994016,0.352999997606,1],"ix":3},"o":{"a":0,"k":100,"ix":4},"w":{"a":0,"k":2.708,"ix":5},"lc":2,"lj":2,"bm":0,"nm":"Stroke 1","mn":"ADBE Vector Graphic - Stroke","hd":false},{"ty":"tr","p":{"a":0,"k":[74.627,14.67],"ix":2},"a":{"a":0,"k":[0,0],"ix":1},"s":{"a":0,"k":[100,100],"ix":3},"r":{"a":0,"k":0,"ix":6},"o":{"a":0,"k":100,"ix":7},"sk":{"a":0,"k":0,"ix":4},"sa":{"a":0,"k":0,"ix":5},"nm":"Transform"}],"nm":"Group 8","np":2,"cix":2,"bm":0,"ix":24,"mn":"ADBE Vector Group","hd":false},{"ty":"gr","it":[{"ind":0,"ty":"sh","ix":1,"ks":{"a":0,"k":{"i":[[0,0],[0,0]],"o":[[0,0],[0,0]],"v":[[21.223,-3.679],[-21.223,3.679]],"c":false},"ix":2},"nm":"Path 1","mn":"ADBE Vector Shape - Group","hd":false},{"ty":"st","c":{"a":0,"k":[0.149000010771,0.642999985639,0.987999949736,1],"ix":3},"o":{"a":0,"k":100,"ix":4},"w":{"a":0,"k":2.708,"ix":5},"lc":2,"lj":2,"bm":0,"nm":"Stroke 1","mn":"ADBE Vector Graphic - Stroke","hd":false},{"ty":"tr","p":{"a":0,"k":[22.577,23.692],"ix":2},"a":{"a":0,"k":[0,0],"ix":1},"s":{"a":0,"k":[100,100],"ix":3},"r":{"a":0,"k":0,"ix":6},"o":{"a":0,"k":100,"ix":7},"sk":{"a":0,"k":0,"ix":4},"sa":{"a":0,"k":0,"ix":5},"nm":"Transform"}],"nm":"Group 9","np":2,"cix":2,"bm":0,"ix":25,"mn":"ADBE Vector Group","hd":false},{"ty":"tm","s":{"a":1,"k":[{"i":{"x":[0.833],"y":[0.833]},"o":{"x":[0.167],"y":[0.167]},"t":26,"s":[100]},{"t":218,"s":[0]}],"ix":1},"e":{"a":0,"k":100,"ix":2},"o":{"a":0,"k":0,"ix":3},"m":2,"ix":26,"nm":"Trim Paths 1","mn":"ADBE Vector Filter - Trim","hd":false}],"ip":26,"op":319,"st":26,"bm":0},{"ddd":0,"ind":9,"ty":4,"nm":"Scrabbles","parent":11,"sr":1,"ks":{"o":{"a":0,"k":100,"ix":11},"r":{"a":0,"k":0,"ix":10},"p":{"a":0,"k":[180.753,127.748,0],"ix":2},"a":{"a":0,"k":[152.217,105.203,0],"ix":1},"s":{"a":0,"k":[100,100,100],"ix":6}},"ao":0,"shapes":[{"ty":"gr","it":[{"ind":0,"ty":"sh","ix":1,"ks":{"a":0,"k":{"i":[[0,0],[0,0]],"o":[[0,0],[0,0]],"v":[[13.279,-3.601],[-13.279,3.601]],"c":false},"ix":2},"nm":"Path 1","mn":"ADBE Vector Shape - Group","hd":false},{"ty":"st","c":{"a":0,"k":[0.728999956916,0.725,0.709999952129,1],"ix":3},"o":{"a":0,"k":100,"ix":4},"w":{"a":0,"k":2.708,"ix":5},"lc":2,"lj":2,"bm":0,"nm":"Stroke 1","mn":"ADBE Vector Graphic - Stroke","hd":false},{"ty":"tr","p":{"a":0,"k":[289.801,172.171],"ix":2},"a":{"a":0,"k":[0,0],"ix":1},"s":{"a":0,"k":[100,100],"ix":3},"r":{"a":0,"k":0,"ix":6},"o":{"a":0,"k":100,"ix":7},"sk":{"a":0,"k":0,"ix":4},"sa":{"a":0,"k":0,"ix":5},"nm":"Transform"}],"nm":"Group 1","np":2,"cix":2,"bm":0,"ix":1,"mn":"ADBE Vector Group","hd":false},{"ty":"gr","it":[{"ind":0,"ty":"sh","ix":1,"ks":{"a":0,"k":{"i":[[0,0],[0,0]],"o":[[0,0],[0,0]],"v":[[25.084,-6.802],[-25.084,6.802]],"c":false},"ix":2},"nm":"Path 1","mn":"ADBE Vector Shape - Group","hd":false},{"ty":"st","c":{"a":0,"k":[0.728999956916,0.725,0.709999952129,1],"ix":3},"o":{"a":0,"k":100,"ix":4},"w":{"a":0,"k":2.708,"ix":5},"lc":2,"lj":2,"bm":0,"nm":"Stroke 1","mn":"ADBE Vector Graphic - Stroke","hd":false},{"ty":"tr","p":{"a":0,"k":[178.872,202.251],"ix":2},"a":{"a":0,"k":[0,0],"ix":1},"s":{"a":0,"k":[100,100],"ix":3},"r":{"a":0,"k":0,"ix":6},"o":{"a":0,"k":100,"ix":7},"sk":{"a":0,"k":0,"ix":4},"sa":{"a":0,"k":0,"ix":5},"nm":"Transform"}],"nm":"Group 2","np":2,"cix":2,"bm":0,"ix":2,"mn":"ADBE Vector Group","hd":false},{"ty":"gr","it":[{"ind":0,"ty":"sh","ix":1,"ks":{"a":0,"k":{"i":[[0,0],[0,0]],"o":[[0,0],[0,0]],"v":[[10.281,-2.851],[-10.281,2.851]],"c":false},"ix":2},"nm":"Path 1","mn":"ADBE Vector Shape - Group","hd":false},{"ty":"st","c":{"a":0,"k":[0.728999956916,0.725,0.709999952129,1],"ix":3},"o":{"a":0,"k":100,"ix":4},"w":{"a":0,"k":2.708,"ix":5},"lc":2,"lj":2,"bm":0,"nm":"Stroke 1","mn":"ADBE Vector Graphic - Stroke","hd":false},{"ty":"tr","p":{"a":0,"k":[191.561,177.029],"ix":2},"a":{"a":0,"k":[0,0],"ix":1},"s":{"a":0,"k":[100,100],"ix":3},"r":{"a":0,"k":0,"ix":6},"o":{"a":0,"k":100,"ix":7},"sk":{"a":0,"k":0,"ix":4},"sa":{"a":0,"k":0,"ix":5},"nm":"Transform"}],"nm":"Group 3","np":2,"cix":2,"bm":0,"ix":3,"mn":"ADBE Vector Group","hd":false},{"ty":"gr","it":[{"ind":0,"ty":"sh","ix":1,"ks":{"a":0,"k":{"i":[[0,0],[0,0]],"o":[[0,0],[0,0]],"v":[[11.11,-3.08],[-11.11,3.08]],"c":false},"ix":2},"nm":"Path 1","mn":"ADBE Vector Shape - Group","hd":false},{"ty":"st","c":{"a":0,"k":[0.728999956916,0.725,0.709999952129,1],"ix":3},"o":{"a":0,"k":100,"ix":4},"w":{"a":0,"k":2.708,"ix":5},"lc":2,"lj":2,"bm":0,"nm":"Stroke 1","mn":"ADBE Vector Graphic - Stroke","hd":false},{"ty":"tr","p":{"a":0,"k":[159.088,186.032],"ix":2},"a":{"a":0,"k":[0,0],"ix":1},"s":{"a":0,"k":[100,100],"ix":3},"r":{"a":0,"k":0,"ix":6},"o":{"a":0,"k":100,"ix":7},"sk":{"a":0,"k":0,"ix":4},"sa":{"a":0,"k":0,"ix":5},"nm":"Transform"}],"nm":"Group 4","np":2,"cix":2,"bm":0,"ix":4,"mn":"ADBE Vector Group","hd":false},{"ty":"gr","it":[{"ind":0,"ty":"sh","ix":1,"ks":{"a":0,"k":{"i":[[0,0],[0,0]],"o":[[0,0],[0,0]],"v":[[20.255,-5.278],[-20.255,5.278]],"c":false},"ix":2},"nm":"Path 1","mn":"ADBE Vector Shape - Group","hd":false},{"ty":"st","c":{"a":0,"k":[0.728999956916,0.725,0.709999952129,1],"ix":3},"o":{"a":0,"k":100,"ix":4},"w":{"a":0,"k":2.708,"ix":5},"lc":2,"lj":2,"bm":0,"nm":"Stroke 1","mn":"ADBE Vector Graphic - Stroke","hd":false},{"ty":"tr","p":{"a":0,"k":[266.493,138.267],"ix":2},"a":{"a":0,"k":[0,0],"ix":1},"s":{"a":0,"k":[100,100],"ix":3},"r":{"a":0,"k":0,"ix":6},"o":{"a":0,"k":100,"ix":7},"sk":{"a":0,"k":0,"ix":4},"sa":{"a":0,"k":0,"ix":5},"nm":"Transform"}],"nm":"Group 5","np":2,"cix":2,"bm":0,"ix":5,"mn":"ADBE Vector Group","hd":false},{"ty":"gr","it":[{"ind":0,"ty":"sh","ix":1,"ks":{"a":0,"k":{"i":[[0,0],[0,0]],"o":[[0,0],[0,0]],"v":[[47.916,-12.485],[-47.916,12.485]],"c":false},"ix":2},"nm":"Path 1","mn":"ADBE Vector Shape - Group","hd":false},{"ty":"st","c":{"a":0,"k":[0.728999956916,0.725,0.709999952129,1],"ix":3},"o":{"a":0,"k":100,"ix":4},"w":{"a":0,"k":2.708,"ix":5},"lc":2,"lj":2,"bm":0,"nm":"Stroke 1","mn":"ADBE Vector Graphic - Stroke","hd":false},{"ty":"tr","p":{"a":0,"k":[188.61,158.561],"ix":2},"a":{"a":0,"k":[0,0],"ix":1},"s":{"a":0,"k":[100,100],"ix":3},"r":{"a":0,"k":0,"ix":6},"o":{"a":0,"k":100,"ix":7},"sk":{"a":0,"k":0,"ix":4},"sa":{"a":0,"k":0,"ix":5},"nm":"Transform"}],"nm":"Group 6","np":2,"cix":2,"bm":0,"ix":6,"mn":"ADBE Vector Group","hd":false},{"ty":"gr","it":[{"ind":0,"ty":"sh","ix":1,"ks":{"a":0,"k":{"i":[[0,0],[0,0]],"o":[[0,0],[0,0]],"v":[[42.297,-10.533],[-42.297,10.533]],"c":false},"ix":2},"nm":"Path 1","mn":"ADBE Vector Shape - Group","hd":false},{"ty":"st","c":{"a":0,"k":[0.728999956916,0.725,0.709999952129,1],"ix":3},"o":{"a":0,"k":100,"ix":4},"w":{"a":0,"k":2.708,"ix":5},"lc":2,"lj":2,"bm":0,"nm":"Stroke 1","mn":"ADBE Vector Graphic - Stroke","hd":false},{"ty":"tr","p":{"a":0,"k":[232.363,127.067],"ix":2},"a":{"a":0,"k":[0,0],"ix":1},"s":{"a":0,"k":[100,100],"ix":3},"r":{"a":0,"k":0,"ix":6},"o":{"a":0,"k":100,"ix":7},"sk":{"a":0,"k":0,"ix":4},"sa":{"a":0,"k":0,"ix":5},"nm":"Transform"}],"nm":"Group 24","np":2,"cix":2,"bm":0,"ix":7,"mn":"ADBE Vector Group","hd":false},{"ty":"gr","it":[{"ind":0,"ty":"sh","ix":1,"ks":{"a":0,"k":{"i":[[0,0],[0,0]],"o":[[0,0],[0,0]],"v":[[23.787,-5.924],[-23.787,5.924]],"c":false},"ix":2},"nm":"Path 1","mn":"ADBE Vector Shape - Group","hd":false},{"ty":"st","c":{"a":0,"k":[0.728999956916,0.725,0.709999952129,1],"ix":3},"o":{"a":0,"k":100,"ix":4},"w":{"a":0,"k":2.708,"ix":5},"lc":2,"lj":2,"bm":0,"nm":"Stroke 1","mn":"ADBE Vector Graphic - Stroke","hd":false},{"ty":"tr","p":{"a":0,"k":[153.984,146.585],"ix":2},"a":{"a":0,"k":[0,0],"ix":1},"s":{"a":0,"k":[100,100],"ix":3},"r":{"a":0,"k":0,"ix":6},"o":{"a":0,"k":100,"ix":7},"sk":{"a":0,"k":0,"ix":4},"sa":{"a":0,"k":0,"ix":5},"nm":"Transform"}],"nm":"Group 25","np":2,"cix":2,"bm":0,"ix":8,"mn":"ADBE Vector Group","hd":false},{"ty":"gr","it":[{"ind":0,"ty":"sh","ix":1,"ks":{"a":0,"k":{"i":[[0,0],[0,0]],"o":[[0,0],[0,0]],"v":[[38.061,-9.285],[-38.061,9.285]],"c":false},"ix":2},"nm":"Path 1","mn":"ADBE Vector Shape - Group","hd":false},{"ty":"st","c":{"a":0,"k":[0.728999956916,0.725,0.709999952129,1],"ix":3},"o":{"a":0,"k":100,"ix":4},"w":{"a":0,"k":2.708,"ix":5},"lc":2,"lj":2,"bm":0,"nm":"Stroke 1","mn":"ADBE Vector Graphic - Stroke","hd":false},{"ty":"tr","p":{"a":0,"k":[156.172,127.767],"ix":2},"a":{"a":0,"k":[0,0],"ix":1},"s":{"a":0,"k":[100,100],"ix":3},"r":{"a":0,"k":0,"ix":6},"o":{"a":0,"k":100,"ix":7},"sk":{"a":0,"k":0,"ix":4},"sa":{"a":0,"k":0,"ix":5},"nm":"Transform"}],"nm":"Group 23","np":2,"cix":2,"bm":0,"ix":9,"mn":"ADBE Vector Group","hd":false},{"ty":"gr","it":[{"ind":0,"ty":"sh","ix":1,"ks":{"a":0,"k":{"i":[[0,0],[0,0]],"o":[[0,0],[0,0]],"v":[[26.603,-6.625],[-26.603,6.625]],"c":false},"ix":2},"nm":"Path 1","mn":"ADBE Vector Shape - Group","hd":false},{"ty":"st","c":{"a":0,"k":[0.728999956916,0.725,0.709999952129,1],"ix":3},"o":{"a":0,"k":100,"ix":4},"w":{"a":0,"k":2.708,"ix":5},"lc":2,"lj":2,"bm":0,"nm":"Stroke 1","mn":"ADBE Vector Graphic - Stroke","hd":false},{"ty":"tr","p":{"a":0,"k":[130.561,116.044],"ix":2},"a":{"a":0,"k":[0,0],"ix":1},"s":{"a":0,"k":[100,100],"ix":3},"r":{"a":0,"k":0,"ix":6},"o":{"a":0,"k":100,"ix":7},"sk":{"a":0,"k":0,"ix":4},"sa":{"a":0,"k":0,"ix":5},"nm":"Transform"}],"nm":"Group 22","np":2,"cix":2,"bm":0,"ix":10,"mn":"ADBE Vector Group","hd":false},{"ty":"gr","it":[{"ind":0,"ty":"sh","ix":1,"ks":{"a":0,"k":{"i":[[0,0],[0,0]],"o":[[0,0],[0,0]],"v":[[52.017,-12.404],[-52.017,12.404]],"c":false},"ix":2},"nm":"Path 1","mn":"ADBE Vector Shape - Group","hd":false},{"ty":"st","c":{"a":0,"k":[0.728999956916,0.725,0.709999952129,1],"ix":3},"o":{"a":0,"k":100,"ix":4},"w":{"a":0,"k":2.708,"ix":5},"lc":2,"lj":2,"bm":0,"nm":"Stroke 1","mn":"ADBE Vector Graphic - Stroke","hd":false},{"ty":"tr","p":{"a":0,"k":[174.83,89.911],"ix":2},"a":{"a":0,"k":[0,0],"ix":1},"s":{"a":0,"k":[100,100],"ix":3},"r":{"a":0,"k":0,"ix":6},"o":{"a":0,"k":100,"ix":7},"sk":{"a":0,"k":0,"ix":4},"sa":{"a":0,"k":0,"ix":5},"nm":"Transform"}],"nm":"Group 20","np":2,"cix":2,"bm":0,"ix":11,"mn":"ADBE Vector Group","hd":false},{"ty":"gr","it":[{"ind":0,"ty":"sh","ix":1,"ks":{"a":0,"k":{"i":[[0,0],[0,0]],"o":[[0,0],[0,0]],"v":[[13.462,-3.21],[-13.462,3.21]],"c":false},"ix":2},"nm":"Path 1","mn":"ADBE Vector Shape - Group","hd":false},{"ty":"st","c":{"a":0,"k":[0.728999956916,0.725,0.709999952129,1],"ix":3},"o":{"a":0,"k":100,"ix":4},"w":{"a":0,"k":2.708,"ix":5},"lc":2,"lj":2,"bm":0,"nm":"Stroke 1","mn":"ADBE Vector Graphic - Stroke","hd":false},{"ty":"tr","p":{"a":0,"k":[100.943,107.528],"ix":2},"a":{"a":0,"k":[0,0],"ix":1},"s":{"a":0,"k":[100,100],"ix":3},"r":{"a":0,"k":0,"ix":6},"o":{"a":0,"k":100,"ix":7},"sk":{"a":0,"k":0,"ix":4},"sa":{"a":0,"k":0,"ix":5},"nm":"Transform"}],"nm":"Group 21","np":2,"cix":2,"bm":0,"ix":12,"mn":"ADBE Vector Group","hd":false},{"ty":"gr","it":[{"ind":0,"ty":"sh","ix":1,"ks":{"a":0,"k":{"i":[[0,0],[0,0]],"o":[[0,0],[0,0]],"v":[[25.632,-5.782],[-25.632,5.782]],"c":false},"ix":2},"nm":"Path 1","mn":"ADBE Vector Shape - Group","hd":false},{"ty":"st","c":{"a":0,"k":[0.728999956916,0.725,0.709999952129,1],"ix":3},"o":{"a":0,"k":100,"ix":4},"w":{"a":0,"k":2.708,"ix":5},"lc":2,"lj":2,"bm":0,"nm":"Stroke 1","mn":"ADBE Vector Graphic - Stroke","hd":false},{"ty":"tr","p":{"a":0,"k":[182.795,72.44],"ix":2},"a":{"a":0,"k":[0,0],"ix":1},"s":{"a":0,"k":[100,100],"ix":3},"r":{"a":0,"k":0,"ix":6},"o":{"a":0,"k":100,"ix":7},"sk":{"a":0,"k":0,"ix":4},"sa":{"a":0,"k":0,"ix":5},"nm":"Transform"}],"nm":"Group 18","np":2,"cix":2,"bm":0,"ix":13,"mn":"ADBE Vector Group","hd":false},{"ty":"gr","it":[{"ind":0,"ty":"sh","ix":1,"ks":{"a":0,"k":{"i":[[0,0],[0,0]],"o":[[0,0],[0,0]],"v":[[36.039,-8.131],[-36.039,8.131]],"c":false},"ix":2},"nm":"Path 1","mn":"ADBE Vector Shape - Group","hd":false},{"ty":"st","c":{"a":0,"k":[0.728999956916,0.725,0.709999952129,1],"ix":3},"o":{"a":0,"k":100,"ix":4},"w":{"a":0,"k":2.708,"ix":5},"lc":2,"lj":2,"bm":0,"nm":"Stroke 1","mn":"ADBE Vector Graphic - Stroke","hd":false},{"ty":"tr","p":{"a":0,"k":[104.587,90.084],"ix":2},"a":{"a":0,"k":[0,0],"ix":1},"s":{"a":0,"k":[100,100],"ix":3},"r":{"a":0,"k":0,"ix":6},"o":{"a":0,"k":100,"ix":7},"sk":{"a":0,"k":0,"ix":4},"sa":{"a":0,"k":0,"ix":5},"nm":"Transform"}],"nm":"Group 19","np":2,"cix":2,"bm":0,"ix":14,"mn":"ADBE Vector Group","hd":false},{"ty":"gr","it":[{"ind":0,"ty":"sh","ix":1,"ks":{"a":0,"k":{"i":[[0,0],[0,0]],"o":[[0,0],[0,0]],"v":[[11.084,-2.535],[-11.084,2.535]],"c":false},"ix":2},"nm":"Path 1","mn":"ADBE Vector Shape - Group","hd":false},{"ty":"st","c":{"a":0,"k":[0.728999956916,0.725,0.709999952129,1],"ix":3},"o":{"a":0,"k":100,"ix":4},"w":{"a":0,"k":2.708,"ix":5},"lc":2,"lj":2,"bm":0,"nm":"Stroke 1","mn":"ADBE Vector Graphic - Stroke","hd":false},{"ty":"tr","p":{"a":0,"k":[181.281,57.039],"ix":2},"a":{"a":0,"k":[0,0],"ix":1},"s":{"a":0,"k":[100,100],"ix":3},"r":{"a":0,"k":0,"ix":6},"o":{"a":0,"k":100,"ix":7},"sk":{"a":0,"k":0,"ix":4},"sa":{"a":0,"k":0,"ix":5},"nm":"Transform"}],"nm":"Group 15","np":2,"cix":2,"bm":0,"ix":15,"mn":"ADBE Vector Group","hd":false},{"ty":"gr","it":[{"ind":0,"ty":"sh","ix":1,"ks":{"a":0,"k":{"i":[[0,0],[0,0]],"o":[[0,0],[0,0]],"v":[[17.814,-4.074],[-17.814,4.074]],"c":false},"ix":2},"nm":"Path 1","mn":"ADBE Vector Shape - Group","hd":false},{"ty":"st","c":{"a":0,"k":[0.728999956916,0.725,0.709999952129,1],"ix":3},"o":{"a":0,"k":100,"ix":4},"w":{"a":0,"k":2.708,"ix":5},"lc":2,"lj":2,"bm":0,"nm":"Stroke 1","mn":"ADBE Vector Graphic - Stroke","hd":false},{"ty":"tr","p":{"a":0,"k":[140.626,66.337],"ix":2},"a":{"a":0,"k":[0,0],"ix":1},"s":{"a":0,"k":[100,100],"ix":3},"r":{"a":0,"k":0,"ix":6},"o":{"a":0,"k":100,"ix":7},"sk":{"a":0,"k":0,"ix":4},"sa":{"a":0,"k":0,"ix":5},"nm":"Transform"}],"nm":"Group 16","np":2,"cix":2,"bm":0,"ix":16,"mn":"ADBE Vector Group","hd":false},{"ty":"gr","it":[{"ind":0,"ty":"sh","ix":1,"ks":{"a":0,"k":{"i":[[0,0],[0,0]],"o":[[0,0],[0,0]],"v":[[28.674,-6.558],[-28.674,6.558]],"c":false},"ix":2},"nm":"Path 1","mn":"ADBE Vector Shape - Group","hd":false},{"ty":"st","c":{"a":0,"k":[0.728999956916,0.725,0.709999952129,1],"ix":3},"o":{"a":0,"k":100,"ix":4},"w":{"a":0,"k":2.708,"ix":5},"lc":2,"lj":2,"bm":0,"nm":"Stroke 1","mn":"ADBE Vector Graphic - Stroke","hd":false},{"ty":"tr","p":{"a":0,"k":[77.322,80.816],"ix":2},"a":{"a":0,"k":[0,0],"ix":1},"s":{"a":0,"k":[100,100],"ix":3},"r":{"a":0,"k":0,"ix":6},"o":{"a":0,"k":100,"ix":7},"sk":{"a":0,"k":0,"ix":4},"sa":{"a":0,"k":0,"ix":5},"nm":"Transform"}],"nm":"Group 17","np":2,"cix":2,"bm":0,"ix":17,"mn":"ADBE Vector Group","hd":false},{"ty":"gr","it":[{"ind":0,"ty":"sh","ix":1,"ks":{"a":0,"k":{"i":[[0,0],[0,0]],"o":[[0,0],[0,0]],"v":[[30.039,-6.514],[-30.039,6.514]],"c":false},"ix":2},"nm":"Path 1","mn":"ADBE Vector Shape - Group","hd":false},{"ty":"st","c":{"a":0,"k":[0.728999956916,0.725,0.709999952129,1],"ix":3},"o":{"a":0,"k":100,"ix":4},"w":{"a":0,"k":2.708,"ix":5},"lc":2,"lj":2,"bm":0,"nm":"Stroke 1","mn":"ADBE Vector Graphic - Stroke","hd":false},{"ty":"tr","p":{"a":0,"k":[59.88,67.241],"ix":2},"a":{"a":0,"k":[0,0],"ix":1},"s":{"a":0,"k":[100,100],"ix":3},"r":{"a":0,"k":0,"ix":6},"o":{"a":0,"k":100,"ix":7},"sk":{"a":0,"k":0,"ix":4},"sa":{"a":0,"k":0,"ix":5},"nm":"Transform"}],"nm":"Group 14","np":2,"cix":2,"bm":0,"ix":18,"mn":"ADBE Vector Group","hd":false},{"ty":"gr","it":[{"ind":0,"ty":"sh","ix":1,"ks":{"a":0,"k":{"i":[[0,0],[0,0]],"o":[[0,0],[0,0]],"v":[[12.124,-2.606],[-12.124,2.606]],"c":false},"ix":2},"nm":"Path 1","mn":"ADBE Vector Shape - Group","hd":false},{"ty":"st","c":{"a":0,"k":[0.728999956916,0.725,0.709999952129,1],"ix":3},"o":{"a":0,"k":100,"ix":4},"w":{"a":0,"k":2.708,"ix":5},"lc":2,"lj":2,"bm":0,"nm":"Stroke 1","mn":"ADBE Vector Graphic - Stroke","hd":false},{"ty":"tr","p":{"a":0,"k":[154.535,30.812],"ix":2},"a":{"a":0,"k":[0,0],"ix":1},"s":{"a":0,"k":[100,100],"ix":3},"r":{"a":0,"k":0,"ix":6},"o":{"a":0,"k":100,"ix":7},"sk":{"a":0,"k":0,"ix":4},"sa":{"a":0,"k":0,"ix":5},"nm":"Transform"}],"nm":"Group 12","np":2,"cix":2,"bm":0,"ix":19,"mn":"ADBE Vector Group","hd":false},{"ty":"gr","it":[{"ind":0,"ty":"sh","ix":1,"ks":{"a":0,"k":{"i":[[0,0],[0,0]],"o":[[0,0],[0,0]],"v":[[56.383,-11.494],[-56.383,11.494]],"c":false},"ix":2},"nm":"Path 1","mn":"ADBE Vector Shape - Group","hd":false},{"ty":"st","c":{"a":0,"k":[0.728999956916,0.725,0.709999952129,1],"ix":3},"o":{"a":0,"k":100,"ix":4},"w":{"a":0,"k":2.708,"ix":5},"lc":2,"lj":2,"bm":0,"nm":"Stroke 1","mn":"ADBE Vector Graphic - Stroke","hd":false},{"ty":"tr","p":{"a":0,"k":[73.813,47.536],"ix":2},"a":{"a":0,"k":[0,0],"ix":1},"s":{"a":0,"k":[100,100],"ix":3},"r":{"a":0,"k":0,"ix":6},"o":{"a":0,"k":100,"ix":7},"sk":{"a":0,"k":0,"ix":4},"sa":{"a":0,"k":0,"ix":5},"nm":"Transform"}],"nm":"Group 13","np":2,"cix":2,"bm":0,"ix":20,"mn":"ADBE Vector Group","hd":false},{"ty":"gr","it":[{"ind":0,"ty":"sh","ix":1,"ks":{"a":0,"k":{"i":[[0,0],[0,0]],"o":[[0,0],[0,0]],"v":[[24.579,-4.521],[-24.579,4.521]],"c":false},"ix":2},"nm":"Path 1","mn":"ADBE Vector Shape - Group","hd":false},{"ty":"st","c":{"a":0,"k":[0.728999956916,0.725,0.709999952129,1],"ix":3},"o":{"a":0,"k":100,"ix":4},"w":{"a":0,"k":2.708,"ix":5},"lc":2,"lj":2,"bm":0,"nm":"Stroke 1","mn":"ADBE Vector Graphic - Stroke","hd":false},{"ty":"tr","p":{"a":0,"k":[133.861,19.204],"ix":2},"a":{"a":0,"k":[0,0],"ix":1},"s":{"a":0,"k":[100,100],"ix":3},"r":{"a":0,"k":0,"ix":6},"o":{"a":0,"k":100,"ix":7},"sk":{"a":0,"k":0,"ix":4},"sa":{"a":0,"k":0,"ix":5},"nm":"Transform"}],"nm":"Group 10","np":2,"cix":2,"bm":0,"ix":21,"mn":"ADBE Vector Group","hd":false},{"ty":"gr","it":[{"ind":0,"ty":"sh","ix":1,"ks":{"a":0,"k":{"i":[[0,0],[0,0]],"o":[[0,0],[0,0]],"v":[[43.32,-7.969],[-43.32,7.969]],"c":false},"ix":2},"nm":"Path 1","mn":"ADBE Vector Shape - Group","hd":false},{"ty":"st","c":{"a":0,"k":[0.728999956916,0.725,0.709999952129,1],"ix":3},"o":{"a":0,"k":100,"ix":4},"w":{"a":0,"k":2.708,"ix":5},"lc":2,"lj":2,"bm":0,"nm":"Stroke 1","mn":"ADBE Vector Graphic - Stroke","hd":false},{"ty":"tr","p":{"a":0,"k":[50.081,34.615],"ix":2},"a":{"a":0,"k":[0,0],"ix":1},"s":{"a":0,"k":[100,100],"ix":3},"r":{"a":0,"k":0,"ix":6},"o":{"a":0,"k":100,"ix":7},"sk":{"a":0,"k":0,"ix":4},"sa":{"a":0,"k":0,"ix":5},"nm":"Transform"}],"nm":"Group 11","np":2,"cix":2,"bm":0,"ix":22,"mn":"ADBE Vector Group","hd":false},{"ty":"gr","it":[{"ind":0,"ty":"sh","ix":1,"ks":{"a":0,"k":{"i":[[0,0],[0,0]],"o":[[0,0],[0,0]],"v":[[21.077,-3.654],[-21.077,3.654]],"c":false},"ix":2},"nm":"Path 1","mn":"ADBE Vector Shape - Group","hd":false},{"ty":"st","c":{"a":0,"k":[0.728999956916,0.725,0.709999952129,1],"ix":3},"o":{"a":0,"k":100,"ix":4},"w":{"a":0,"k":2.708,"ix":5},"lc":2,"lj":2,"bm":0,"nm":"Stroke 1","mn":"ADBE Vector Graphic - Stroke","hd":false},{"ty":"tr","p":{"a":0,"k":[130.36,5.008],"ix":2},"a":{"a":0,"k":[0,0],"ix":1},"s":{"a":0,"k":[100,100],"ix":3},"r":{"a":0,"k":0,"ix":6},"o":{"a":0,"k":100,"ix":7},"sk":{"a":0,"k":0,"ix":4},"sa":{"a":0,"k":0,"ix":5},"nm":"Transform"}],"nm":"Group 7","np":2,"cix":2,"bm":0,"ix":23,"mn":"ADBE Vector Group","hd":false},{"ty":"gr","it":[{"ind":0,"ty":"sh","ix":1,"ks":{"a":0,"k":{"i":[[0,0],[0,0]],"o":[[0,0],[0,0]],"v":[[21.688,-3.76],[-21.688,3.76]],"c":false},"ix":2},"nm":"Path 1","mn":"ADBE Vector Shape - Group","hd":false},{"ty":"st","c":{"a":0,"k":[0.728999956916,0.725,0.709999952129,1],"ix":3},"o":{"a":0,"k":100,"ix":4},"w":{"a":0,"k":2.708,"ix":5},"lc":2,"lj":2,"bm":0,"nm":"Stroke 1","mn":"ADBE Vector Graphic - Stroke","hd":false},{"ty":"tr","p":{"a":0,"k":[74.627,14.67],"ix":2},"a":{"a":0,"k":[0,0],"ix":1},"s":{"a":0,"k":[100,100],"ix":3},"r":{"a":0,"k":0,"ix":6},"o":{"a":0,"k":100,"ix":7},"sk":{"a":0,"k":0,"ix":4},"sa":{"a":0,"k":0,"ix":5},"nm":"Transform"}],"nm":"Group 8","np":2,"cix":2,"bm":0,"ix":24,"mn":"ADBE Vector Group","hd":false},{"ty":"gr","it":[{"ind":0,"ty":"sh","ix":1,"ks":{"a":0,"k":{"i":[[0,0],[0,0]],"o":[[0,0],[0,0]],"v":[[21.223,-3.679],[-21.223,3.679]],"c":false},"ix":2},"nm":"Path 1","mn":"ADBE Vector Shape - Group","hd":false},{"ty":"st","c":{"a":0,"k":[0.728999956916,0.725,0.709999952129,1],"ix":3},"o":{"a":0,"k":100,"ix":4},"w":{"a":0,"k":2.708,"ix":5},"lc":2,"lj":2,"bm":0,"nm":"Stroke 1","mn":"ADBE Vector Graphic - Stroke","hd":false},{"ty":"tr","p":{"a":0,"k":[22.577,23.692],"ix":2},"a":{"a":0,"k":[0,0],"ix":1},"s":{"a":0,"k":[100,100],"ix":3},"r":{"a":0,"k":0,"ix":6},"o":{"a":0,"k":100,"ix":7},"sk":{"a":0,"k":0,"ix":4},"sa":{"a":0,"k":0,"ix":5},"nm":"Transform"}],"nm":"Group 9","np":2,"cix":2,"bm":0,"ix":25,"mn":"ADBE Vector Group","hd":false},{"ty":"tm","s":{"a":1,"k":[{"i":{"x":[0.833],"y":[0.833]},"o":{"x":[0.167],"y":[0.167]},"t":2,"s":[100]},{"i":{"x":[0.833],"y":[0.833]},"o":{"x":[0.167],"y":[0.167]},"t":190,"s":[2.083]},{"i":{"x":[0.833],"y":[0.833]},"o":{"x":[0.167],"y":[0.167]},"t":197,"s":[2.083]},{"t":201,"s":[0]}],"ix":1},"e":{"a":1,"k":[{"i":{"x":[0.833],"y":[0.833]},"o":{"x":[0.167],"y":[0.167]},"t":26,"s":[100]},{"t":218,"s":[0]}],"ix":2},"o":{"a":0,"k":0,"ix":3},"m":2,"ix":26,"nm":"Trim Paths 1","mn":"ADBE Vector Filter - Trim","hd":false}],"ip":0,"op":218,"st":2,"bm":0},{"ddd":0,"ind":11,"ty":4,"nm":"Paper","sr":1,"ks":{"o":{"a":0,"k":100,"ix":11},"r":{"a":1,"k":[{"i":{"x":[0.667],"y":[1]},"o":{"x":[0.167],"y":[0.167]},"t":0,"s":[0]},{"i":{"x":[0.833],"y":[0.833]},"o":{"x":[0.333],"y":[0]},"t":12,"s":[1.5]},{"i":{"x":[0.667],"y":[1]},"o":{"x":[0.167],"y":[0.167]},"t":24,"s":[0]},{"i":{"x":[0.833],"y":[0.833]},"o":{"x":[0.167],"y":[0]},"t":36,"s":[-1.5]},{"i":{"x":[0.667],"y":[1]},"o":{"x":[0.167],"y":[0.167]},"t":48,"s":[0]},{"i":{"x":[0.833],"y":[0.833]},"o":{"x":[0.333],"y":[0]},"t":60,"s":[1.5]},{"i":{"x":[0.667],"y":[1]},"o":{"x":[0.167],"y":[0.167]},"t":72,"s":[0]},{"i":{"x":[0.833],"y":[0.833]},"o":{"x":[0.167],"y":[0]},"t":84,"s":[-1.5]},{"i":{"x":[0.667],"y":[1]},"o":{"x":[0.167],"y":[0.167]},"t":96,"s":[0]},{"i":{"x":[0.833],"y":[0.833]},"o":{"x":[0.333],"y":[0]},"t":108,"s":[1.5]},{"i":{"x":[0.667],"y":[1]},"o":{"x":[0.167],"y":[0.167]},"t":120,"s":[0]},{"i":{"x":[0.833],"y":[0.833]},"o":{"x":[0.167],"y":[0]},"t":132,"s":[-1.5]},{"i":{"x":[0.667],"y":[1]},"o":{"x":[0.167],"y":[0.167]},"t":144,"s":[0]},{"i":{"x":[0.833],"y":[0.833]},"o":{"x":[0.333],"y":[0]},"t":156,"s":[1.5]},{"i":{"x":[0.667],"y":[1]},"o":{"x":[0.167],"y":[0.167]},"t":168,"s":[0]},{"i":{"x":[0.833],"y":[0.833]},"o":{"x":[0.167],"y":[0]},"t":180,"s":[-1.5]},{"i":{"x":[0.667],"y":[1]},"o":{"x":[0.167],"y":[0.167]},"t":192,"s":[0]},{"i":{"x":[0.833],"y":[0.833]},"o":{"x":[0.333],"y":[0]},"t":204,"s":[1.5]},{"i":{"x":[0.667],"y":[1]},"o":{"x":[0.167],"y":[0.167]},"t":216,"s":[0]},{"i":{"x":[0.833],"y":[0.833]},"o":{"x":[0.167],"y":[0]},"t":228,"s":[-1.5]},{"i":{"x":[0.667],"y":[1]},"o":{"x":[0.167],"y":[0.167]},"t":240,"s":[0]},{"i":{"x":[0.833],"y":[0.833]},"o":{"x":[0.333],"y":[0]},"t":252,"s":[1.5]},{"i":{"x":[0.667],"y":[1]},"o":{"x":[0.167],"y":[0.167]},"t":264,"s":[0]},{"i":{"x":[0.833],"y":[0.833]},"o":{"x":[0.167],"y":[0]},"t":276,"s":[-1.5]},{"t":287,"s":[0]}],"ix":10},"p":{"a":1,"k":[{"i":{"x":0.667,"y":1},"o":{"x":0.333,"y":0},"t":0,"s":[540.531,640.767,0],"to":[0,3.206,0],"ti":[0,0,0]},{"i":{"x":0.667,"y":1},"o":{"x":0.333,"y":0},"t":24,"s":[540.531,660,0],"to":[0,0,0],"ti":[0,0,0]},{"i":{"x":0.667,"y":1},"o":{"x":0.167,"y":0},"t":48,"s":[540.531,640.767,0],"to":[0,0,0],"ti":[0,0,0]},{"i":{"x":0.667,"y":1},"o":{"x":0.333,"y":0},"t":72,"s":[540.531,660,0],"to":[0,0,0],"ti":[0,0,0]},{"i":{"x":0.667,"y":1},"o":{"x":0.167,"y":0},"t":96,"s":[540.531,640.767,0],"to":[0,0,0],"ti":[0,0,0]},{"i":{"x":0.667,"y":1},"o":{"x":0.333,"y":0},"t":120,"s":[540.531,660,0],"to":[0,0,0],"ti":[0,0,0]},{"i":{"x":0.667,"y":1},"o":{"x":0.167,"y":0},"t":144,"s":[540.531,640.767,0],"to":[0,0,0],"ti":[0,0,0]},{"i":{"x":0.667,"y":1},"o":{"x":0.333,"y":0},"t":168,"s":[540.531,660,0],"to":[0,0,0],"ti":[0,0,0]},{"i":{"x":0.667,"y":1},"o":{"x":0.167,"y":0},"t":192,"s":[540.531,640.767,0],"to":[0,0,0],"ti":[0,0,0]},{"i":{"x":0.667,"y":1},"o":{"x":0.333,"y":0},"t":216,"s":[540.531,660,0],"to":[0,0,0],"ti":[0,0,0]},{"i":{"x":0.667,"y":1},"o":{"x":0.167,"y":0},"t":240,"s":[540.531,640.767,0],"to":[0,0,0],"ti":[0,0,0]},{"i":{"x":0.667,"y":1},"o":{"x":0.333,"y":0},"t":264,"s":[540.531,660,0],"to":[0,0,0],"ti":[0,3.206,0]},{"t":288,"s":[540.531,640.767,0]}],"ix":2},"a":{"a":0,"k":[182.541,149.483,0],"ix":1},"s":{"a":0,"k":[100,100,100],"ix":6}},"ao":0,"shapes":[{"ty":"gr","it":[{"ind":0,"ty":"sh","ix":1,"ks":{"a":0,"k":{"i":[[-0.609,-0.217],[0.636,0.122]],"o":[[-0.623,-0.23],[0.636,0.122]],"v":[[0.941,0.257],[-0.941,-0.257]],"c":true},"ix":2},"nm":"Path 1","mn":"ADBE Vector Shape - Group","hd":false},{"ty":"fl","c":{"a":0,"k":[0.885999971278,0.870999983245,0.827000038297,1],"ix":4},"o":{"a":0,"k":100,"ix":5},"r":1,"bm":0,"nm":"Fill 1","mn":"ADBE Vector Graphic - Fill","hd":false},{"ty":"tr","p":{"a":0,"k":[139.121,251.184],"ix":2},"a":{"a":0,"k":[0,0],"ix":1},"s":{"a":0,"k":[100,100],"ix":3},"r":{"a":0,"k":0,"ix":6},"o":{"a":0,"k":100,"ix":7},"sk":{"a":0,"k":0,"ix":4},"sa":{"a":0,"k":0,"ix":5},"nm":"Transform"}],"nm":"Group 1","np":2,"cix":2,"bm":0,"ix":1,"mn":"ADBE Vector Group","hd":false},{"ty":"gr","it":[{"ind":0,"ty":"sh","ix":1,"ks":{"a":0,"k":{"i":[[0,0],[-14.611,-183.383],[0,0],[0,0],[5.484,-2.044],[-10.846,3.317],[3.304,14.745],[0,0],[36.842,123.469]],"o":[[9.315,116.009],[0,0],[0,0],[-0.026,14.515],[24.371,-4.996],[11.806,-3.588],[0,0],[-42.298,-147.245],[0,0]],"v":[[-183.729,-117.593],[-22.469,124.011],[-22.362,125.217],[-22.362,125.23],[-31.988,148.911],[155.417,101.576],[180.424,67.685],[180.411,67.685],[10.527,-148.911]],"c":true},"ix":2},"nm":"Path 1","mn":"ADBE Vector Shape - Group","hd":false},{"ty":"fl","c":{"a":0,"k":[0.976000019148,0.969000004787,0.948999980852,1],"ix":4},"o":{"a":0,"k":100,"ix":5},"r":1,"bm":0,"nm":"Fill 1","mn":"ADBE Vector Graphic - Fill","hd":false},{"ty":"tr","p":{"a":0,"k":[183.979,149.161],"ix":2},"a":{"a":0,"k":[0,0],"ix":1},"s":{"a":0,"k":[100,100],"ix":3},"r":{"a":0,"k":0,"ix":6},"o":{"a":0,"k":100,"ix":7},"sk":{"a":0,"k":0,"ix":4},"sa":{"a":0,"k":0,"ix":5},"nm":"Transform"}],"nm":"Group 2","np":2,"cix":2,"bm":0,"ix":2,"mn":"ADBE Vector Group","hd":false},{"ty":"gr","it":[{"ind":0,"ty":"sh","ix":1,"ks":{"a":0,"k":{"i":[[0,0],[0,0],[-2.248,-4.035],[0,0],[0,0]],"o":[[0,0],[4.576,-0.487],[0,0],[0,0],[0,0]],"v":[[-18.258,1.097],[-18.137,1.164],[-6.438,7.257],[18.258,1.097],[15.049,-7.257]],"c":true},"ix":2},"nm":"Path 1","mn":"ADBE Vector Shape - Group","hd":false},{"ty":"fl","c":{"a":0,"k":[0.917999985639,0.905999995213,0.875,1],"ix":4},"o":{"a":0,"k":100,"ix":5},"r":1,"bm":0,"nm":"Fill 1","mn":"ADBE Vector Graphic - Fill","hd":false},{"ty":"tr","p":{"a":0,"k":[153.089,249.631],"ix":2},"a":{"a":0,"k":[0,0],"ix":1},"s":{"a":0,"k":[100,100],"ix":3},"r":{"a":0,"k":0,"ix":6},"o":{"a":0,"k":100,"ix":7},"sk":{"a":0,"k":0,"ix":4},"sa":{"a":0,"k":0,"ix":5},"nm":"Transform"}],"nm":"Group 3","np":2,"cix":2,"bm":0,"ix":3,"mn":"ADBE Vector Group","hd":false},{"ty":"gr","it":[{"ind":0,"ty":"sh","ix":1,"ks":{"a":0,"k":{"i":[[-1.3,-14.136],[-10.047,0.365],[0,0],[0,0],[-1.706,0.339],[-0.149,0.067],[-0.135,0.054],[-0.217,0.136],[-0.149,0.109],[-0.082,0.068],[-0.135,0.108],[-0.271,0.257],[-0.134,0.136],[-0.244,0.298],[-0.122,0.176],[-0.122,0.176],[-0.108,0.176],[-0.204,0.392],[-0.189,0.434],[-0.095,0.231],[-0.163,0.474],[-0.081,0.258],[-0.136,0.556],[-0.109,0.528],[-0.15,2.261],[0,0],[0,0],[6.892,-2.775],[0.352,0.216],[0.203,0.109],[0.054,0.027],[0.244,0.108],[0.041,0.013],[0.312,0.109],[0.636,0.122],[0.068,0],[0.217,0.027],[0.109,0],[0.663,-0.067]],"o":[[1.354,14.799],[0,0],[0,0],[0.352,-0.068],[0.149,-0.053],[0.136,-0.055],[0.217,-0.108],[0.162,-0.081],[0.081,-0.041],[0.135,-0.095],[0.272,-0.203],[0.122,-0.122],[0.258,-0.256],[0.123,-0.149],[0.122,-0.15],[0.121,-0.163],[0.231,-0.353],[0.203,-0.393],[0.109,-0.23],[0.176,-0.447],[0.081,-0.244],[0.163,-0.501],[0.122,-0.487],[0.365,-1.827],[0,0],[0,0],[-0.189,0],[-0.338,-0.257],[-0.203,-0.135],[-0.055,-0.041],[-0.244,-0.136],[-0.054,-0.026],[-0.298,-0.136],[-0.609,-0.216],[-0.068,-0.014],[-0.217,-0.04],[-0.122,-0.014],[-0.677,-0.067],[-5.944,0.623]],"v":[[-24.419,-1.253],[-0.548,26.207],[-0.44,26.207],[-0.413,26.207],[2.715,25.569],[3.175,25.381],[3.581,25.204],[4.218,24.852],[4.678,24.568],[4.922,24.405],[5.341,24.095],[6.154,23.404],[6.546,23.023],[7.291,22.185],[7.657,21.712],[8.009,21.224],[8.347,20.71],[8.998,19.586],[9.593,18.353],[9.891,17.663],[10.392,16.282],[10.635,15.522],[11.069,13.939],[11.408,12.423],[12.193,6.303],[25.719,3.758],[13.208,-26.572],[-5.626,-19.098],[-6.655,-19.815],[-7.277,-20.181],[-7.44,-20.275],[-8.158,-20.628],[-8.307,-20.695],[-9.214,-21.061],[-11.096,-21.576],[-11.299,-21.603],[-11.949,-21.697],[-12.301,-21.725],[-14.318,-21.711]],"c":true},"ix":2},"nm":"Path 1","mn":"ADBE Vector Shape - Group","hd":false},{"ty":"fl","c":{"a":0,"k":[0.885999971278,0.870999983245,0.827000038297,1],"ix":4},"o":{"a":0,"k":100,"ix":5},"r":1,"bm":0,"nm":"Fill 1","mn":"ADBE Vector Graphic - Fill","hd":false},{"ty":"tr","p":{"a":0,"k":[149.276,272.502],"ix":2},"a":{"a":0,"k":[0,0],"ix":1},"s":{"a":0,"k":[100,100],"ix":3},"r":{"a":0,"k":0,"ix":6},"o":{"a":0,"k":100,"ix":7},"sk":{"a":0,"k":0,"ix":4},"sa":{"a":0,"k":0,"ix":5},"nm":"Transform"}],"nm":"Group 4","np":2,"cix":2,"bm":0,"ix":4,"mn":"ADBE Vector Group","hd":false},{"ty":"gr","it":[{"ind":0,"ty":"sh","ix":1,"ks":{"a":0,"k":{"i":[[0,0],[0,0],[-2.248,-4.035],[0,0],[0,0]],"o":[[0,0],[4.576,-0.487],[0,0],[0,0],[0,0]],"v":[[-18.258,1.097],[-18.137,1.164],[-6.438,7.257],[18.258,1.097],[15.049,-7.257]],"c":true},"ix":2},"nm":"Path 1","mn":"ADBE Vector Shape - Group","hd":false},{"ty":"fl","c":{"a":0,"k":[0.917999985639,0.905999995213,0.875,1],"ix":4},"o":{"a":0,"k":100,"ix":5},"r":1,"bm":0,"nm":"Fill 1","mn":"ADBE Vector Graphic - Fill","hd":false},{"ty":"tr","p":{"a":0,"k":[153.089,249.631],"ix":2},"a":{"a":0,"k":[0,0],"ix":1},"s":{"a":0,"k":[100,100],"ix":3},"r":{"a":0,"k":0,"ix":6},"o":{"a":0,"k":100,"ix":7},"sk":{"a":0,"k":0,"ix":4},"sa":{"a":0,"k":0,"ix":5},"nm":"Transform"}],"nm":"Group 5","np":2,"cix":2,"bm":0,"ix":5,"mn":"ADBE Vector Group","hd":false},{"ty":"gr","it":[{"ind":0,"ty":"sh","ix":1,"ks":{"a":0,"k":{"i":[[0,0],[-0.028,-0.407],[0,0],[0,0]],"o":[[0.026,0.406],[0,0],[0,0],[0,0]],"v":[[-0.053,-0.609],[0.041,0.61],[0.053,0.61],[0.053,0.596]],"c":true},"ix":2},"nm":"Path 1","mn":"ADBE Vector Shape - Group","hd":false},{"ty":"fl","c":{"a":0,"k":[0.976000019148,0.969000004787,0.948999980852,1],"ix":4},"o":{"a":0,"k":100,"ix":5},"r":1,"bm":0,"nm":"Fill 1","mn":"ADBE Vector Graphic - Fill","hd":false},{"ty":"tr","p":{"a":0,"k":[161.563,273.782],"ix":2},"a":{"a":0,"k":[0,0],"ix":1},"s":{"a":0,"k":[100,100],"ix":3},"r":{"a":0,"k":0,"ix":6},"o":{"a":0,"k":100,"ix":7},"sk":{"a":0,"k":0,"ix":4},"sa":{"a":0,"k":0,"ix":5},"nm":"Transform"}],"nm":"Group 6","np":2,"cix":2,"bm":0,"ix":6,"mn":"ADBE Vector Group","hd":false}],"ip":0,"op":293,"st":0,"bm":0},{"ddd":0,"ind":12,"ty":4,"nm":"Ink","parent":11,"sr":1,"ks":{"o":{"a":0,"k":100,"ix":11},"r":{"a":1,"k":[{"i":{"x":[0.667],"y":[1]},"o":{"x":[0.167],"y":[0.167]},"t":0,"s":[0]},{"i":{"x":[0.833],"y":[0.833]},"o":{"x":[0.333],"y":[0]},"t":12,"s":[1.5]},{"i":{"x":[0.667],"y":[1]},"o":{"x":[0.167],"y":[0.167]},"t":24,"s":[0]},{"i":{"x":[0.833],"y":[0.833]},"o":{"x":[0.167],"y":[0]},"t":36,"s":[-1.5]},{"i":{"x":[0.667],"y":[1]},"o":{"x":[0.167],"y":[0.167]},"t":48,"s":[0]},{"i":{"x":[0.833],"y":[0.833]},"o":{"x":[0.333],"y":[0]},"t":60,"s":[1.5]},{"i":{"x":[0.667],"y":[1]},"o":{"x":[0.167],"y":[0.167]},"t":72,"s":[0]},{"i":{"x":[0.833],"y":[0.833]},"o":{"x":[0.167],"y":[0]},"t":84,"s":[-1.5]},{"i":{"x":[0.667],"y":[1]},"o":{"x":[0.167],"y":[0.167]},"t":96,"s":[0]},{"i":{"x":[0.833],"y":[0.833]},"o":{"x":[0.333],"y":[0]},"t":108,"s":[1.5]},{"i":{"x":[0.667],"y":[1]},"o":{"x":[0.167],"y":[0.167]},"t":120,"s":[0]},{"i":{"x":[0.833],"y":[0.833]},"o":{"x":[0.167],"y":[0]},"t":132,"s":[-1.5]},{"i":{"x":[0.667],"y":[1]},"o":{"x":[0.167],"y":[0.167]},"t":144,"s":[0]},{"i":{"x":[0.833],"y":[0.833]},"o":{"x":[0.333],"y":[0]},"t":156,"s":[1.5]},{"i":{"x":[0.667],"y":[1]},"o":{"x":[0.167],"y":[0.167]},"t":168,"s":[0]},{"i":{"x":[0.833],"y":[0.833]},"o":{"x":[0.167],"y":[0]},"t":180,"s":[-1.5]},{"i":{"x":[0.667],"y":[1]},"o":{"x":[0.167],"y":[0.167]},"t":192,"s":[0]},{"i":{"x":[0.833],"y":[0.833]},"o":{"x":[0.333],"y":[0]},"t":204,"s":[1.5]},{"i":{"x":[0.667],"y":[1]},"o":{"x":[0.167],"y":[0.167]},"t":216,"s":[0]},{"i":{"x":[0.833],"y":[0.833]},"o":{"x":[0.167],"y":[0]},"t":228,"s":[-1.5]},{"i":{"x":[0.667],"y":[1]},"o":{"x":[0.167],"y":[0.167]},"t":240,"s":[0]},{"i":{"x":[0.833],"y":[0.833]},"o":{"x":[0.333],"y":[0]},"t":252,"s":[1.5]},{"i":{"x":[0.667],"y":[1]},"o":{"x":[0.167],"y":[0.167]},"t":264,"s":[0]},{"i":{"x":[0.833],"y":[0.833]},"o":{"x":[0.167],"y":[0]},"t":276,"s":[-1.5]},{"t":287,"s":[0]}],"ix":10},"p":{"a":1,"k":[{"i":{"x":0.667,"y":1},"o":{"x":0.333,"y":0},"t":0,"s":[314.508,89.855,0],"to":[-0.053,0.396,0],"ti":[0.081,-0.648,0]},{"i":{"x":0.667,"y":1},"o":{"x":0.333,"y":0},"t":24,"s":[314.305,100,0],"to":[-0.04,0.318,0],"ti":[0.494,-3.704,0]},{"i":{"x":0.667,"y":1},"o":{"x":0.333,"y":0},"t":48,"s":[314.508,89.855,0],"to":[-0.053,0.396,0],"ti":[0.081,-0.648,0]},{"i":{"x":0.667,"y":1},"o":{"x":0.333,"y":0},"t":72,"s":[314.305,100,0],"to":[-0.04,0.318,0],"ti":[0.494,-3.704,0]},{"i":{"x":0.667,"y":1},"o":{"x":0.333,"y":0},"t":96,"s":[314.508,89.855,0],"to":[-0.053,0.396,0],"ti":[0.081,-0.648,0]},{"i":{"x":0.667,"y":1},"o":{"x":0.333,"y":0},"t":120,"s":[314.305,100,0],"to":[-0.04,0.318,0],"ti":[0.494,-3.704,0]},{"i":{"x":0.667,"y":1},"o":{"x":0.333,"y":0},"t":144,"s":[314.508,89.855,0],"to":[-0.053,0.396,0],"ti":[0.081,-0.648,0]},{"i":{"x":0.667,"y":1},"o":{"x":0.333,"y":0},"t":168,"s":[314.305,100,0],"to":[-0.04,0.318,0],"ti":[0.494,-3.704,0]},{"i":{"x":0.667,"y":1},"o":{"x":0.333,"y":0},"t":192,"s":[314.508,89.855,0],"to":[-0.053,0.396,0],"ti":[0.081,-0.648,0]},{"i":{"x":0.667,"y":1},"o":{"x":0.333,"y":0},"t":216,"s":[314.305,100,0],"to":[-0.04,0.318,0],"ti":[0.494,-3.704,0]},{"i":{"x":0.667,"y":1},"o":{"x":0.333,"y":0},"t":240,"s":[314.508,89.855,0],"to":[-0.053,0.396,0],"ti":[0.081,-0.648,0]},{"i":{"x":0.667,"y":1},"o":{"x":0.333,"y":0},"t":264,"s":[314.305,100,0],"to":[-0.04,0.318,0],"ti":[0.494,-3.704,0]},{"i":{"x":0.667,"y":1},"o":{"x":0.333,"y":0},"t":288,"s":[314.508,89.855,0],"to":[-0.053,0.396,0],"ti":[0.493,-2.028,0]},{"i":{"x":0.667,"y":1},"o":{"x":0.333,"y":0},"t":289,"s":[311.542,112.077,0],"to":[-0.587,2.413,0],"ti":[0.092,3.208,0]},{"i":{"x":0.667,"y":1},"o":{"x":0.333,"y":0},"t":293,"s":[310.987,104.33,0],"to":[-0.092,-3.208,0],"ti":[-0.587,2.413,0]},{"i":{"x":0.667,"y":1},"o":{"x":0.333,"y":0},"t":306,"s":[310.987,92.83,0],"to":[0.587,-2.413,0],"ti":[-0.092,-3.208,0]},{"i":{"x":0.667,"y":1},"o":{"x":0.333,"y":0},"t":324,"s":[314.508,89.855,0],"to":[0.092,3.208,0],"ti":[0.493,-2.028,0]},{"i":{"x":0.667,"y":1},"o":{"x":0.333,"y":0},"t":325,"s":[311.542,112.077,0],"to":[-0.587,2.413,0],"ti":[0.092,3.208,0]},{"i":{"x":0.667,"y":1},"o":{"x":0.333,"y":0},"t":329,"s":[310.987,104.33,0],"to":[-0.092,-3.208,0],"ti":[-0.587,2.413,0]},{"i":{"x":0.667,"y":1},"o":{"x":0.333,"y":0},"t":342,"s":[310.987,92.83,0],"to":[0.587,-2.413,0],"ti":[-0.092,-3.208,0]},{"i":{"x":0.667,"y":1},"o":{"x":0.333,"y":0},"t":360,"s":[314.508,89.855,0],"to":[0.092,3.208,0],"ti":[0.493,-2.028,0]},{"i":{"x":0.667,"y":1},"o":{"x":0.333,"y":0},"t":361,"s":[311.542,112.077,0],"to":[-0.587,2.413,0],"ti":[0.092,3.208,0]},{"i":{"x":0.667,"y":1},"o":{"x":0.333,"y":0},"t":365,"s":[310.987,104.33,0],"to":[-0.092,-3.208,0],"ti":[-0.587,2.413,0]},{"i":{"x":0.667,"y":1},"o":{"x":0.333,"y":0},"t":378,"s":[310.987,92.83,0],"to":[0.587,-2.413,0],"ti":[-0.092,-3.208,0]},{"i":{"x":0.667,"y":1},"o":{"x":0.333,"y":0},"t":396,"s":[314.508,89.855,0],"to":[0.092,3.208,0],"ti":[0.493,-2.028,0]},{"i":{"x":0.667,"y":1},"o":{"x":0.333,"y":0},"t":397,"s":[311.542,112.077,0],"to":[-0.587,2.413,0],"ti":[0.092,3.208,0]},{"i":{"x":0.667,"y":1},"o":{"x":0.333,"y":0},"t":401,"s":[310.987,104.33,0],"to":[-0.092,-3.208,0],"ti":[-0.587,2.413,0]},{"i":{"x":0.667,"y":1},"o":{"x":0.333,"y":0},"t":414,"s":[310.987,92.83,0],"to":[0.587,-2.413,0],"ti":[-0.092,-3.208,0]},{"i":{"x":0.667,"y":1},"o":{"x":0.333,"y":0},"t":432,"s":[314.508,89.855,0],"to":[0.092,3.208,0],"ti":[0.493,-2.028,0]},{"i":{"x":0.667,"y":1},"o":{"x":0.333,"y":0},"t":433,"s":[311.542,112.077,0],"to":[-0.587,2.413,0],"ti":[0.092,3.208,0]},{"i":{"x":0.667,"y":1},"o":{"x":0.333,"y":0},"t":437,"s":[310.987,104.33,0],"to":[-0.092,-3.208,0],"ti":[-0.587,2.413,0]},{"i":{"x":0.667,"y":1},"o":{"x":0.333,"y":0},"t":450,"s":[310.987,92.83,0],"to":[0.587,-2.413,0],"ti":[-0.587,0.496,0]},{"t":468,"s":[314.508,89.855,0]}],"ix":2},"a":{"a":0,"k":[54.41,50.333,0],"ix":1},"s":{"a":0,"k":[100,100,100],"ix":6}},"ao":0,"shapes":[{"ty":"gr","it":[{"ind":0,"ty":"sh","ix":1,"ks":{"a":0,"k":{"i":[[0,0],[0,0],[0,0],[0,0],[0,0],[0,0],[0,0],[0,0]],"o":[[0,0],[0,0],[0,0],[0,0],[0,0],[0,0],[0,0],[0,0]],"v":[[0,-8.077],[-2.182,-2.181],[-8.076,0.001],[-2.182,2.182],[0,8.077],[2.181,2.182],[8.076,0.001],[2.181,-2.181]],"c":true},"ix":2},"nm":"Path 1","mn":"ADBE Vector Shape - Group","hd":false},{"ty":"fl","c":{"a":0,"k":[0.984000052658,0.675,0,1],"ix":4},"o":{"a":0,"k":100,"ix":5},"r":1,"bm":0,"nm":"Fill 1","mn":"ADBE Vector Graphic - Fill","hd":false},{"ty":"tr","p":{"a":0,"k":[57.737,82.995],"ix":2},"a":{"a":0,"k":[0,0],"ix":1},"s":{"a":0,"k":[100,100],"ix":3},"r":{"a":0,"k":0,"ix":6},"o":{"a":0,"k":100,"ix":7},"sk":{"a":0,"k":0,"ix":4},"sa":{"a":0,"k":0,"ix":5},"nm":"Transform"}],"nm":"Group 1","np":2,"cix":2,"bm":0,"ix":1,"mn":"ADBE Vector Group","hd":false},{"ty":"gr","it":[{"ind":0,"ty":"sh","ix":1,"ks":{"a":0,"k":{"i":[[0,0],[0,0],[0,0],[0,0],[0,0],[0,0],[0,0],[0,0]],"o":[[0,0],[0,0],[0,0],[0,0],[0,0],[0,0],[0,0],[0,0]],"v":[[0,-4.846],[-1.309,-1.308],[-4.846,0],[-1.309,1.31],[0,4.846],[1.309,1.31],[4.846,0],[1.309,-1.308]],"c":true},"ix":2},"nm":"Path 1","mn":"ADBE Vector Shape - Group","hd":false},{"ty":"fl","c":{"a":0,"k":[0.991999966491,0.149000010771,0.149000010771,1],"ix":4},"o":{"a":0,"k":100,"ix":5},"r":1,"bm":0,"nm":"Fill 1","mn":"ADBE Vector Graphic - Fill","hd":false},{"ty":"tr","p":{"a":0,"k":[72.089,58.922],"ix":2},"a":{"a":0,"k":[0,0],"ix":1},"s":{"a":0,"k":[100,100],"ix":3},"r":{"a":0,"k":0,"ix":6},"o":{"a":0,"k":100,"ix":7},"sk":{"a":0,"k":0,"ix":4},"sa":{"a":0,"k":0,"ix":5},"nm":"Transform"}],"nm":"Group 2","np":2,"cix":2,"bm":0,"ix":2,"mn":"ADBE Vector Group","hd":false},{"ty":"gr","it":[{"ind":0,"ty":"sh","ix":1,"ks":{"a":0,"k":{"i":[[0,0],[0,0],[0,0],[0,0],[0,0],[0,0],[0,0],[0,0]],"o":[[0,0],[0,0],[0,0],[0,0],[0,0],[0,0],[0,0],[0,0]],"v":[[0,-6.461],[-1.745,-1.745],[-6.461,0],[-1.745,1.745],[0,6.461],[1.745,1.745],[6.461,0],[1.745,-1.745]],"c":true},"ix":2},"nm":"Path 1","mn":"ADBE Vector Shape - Group","hd":false},{"ty":"fl","c":{"a":0,"k":[0.149000010771,0.642999985639,0.987999949736,1],"ix":4},"o":{"a":0,"k":100,"ix":5},"r":1,"bm":0,"nm":"Fill 1","mn":"ADBE Vector Graphic - Fill","hd":false},{"ty":"tr","p":{"a":0,"k":[50.703,60.537],"ix":2},"a":{"a":0,"k":[0,0],"ix":1},"s":{"a":0,"k":[100,100],"ix":3},"r":{"a":0,"k":0,"ix":6},"o":{"a":0,"k":100,"ix":7},"sk":{"a":0,"k":0,"ix":4},"sa":{"a":0,"k":0,"ix":5},"nm":"Transform"}],"nm":"Group 3","np":2,"cix":2,"bm":0,"ix":3,"mn":"ADBE Vector Group","hd":false},{"ty":"gr","it":[{"ind":0,"ty":"sh","ix":1,"ks":{"a":0,"k":{"i":[[0,-2.888],[16.525,0],[0,2.881],[-16.516,0]],"o":[[0,2.881],[-16.516,0],[0,-2.888],[16.525,0]],"v":[[29.911,0.004],[-0.005,5.22],[-29.911,0.004],[-0.005,-5.22]],"c":true},"ix":2},"nm":"Path 1","mn":"ADBE Vector Shape - Group","hd":false},{"ty":"fl","c":{"a":0,"k":[0.118000000598,0.093999997307,0.532999973671,1],"ix":4},"o":{"a":0,"k":100,"ix":5},"r":1,"bm":0,"nm":"Fill 1","mn":"ADBE Vector Graphic - Fill","hd":false},{"ty":"tr","p":{"a":0,"k":[54.415,7.045],"ix":2},"a":{"a":0,"k":[0,0],"ix":1},"s":{"a":0,"k":[100,100],"ix":3},"r":{"a":0,"k":0,"ix":6},"o":{"a":0,"k":100,"ix":7},"sk":{"a":0,"k":0,"ix":4},"sa":{"a":0,"k":0,"ix":5},"nm":"Transform"}],"nm":"Group 4","np":2,"cix":2,"bm":0,"ix":4,"mn":"ADBE Vector Group","hd":false},{"ty":"gr","it":[{"ind":0,"ty":"sh","ix":1,"ks":{"a":0,"k":{"i":[[0,-3.76],[21.51,0],[0,3.75],[-21.5,0]],"o":[[0,3.75],[-21.5,0],[0,-3.76],[21.51,0]],"v":[[38.935,0.005],[-0.005,6.795],[-38.935,0.005],[-0.005,-6.795]],"c":true},"ix":2},"nm":"Path 1","mn":"ADBE Vector Shape - Group","hd":false},{"ty":"fl","c":{"a":0,"k":[0.149000010771,0.642999985639,0.987999949736,1],"ix":4},"o":{"a":0,"k":100,"ix":5},"r":1,"bm":0,"nm":"Fill 1","mn":"ADBE Vector Graphic - Fill","hd":false},{"ty":"tr","p":{"a":0,"k":[54.415,7.045],"ix":2},"a":{"a":0,"k":[0,0],"ix":1},"s":{"a":0,"k":[100,100],"ix":3},"r":{"a":0,"k":0,"ix":6},"o":{"a":0,"k":100,"ix":7},"sk":{"a":0,"k":0,"ix":4},"sa":{"a":0,"k":0,"ix":5},"nm":"Transform"}],"nm":"Group 5","np":2,"cix":2,"bm":0,"ix":5,"mn":"ADBE Vector Group","hd":false},{"ty":"gr","it":[{"ind":0,"ty":"sh","ix":1,"ks":{"a":0,"k":{"i":[[0,3.75],[0,0],[21.51,0],[0,3.76],[0,0],[-21.5,0]],"o":[[0,0],[0,3.76],[-21.5,0],[0,0],[0,3.75],[21.51,0]],"v":[[38.935,-10.195],[38.935,3.395],[-0.005,10.195],[-38.935,3.395],[-38.935,-10.195],[-0.005,-3.405]],"c":true},"ix":2},"nm":"Path 1","mn":"ADBE Vector Shape - Group","hd":false},{"ty":"fl","c":{"a":0,"k":[0.286000001197,0.250999989229,0.941000007181,1],"ix":4},"o":{"a":0,"k":100,"ix":5},"r":1,"bm":0,"nm":"Fill 1","mn":"ADBE Vector Graphic - Fill","hd":false},{"ty":"tr","p":{"a":0,"k":[54.415,17.245],"ix":2},"a":{"a":0,"k":[0,0],"ix":1},"s":{"a":0,"k":[100,100],"ix":3},"r":{"a":0,"k":0,"ix":6},"o":{"a":0,"k":100,"ix":7},"sk":{"a":0,"k":0,"ix":4},"sa":{"a":0,"k":0,"ix":5},"nm":"Transform"}],"nm":"Group 6","np":2,"cix":2,"bm":0,"ix":6,"mn":"ADBE Vector Group","hd":false},{"ty":"gr","it":[{"ind":0,"ty":"sh","ix":1,"ks":{"a":0,"k":{"i":[[0,0],[0,0],[12.75,0],[0,2.23],[0,0]],"o":[[0,0],[0,2.23],[-12.75,0],[0,0],[0,0]],"v":[[23.09,-6.05],[23.09,2.01],[0,6.05],[-23.09,2.01],[-23.09,-6.05]],"c":true},"ix":2},"nm":"Path 1","mn":"ADBE Vector Shape - Group","hd":false},{"ty":"fl","c":{"a":0,"k":[0.118000000598,0.093999997307,0.532999973671,1],"ix":4},"o":{"a":0,"k":100,"ix":5},"r":1,"bm":0,"nm":"Fill 1","mn":"ADBE Vector Graphic - Fill","hd":false},{"ty":"tr","p":{"a":0,"k":[54.41,30.72],"ix":2},"a":{"a":0,"k":[0,0],"ix":1},"s":{"a":0,"k":[100,100],"ix":3},"r":{"a":0,"k":0,"ix":6},"o":{"a":0,"k":100,"ix":7},"sk":{"a":0,"k":0,"ix":4},"sa":{"a":0,"k":0,"ix":5},"nm":"Transform"}],"nm":"Group 7","np":2,"cix":2,"bm":0,"ix":7,"mn":"ADBE Vector Group","hd":false},{"ty":"gr","it":[{"ind":0,"ty":"sh","ix":1,"ks":{"a":0,"k":{"i":[[0,-6.513],[0,0],[28.68,0],[1.87,6.139],[0,0],[-29.91,0]],"o":[[0,0],[-1.87,6.139],[-28.68,0],[0,0],[0,-6.513],[29.91,0]],"v":[[54.16,-0.006],[54.03,0.792],[0,11.797],[-54.03,0.792],[-54.16,-0.006],[0,-11.797]],"c":true},"ix":2},"nm":"Path 1","mn":"ADBE Vector Shape - Group","hd":false},{"ty":"fl","c":{"a":0,"k":[0.149000010771,0.642999985639,0.987999949736,1],"ix":4},"o":{"a":0,"k":100,"ix":5},"r":1,"bm":0,"nm":"Fill 1","mn":"ADBE Vector Graphic - Fill","hd":false},{"ty":"tr","p":{"a":0,"k":[54.41,32.855],"ix":2},"a":{"a":0,"k":[0,0],"ix":1},"s":{"a":0,"k":[100,100],"ix":3},"r":{"a":0,"k":0,"ix":6},"o":{"a":0,"k":100,"ix":7},"sk":{"a":0,"k":0,"ix":4},"sa":{"a":0,"k":0,"ix":5},"nm":"Transform"}],"nm":"Group 8","np":2,"cix":2,"bm":0,"ix":8,"mn":"ADBE Vector Group","hd":false},{"ty":"gr","it":[{"ind":0,"ty":"sh","ix":1,"ks":{"a":0,"k":{"i":[[-1.87,4.92],[0,0],[23.92,0],[0,5.22],[0,0],[-28.68,0]],"o":[[0,0],[0,5.22],[-23.92,0],[0,0],[1.87,4.92],[28.68,0]],"v":[[54.03,-33.464],[43.32,20.786],[0.005,33.464],[-43.31,20.786],[-54.03,-33.464],[0,-24.643]],"c":true},"ix":2},"nm":"Path 1","mn":"ADBE Vector Shape - Group","hd":false},{"ty":"fl","c":{"a":0,"k":[0.286000001197,0.250999989229,0.941000007181,1],"ix":4},"o":{"a":0,"k":100,"ix":5},"r":1,"bm":0,"nm":"Fill 1","mn":"ADBE Vector Graphic - Fill","hd":false},{"ty":"tr","p":{"a":0,"k":[54.41,66.953],"ix":2},"a":{"a":0,"k":[0,0],"ix":1},"s":{"a":0,"k":[100,100],"ix":3},"r":{"a":0,"k":0,"ix":6},"o":{"a":0,"k":100,"ix":7},"sk":{"a":0,"k":0,"ix":4},"sa":{"a":0,"k":0,"ix":5},"nm":"Transform"}],"nm":"Group 9","np":2,"cix":2,"bm":0,"ix":9,"mn":"ADBE Vector Group","hd":false},{"ty":"gr","it":[{"ind":0,"ty":"sh","ix":1,"ks":{"a":0,"k":{"i":[[0,0.21],[0,0]],"o":[[0,0],[-0.09,-0.21]],"v":[[-0.065,-0.32],[0.065,0.32]],"c":true},"ix":2},"nm":"Path 1","mn":"ADBE Vector Shape - Group","hd":false},{"ty":"fl","c":{"a":0,"k":[0.149000010771,0.642999985639,0.987999949736,1],"ix":4},"o":{"a":0,"k":100,"ix":5},"r":1,"bm":0,"nm":"Fill 1","mn":"ADBE Vector Graphic - Fill","hd":false},{"ty":"tr","p":{"a":0,"k":[0.315,33.17],"ix":2},"a":{"a":0,"k":[0,0],"ix":1},"s":{"a":0,"k":[100,100],"ix":3},"r":{"a":0,"k":0,"ix":6},"o":{"a":0,"k":100,"ix":7},"sk":{"a":0,"k":0,"ix":4},"sa":{"a":0,"k":0,"ix":5},"nm":"Transform"}],"nm":"Group 11","np":2,"cix":2,"bm":0,"ix":10,"mn":"ADBE Vector Group","hd":false}],"ip":0,"op":293,"st":0,"bm":0}]}],"layers":[{"ddd":0,"ind":1,"ty":0,"nm":"Parchment-via-Ornaments","refId":"comp_0","sr":1,"ks":{"o":{"a":0,"k":100,"ix":11},"r":{"a":0,"k":0,"ix":10},"p":{"a":0,"k":[636,524,0],"ix":2},"a":{"a":0,"k":[500,500,0],"ix":1},"s":{"a":0,"k":[150,150,100],"ix":6}},"ao":0,"w":1000,"h":1000,"ip":0,"op":288,"st":0,"bm":0},{"ddd":0,"ind":2,"ty":4,"nm":"Blob","sr":1,"ks":{"o":{"a":0,"k":100,"ix":11},"r":{"a":0,"k":0,"ix":10},"p":{"a":0,"k":[799.471,599.618,0],"ix":2},"a":{"a":0,"k":[458.024,425.971,0],"ix":1},"s":{"a":0,"k":[100,100,100],"ix":6}},"ao":0,"shapes":[{"ty":"gr","it":[{"ind":0,"ty":"sh","ix":1,"ks":{"a":0,"k":{"i":[[-56.372,76.392],[-90.616,15.806],[-80.607,-35.825],[-57.953,-65.855],[-14.752,-91.67],[56.899,-70.07],[92.197,-15.278],[89.036,21.6],[59.533,66.909],[3.688,98.519]],"o":[[56.372,-75.865],[91.143,-15.278],[80.606,35.298],[57.952,65.855],[14.751,92.197],[-56.898,69.543],[-92.197,15.279],[-88.509,-22.127],[-59.006,-66.382],[-3.161,-98.519]],"v":[[-381.695,-266.581],[-145.144,-408.828],[118.803,-368.261],[326.378,-216.531],[446.497,22.127],[386.437,286.601],[141.457,408.827],[-128.285,396.183],[-364.836,269.741],[-458.087,8.956]],"c":true},"ix":2},"nm":"Path 1","mn":"ADBE Vector Shape - Group","hd":false},{"ty":"fl","c":{"a":0,"k":[0.028027297001,0.028027297001,0.240551279105,1],"ix":4},"o":{"a":0,"k":100,"ix":5},"r":1,"bm":0,"nm":"Fill 1","mn":"ADBE Vector Graphic - Fill","hd":false},{"ty":"tr","p":{"a":0,"k":[461.498,424.356],"ix":2},"a":{"a":0,"k":[0,0],"ix":1},"s":{"a":0,"k":[100,100],"ix":3},"r":{"a":0,"k":0,"ix":6},"o":{"a":0,"k":100,"ix":7},"sk":{"a":0,"k":0,"ix":4},"sa":{"a":0,"k":0,"ix":5},"nm":"Transform"}],"nm":"Group 1","np":2,"cix":2,"bm":0,"ix":1,"mn":"ADBE Vector Group","hd":false}],"ip":0,"op":288,"st":0,"bm":0},{"ddd":0,"ind":3,"ty":4,"nm":"BG","sr":1,"ks":{"o":{"a":0,"k":100,"ix":11},"r":{"a":0,"k":0,"ix":10},"p":{"a":0,"k":[800,600,0],"ix":2},"a":{"a":0,"k":[800.25,600.25,0],"ix":1},"s":{"a":0,"k":[100,100,100],"ix":6}},"ao":0,"shapes":[{"ty":"gr","it":[{"ind":0,"ty":"sh","ix":1,"ks":{"a":0,"k":{"i":[[0,0],[0,0],[0,0],[0,0]],"o":[[0,0],[0,0],[0,0],[0,0]],"v":[[-800,600],[800,600],[800,-600],[-800,-600]],"c":true},"ix":2},"nm":"Path 1","mn":"ADBE Vector Shape - Group","hd":false},{"ty":"gf","o":{"a":0,"k":100,"ix":10},"r":1,"bm":0,"g":{"p":3,"k":{"a":0,"k":[0,0.028,0.028,0.274,0.5,0.041,0.041,0.292,1,0.055,0.055,0.31],"ix":9}},"s":{"a":0,"k":[-794.734,595.688],"ix":5},"e":{"a":0,"k":[787.312,-551.938],"ix":6},"t":1,"nm":"Gradient Fill 1","mn":"ADBE Vector Graphic - G-Fill","hd":false},{"ty":"tr","p":{"a":0,"k":[800.25,600.25],"ix":2},"a":{"a":0,"k":[0,0],"ix":1},"s":{"a":0,"k":[100,100],"ix":3},"r":{"a":0,"k":0,"ix":6},"o":{"a":0,"k":100,"ix":7},"sk":{"a":0,"k":0,"ix":4},"sa":{"a":0,"k":0,"ix":5},"nm":"Transform"}],"nm":"Group 1","np":2,"cix":2,"bm":0,"ix":1,"mn":"ADBE Vector Group","hd":false}],"ip":0,"op":288,"st":0,"bm":0}],"markers":[]}