{"v":"4.6.8","fr":60,"ip":0,"op":600,"w":360,"h":270,"nm":"niu_lottie","ddd":0,"assets":[{"id":"comp_56","layers":[{"ddd":0,"ind":1,"ty":4,"nm":"Combined Shape","ks":{"o":{"a":0,"k":100},"r":{"a":0,"k":0},"p":{"a":0,"k":[211.588,109.552,0]},"a":{"a":0,"k":[0,0,0]},"s":{"a":0,"k":[100,100,100]}},"ao":0,"shapes":[{"ty":"gr","it":[{"d":1,"ty":"el","s":{"a":0,"k":[1.244,1.244]},"p":{"a":0,"k":[-1.778,0]},"nm":"Ellipse Path 1","mn":"ADBE Vector Shape - Ellipse"},{"d":1,"ty":"el","s":{"a":0,"k":[1.244,1.244]},"p":{"a":0,"k":[-1.778,1.778]},"nm":"Ellipse Path 2","mn":"ADBE Vector Shape - Ellipse"},{"d":1,"ty":"el","s":{"a":0,"k":[1.244,1.244]},"p":{"a":0,"k":[0,1.778]},"nm":"Ellipse Path 3","mn":"ADBE Vector Shape - Ellipse"},{"d":1,"ty":"el","s":{"a":0,"k":[1.244,1.244]},"p":{"a":0,"k":[0,0]},"nm":"Ellipse Path 4","mn":"ADBE Vector Shape - Ellipse"},{"d":1,"ty":"el","s":{"a":0,"k":[1.244,1.244]},"p":{"a":0,"k":[0,-1.778]},"nm":"Ellipse Path 5","mn":"ADBE Vector Shape - Ellipse"},{"d":1,"ty":"el","s":{"a":0,"k":[1.244,1.244]},"p":{"a":0,"k":[1.778,-1.778]},"nm":"Ellipse Path 6","mn":"ADBE Vector Shape - Ellipse"},{"d":1,"ty":"el","s":{"a":0,"k":[1.244,1.244]},"p":{"a":0,"k":[1.778,0]},"nm":"Ellipse Path 7","mn":"ADBE Vector Shape - Ellipse"},{"d":1,"ty":"el","s":{"a":0,"k":[1.244,1.244]},"p":{"a":0,"k":[1.778,1.778]},"nm":"Ellipse Path 8","mn":"ADBE Vector Shape - Ellipse"},{"d":1,"ty":"el","s":{"a":0,"k":[1.244,1.244]},"p":{"a":0,"k":[-1.778,-1.778]},"nm":"Ellipse Path 9","mn":"ADBE Vector Shape - Ellipse"},{"ty":"mm","mm":2,"nm":"Merge Paths 1","mn":"ADBE Vector Filter - Merge"},{"ty":"fl","c":{"a":0,"k":[0,0.905882,0.192157,1]},"o":{"a":0,"k":100},"r":1,"nm":"Fill 1","mn":"ADBE Vector Graphic - Fill"},{"ty":"tr","p":{"a":0,"k":[0,0],"ix":2},"a":{"a":0,"k":[0,0],"ix":1},"s":{"a":0,"k":[300,300],"ix":3},"r":{"a":0,"k":0,"ix":6},"o":{"a":0,"k":100,"ix":7},"sk":{"a":0,"k":0,"ix":4},"sa":{"a":0,"k":0,"ix":5},"nm":"Transform"}],"nm":"Combined Shape","np":11,"cix":2,"ix":1,"mn":"ADBE Vector Group"}],"ip":0,"op":3600,"st":0,"bm":0,"sr":1},{"ddd":0,"ind":2,"ty":4,"nm":"Oval","ks":{"o":{"a":0,"k":100},"r":{"a":0,"k":0},"p":{"a":0,"k":[211.5,109.5,0]},"a":{"a":0,"k":[0,0,0]},"s":{"a":0,"k":[100,100,100]}},"ao":0,"shapes":[{"ty":"gr","it":[{"d":1,"ty":"el","s":{"a":0,"k":[7,7]},"p":{"a":0,"k":[0,0]},"nm":"Ellipse Path 1","mn":"ADBE Vector Shape - Ellipse"},{"ty":"st","c":{"a":0,"k":[0.031373,0.811765,0.207843,1]},"o":{"a":0,"k":100},"w":{"a":0,"k":0.7},"lc":1,"lj":1,"ml":4,"nm":"Stroke 1","mn":"ADBE Vector Graphic - Stroke"},{"ty":"fl","c":{"a":0,"k":[0,0.67451,0.145098,1]},"o":{"a":0,"k":100},"r":1,"nm":"Fill 1","mn":"ADBE Vector Graphic - Fill"},{"ty":"tr","p":{"a":0,"k":[0,0],"ix":2},"a":{"a":0,"k":[0,0],"ix":1},"s":{"a":0,"k":[300,300],"ix":3},"r":{"a":0,"k":0,"ix":6},"o":{"a":0,"k":100,"ix":7},"sk":{"a":0,"k":0,"ix":4},"sa":{"a":0,"k":0,"ix":5},"nm":"Transform"}],"nm":"Oval","np":3,"cix":2,"ix":1,"mn":"ADBE Vector Group"}],"ip":0,"op":3600,"st":0,"bm":0,"sr":1}]},{"id":"comp_57","layers":[{"ddd":0,"ind":1,"ty":4,"nm":"Combined Shape","ks":{"o":{"a":0,"k":100},"r":{"a":0,"k":0},"p":{"a":0,"k":[145.588,109.552,0]},"a":{"a":0,"k":[0,0,0]},"s":{"a":0,"k":[100,100,100]}},"ao":0,"shapes":[{"ty":"gr","it":[{"d":1,"ty":"el","s":{"a":0,"k":[1.244,1.244]},"p":{"a":0,"k":[-1.778,0]},"nm":"Ellipse Path 1","mn":"ADBE Vector Shape - Ellipse"},{"d":1,"ty":"el","s":{"a":0,"k":[1.244,1.244]},"p":{"a":0,"k":[-1.778,1.778]},"nm":"Ellipse Path 2","mn":"ADBE Vector Shape - Ellipse"},{"d":1,"ty":"el","s":{"a":0,"k":[1.244,1.244]},"p":{"a":0,"k":[0,1.778]},"nm":"Ellipse Path 3","mn":"ADBE Vector Shape - Ellipse"},{"d":1,"ty":"el","s":{"a":0,"k":[1.244,1.244]},"p":{"a":0,"k":[0,0]},"nm":"Ellipse Path 4","mn":"ADBE Vector Shape - Ellipse"},{"d":1,"ty":"el","s":{"a":0,"k":[1.244,1.244]},"p":{"a":0,"k":[0,-1.778]},"nm":"Ellipse Path 5","mn":"ADBE Vector Shape - Ellipse"},{"d":1,"ty":"el","s":{"a":0,"k":[1.244,1.244]},"p":{"a":0,"k":[1.778,-1.778]},"nm":"Ellipse Path 6","mn":"ADBE Vector Shape - Ellipse"},{"d":1,"ty":"el","s":{"a":0,"k":[1.244,1.244]},"p":{"a":0,"k":[1.778,0]},"nm":"Ellipse Path 7","mn":"ADBE Vector Shape - Ellipse"},{"d":1,"ty":"el","s":{"a":0,"k":[1.244,1.244]},"p":{"a":0,"k":[1.778,1.778]},"nm":"Ellipse Path 8","mn":"ADBE Vector Shape - Ellipse"},{"d":1,"ty":"el","s":{"a":0,"k":[1.244,1.244]},"p":{"a":0,"k":[-1.778,-1.778]},"nm":"Ellipse Path 9","mn":"ADBE Vector Shape - Ellipse"},{"ty":"mm","mm":2,"nm":"Merge Paths 1","mn":"ADBE Vector Filter - Merge"},{"ty":"fl","c":{"a":0,"k":[0,0.905882,0.192157,1]},"o":{"a":0,"k":100},"r":1,"nm":"Fill 1","mn":"ADBE Vector Graphic - Fill"},{"ty":"tr","p":{"a":0,"k":[0,0],"ix":2},"a":{"a":0,"k":[0,0],"ix":1},"s":{"a":0,"k":[300,300],"ix":3},"r":{"a":0,"k":0,"ix":6},"o":{"a":0,"k":100,"ix":7},"sk":{"a":0,"k":0,"ix":4},"sa":{"a":0,"k":0,"ix":5},"nm":"Transform"}],"nm":"Combined Shape","np":11,"cix":2,"ix":1,"mn":"ADBE Vector Group"}],"ip":0,"op":3600,"st":0,"bm":0,"sr":1},{"ddd":0,"ind":2,"ty":4,"nm":"Oval","ks":{"o":{"a":0,"k":100},"r":{"a":0,"k":0},"p":{"a":0,"k":[145.5,109.5,0]},"a":{"a":0,"k":[0,0,0]},"s":{"a":0,"k":[100,100,100]}},"ao":0,"shapes":[{"ty":"gr","it":[{"d":1,"ty":"el","s":{"a":0,"k":[7,7]},"p":{"a":0,"k":[0,0]},"nm":"Ellipse Path 1","mn":"ADBE Vector Shape - Ellipse"},{"ty":"st","c":{"a":0,"k":[0.031373,0.811765,0.207843,1]},"o":{"a":0,"k":100},"w":{"a":0,"k":0.7},"lc":1,"lj":1,"ml":4,"nm":"Stroke 1","mn":"ADBE Vector Graphic - Stroke"},{"ty":"fl","c":{"a":0,"k":[0,0.67451,0.145098,1]},"o":{"a":0,"k":100},"r":1,"nm":"Fill 1","mn":"ADBE Vector Graphic - Fill"},{"ty":"tr","p":{"a":0,"k":[0,0],"ix":2},"a":{"a":0,"k":[0,0],"ix":1},"s":{"a":0,"k":[300,300],"ix":3},"r":{"a":0,"k":0,"ix":6},"o":{"a":0,"k":100,"ix":7},"sk":{"a":0,"k":0,"ix":4},"sa":{"a":0,"k":0,"ix":5},"nm":"Transform"}],"nm":"Oval","np":3,"cix":2,"ix":1,"mn":"ADBE Vector Group"}],"ip":0,"op":3600,"st":0,"bm":0,"sr":1}]},{"id":"comp_58","layers":[{"ddd":0,"ind":1,"ty":4,"nm":"face1","parent":23,"td":1,"ks":{"o":{"a":0,"k":100},"r":{"a":0,"k":0},"p":{"a":0,"k":[0,0,0]},"a":{"a":0,"k":[0,0,0]},"s":{"a":0,"k":[100,100,100]}},"ao":0,"shapes":[{"ty":"gr","it":[{"ind":0,"ty":"sh","ix":1,"ks":{"a":0,"k":{"i":[[-2,-1],[-10.5,0],[-2,1],[-0.76,-1.83],[-1.63,-9.23],[0.95,-3.46],[0,0],[6,15],[-1.16,6.55],[-6.27,14.99]],"o":[[2,1],[10.5,0],[2,-1],[5.43,13.15],[1.34,7.55],[-3.43,12.39],[0,0],[-1.64,-4.1],[1,-5.7],[0.66,-1.61]],"v":[[-17.777,-33.313],[-0.277,-22.313],[17.223,-33.313],[21.223,-31.313],[31.703,2.857],[32.223,19.687],[-0.277,33.687],[-31.777,18.687],[-31.777,2.687],[-21.777,-31.313]],"c":true}},"nm":"Path 1","mn":"ADBE Vector Shape - Group"},{"ty":"gf","o":{"a":0,"k":100},"r":1,"g":{"p":9,"k":{"a":0,"k":[0,0.886,0.886,0.886,0.075,0.893,0.893,0.893,0.151,0.9,0.9,0.9,0.369,0.888,0.888,0.888,0.588,0.876,0.876,0.876,0.688,0.84,0.84,0.84,0.787,0.804,0.804,0.804,0.894,0.79,0.79,0.79,1,0.776,0.776,0.776]}},"s":{"a":0,"k":[0,-33.683]},"e":{"a":0,"k":[0,33.683]},"t":1,"nm":"Gradient Fill 1","mn":"ADBE Vector Graphic - G-Fill"},{"ty":"tr","p":{"a":0,"k":[0,0],"ix":2},"a":{"a":0,"k":[0,0],"ix":1},"s":{"a":0,"k":[300,300],"ix":3},"r":{"a":0,"k":0,"ix":6},"o":{"a":0,"k":100,"ix":7},"sk":{"a":0,"k":0,"ix":4},"sa":{"a":0,"k":0,"ix":5},"nm":"Transform"}],"nm":"Mask","np":2,"cix":2,"ix":1,"mn":"ADBE Vector Group"},{"ty":"fl","c":{"a":0,"k":[1,0,0,1]},"o":{"a":0,"k":100},"r":1,"nm":"Fill 1","mn":"ADBE Vector Graphic - Fill"}],"ip":0,"op":3600,"st":0,"bm":0,"sr":1},{"ddd":0,"ind":2,"ty":4,"nm":"Mask Copy 2","tt":1,"ks":{"o":{"a":0,"k":100},"r":{"a":0,"k":0},"p":{"a":0,"k":[179.344,120.95,0]},"a":{"a":0,"k":[0,0,0]},"s":{"a":0,"k":[100,100,100]}},"ao":0,"shapes":[{"ty":"gr","it":[{"ind":0,"ty":"sh","ix":1,"ks":{"a":0,"k":{"i":[[-2,-1],[-10.5,0],[-2,1],[-0.76,-1.83],[-1.63,-9.23],[0.95,-3.46],[0,0],[6,15],[-1.16,6.55],[-6.27,14.99]],"o":[[2,1],[10.5,0],[2,-1],[5.43,13.15],[1.34,7.55],[-3.43,12.39],[0,0],[-1.64,-4.1],[1,-5.7],[0.66,-1.61]],"v":[[-17.777,-33.313],[-0.277,-22.313],[17.223,-33.313],[21.223,-31.313],[31.703,2.857],[32.223,19.687],[-0.277,33.687],[-31.777,18.687],[-31.777,2.687],[-21.777,-31.313]],"c":true}},"nm":"Path 1","mn":"ADBE Vector Shape - Group"},{"ty":"tr","p":{"a":0,"k":[0,0],"ix":2},"a":{"a":0,"k":[0,0],"ix":1},"s":{"a":0,"k":[300,300],"ix":3},"r":{"a":0,"k":0,"ix":6},"o":{"a":0,"k":100,"ix":7},"sk":{"a":0,"k":0,"ix":4},"sa":{"a":0,"k":0,"ix":5},"nm":"Transform"}],"nm":"Mask Copy 2","np":1,"cix":2,"ix":1,"mn":"ADBE Vector Group"}],"ip":0,"op":3600,"st":0,"bm":0,"sr":1},{"ddd":0,"ind":3,"ty":4,"nm":"face1","parent":23,"td":1,"ks":{"o":{"a":0,"k":100},"r":{"a":0,"k":0},"p":{"a":0,"k":[0,0,0]},"a":{"a":0,"k":[0,0,0]},"s":{"a":0,"k":[100,100,100]}},"ao":0,"shapes":[{"ty":"gr","it":[{"ind":0,"ty":"sh","ix":1,"ks":{"a":0,"k":{"i":[[-2,-1],[-10.5,0],[-2,1],[-0.76,-1.83],[-1.63,-9.23],[0.95,-3.46],[0,0],[6,15],[-1.16,6.55],[-6.27,14.99]],"o":[[2,1],[10.5,0],[2,-1],[5.43,13.15],[1.34,7.55],[-3.43,12.39],[0,0],[-1.64,-4.1],[1,-5.7],[0.66,-1.61]],"v":[[-17.777,-33.313],[-0.277,-22.313],[17.223,-33.313],[21.223,-31.313],[31.703,2.857],[32.223,19.687],[-0.277,33.687],[-31.777,18.687],[-31.777,2.687],[-21.777,-31.313]],"c":true}},"nm":"Path 1","mn":"ADBE Vector Shape - Group"},{"ty":"gf","o":{"a":0,"k":100},"r":1,"g":{"p":9,"k":{"a":0,"k":[0,0.886,0.886,0.886,0.075,0.893,0.893,0.893,0.151,0.9,0.9,0.9,0.369,0.888,0.888,0.888,0.588,0.876,0.876,0.876,0.688,0.84,0.84,0.84,0.787,0.804,0.804,0.804,0.894,0.79,0.79,0.79,1,0.776,0.776,0.776]}},"s":{"a":0,"k":[0,-33.683]},"e":{"a":0,"k":[0,33.683]},"t":1,"nm":"Gradient Fill 1","mn":"ADBE Vector Graphic - G-Fill"},{"ty":"tr","p":{"a":0,"k":[0,0],"ix":2},"a":{"a":0,"k":[0,0],"ix":1},"s":{"a":0,"k":[300,300],"ix":3},"r":{"a":0,"k":0,"ix":6},"o":{"a":0,"k":100,"ix":7},"sk":{"a":0,"k":0,"ix":4},"sa":{"a":0,"k":0,"ix":5},"nm":"Transform"}],"nm":"Mask","np":2,"cix":2,"ix":1,"mn":"ADBE Vector Group"},{"ty":"fl","c":{"a":0,"k":[1,0,0,1]},"o":{"a":0,"k":100},"r":1,"nm":"Fill 1","mn":"ADBE Vector Graphic - Fill"}],"ip":0,"op":3600,"st":0,"bm":0,"sr":1},{"ddd":0,"ind":4,"ty":4,"nm":"Oval","tt":1,"ks":{"o":{"a":0,"k":100},"r":{"a":0,"k":0},"p":{"a":0,"k":[179.226,185.781,0]},"a":{"a":0,"k":[0,0,0]},"s":{"a":0,"k":[100,100,100]}},"ao":0,"shapes":[{"ty":"gr","it":[{"d":1,"ty":"el","s":{"a":0,"k":[1.8,1.8]},"p":{"a":0,"k":[0,0]},"nm":"Ellipse Path 1","mn":"ADBE Vector Shape - Ellipse"},{"ty":"gs","o":{"a":0,"k":100},"w":{"a":0,"k":0.2},"g":{"p":3,"k":{"a":0,"k":[0,0.771,0.771,0.771,0.5,0.821,0.821,0.821,1,0.871,0.871,0.871]}},"s":{"a":0,"k":[0,-0.9]},"e":{"a":0,"k":[0,1.113]},"t":1,"lc":1,"lj":1,"ml":4,"nm":"Gradient Stroke 1","mn":"ADBE Vector Graphic - G-Stroke"},{"ty":"fl","c":{"a":0,"k":[0.854902,0.454902,0.043137,1]},"o":{"a":0,"k":100},"r":1,"nm":"Fill 1","mn":"ADBE Vector Graphic - Fill"},{"ty":"tr","p":{"a":0,"k":[0,0],"ix":2},"a":{"a":0,"k":[0,0],"ix":1},"s":{"a":0,"k":[300,300],"ix":3},"r":{"a":0,"k":0,"ix":6},"o":{"a":0,"k":100,"ix":7},"sk":{"a":0,"k":0,"ix":4},"sa":{"a":0,"k":0,"ix":5},"nm":"Transform"}],"nm":"Oval","np":3,"cix":2,"ix":1,"mn":"ADBE Vector Group"}],"ip":0,"op":3600,"st":0,"bm":0,"sr":1},{"ddd":0,"ind":5,"ty":4,"nm":"face1","parent":17,"td":1,"ks":{"o":{"a":0,"k":100},"r":{"a":0,"k":0},"p":{"a":0,"k":[0,0,0]},"a":{"a":0,"k":[0,0,0]},"s":{"a":0,"k":[100,100,100]}},"ao":0,"ef":[{"ty":25,"nm":"Drop Shadow","mn":"ADBE Drop Shadow","ix":1,"en":1,"ef":[{"ty":2,"nm":"Shadow Color","mn":"ADBE Drop Shadow-0001","ix":1,"v":{"a":0,"k":[1,1,1,0.2]}},{"ty":0,"nm":"Opacity","mn":"ADBE Drop Shadow-0002","ix":2,"v":{"a":0,"k":51}},{"ty":0,"nm":"Direction","mn":"ADBE Drop Shadow-0003","ix":3,"v":{"a":0,"k":180}},{"ty":0,"nm":"Distance","mn":"ADBE Drop Shadow-0004","ix":4,"v":{"a":0,"k":1.8}},{"ty":0,"nm":"Softness","mn":"ADBE Drop Shadow-0005","ix":5,"v":{"a":0,"k":0}},{"ty":7,"nm":"Shadow Only","mn":"ADBE Drop Shadow-0006","ix":6,"v":{"a":0,"k":0}},{"ty":7,"nm":"GPU Rendering","mn":"ADBE Force CPU GPU","ix":7,"v":{"a":0,"k":1}}]}],"shapes":[{"ty":"gr","it":[{"ind":0,"ty":"sh","ix":1,"ks":{"a":0,"k":{"i":[[-2.85,-0.39],[-7,0],[-3.18,0],[-0.48,2.32],[0.81,3.2],[2.43,1.02],[6.67,0],[1.82,-0.63],[0.92,-1.61],[0.41,-3.7]],"o":[[2.86,0.4],[7,0],[3.19,0],[0.96,-4.62],[-1.62,-6.42],[-2.44,-1.02],[-6.66,0],[-1.81,0.62],[-2.83,4.96],[-0.81,7.34]],"v":[[-20.388,13.636],[0.012,12.466],[20.312,13.956],[25.392,10.166],[23.772,-4.744],[17.322,-12.534],[0.462,-13.954],[-17.538,-12.534],[-21.538,-9.534],[-25.538,5.466]],"c":true}},"nm":"Path 1","mn":"ADBE Vector Shape - Group"},{"ty":"fl","c":{"a":0,"k":[0.166959,0.166959,0.166959,1]},"o":{"a":0,"k":100},"r":1,"nm":"Fill 1","mn":"ADBE Vector Graphic - Fill"},{"ty":"tr","p":{"a":0,"k":[0,0],"ix":2},"a":{"a":0,"k":[0,0],"ix":1},"s":{"a":0,"k":[300,300],"ix":3},"r":{"a":0,"k":0,"ix":6},"o":{"a":0,"k":100,"ix":7},"sk":{"a":0,"k":0,"ix":4},"sa":{"a":0,"k":0,"ix":5},"nm":"Transform"}],"nm":"Mask","np":2,"cix":2,"ix":1,"mn":"ADBE Vector Group"},{"ty":"fl","c":{"a":0,"k":[1,0,0,1]},"o":{"a":0,"k":100},"r":1,"nm":"Fill 1","mn":"ADBE Vector Graphic - Fill"}],"ip":0,"op":3600,"st":0,"bm":0,"sr":1},{"ddd":0,"ind":6,"ty":4,"nm":"Mask Copy","tt":1,"ks":{"o":{"a":0,"k":100},"r":{"a":0,"k":0},"p":{"a":0,"k":[178.609,109.609,0]},"a":{"a":0,"k":[0,0,0]},"s":{"a":0,"k":[100,100,100]}},"ao":0,"shapes":[{"ty":"gr","it":[{"ind":0,"ty":"sh","ix":1,"ks":{"a":0,"k":{"i":[[-2.85,-0.39],[-7,0],[-3.18,0],[-0.48,2.32],[0.81,3.2],[2.43,1.02],[6.67,0],[1.82,-0.63],[0.92,-1.61],[0.41,-3.7]],"o":[[2.86,0.4],[7,0],[3.19,0],[0.96,-4.62],[-1.62,-6.42],[-2.44,-1.02],[-6.66,0],[-1.81,0.62],[-2.83,4.96],[-0.81,7.34]],"v":[[-20.388,13.636],[0.012,12.466],[20.312,13.956],[25.392,10.166],[23.772,-4.744],[17.322,-12.534],[0.462,-13.954],[-17.538,-12.534],[-21.538,-9.534],[-25.538,5.466]],"c":true}},"nm":"Path 1","mn":"ADBE Vector Shape - Group"},{"ty":"tr","p":{"a":0,"k":[0,0],"ix":2},"a":{"a":0,"k":[0,0],"ix":1},"s":{"a":0,"k":[300,300],"ix":3},"r":{"a":0,"k":0,"ix":6},"o":{"a":0,"k":100,"ix":7},"sk":{"a":0,"k":0,"ix":4},"sa":{"a":0,"k":0,"ix":5},"nm":"Transform"}],"nm":"Mask Copy","np":1,"cix":2,"ix":1,"mn":"ADBE Vector Group"}],"ip":0,"op":3600,"st":0,"bm":0,"sr":1},{"ddd":0,"ind":7,"ty":4,"nm":"face1","parent":17,"td":1,"ks":{"o":{"a":0,"k":100},"r":{"a":0,"k":0},"p":{"a":0,"k":[0,0,0]},"a":{"a":0,"k":[0,0,0]},"s":{"a":0,"k":[100,100,100]}},"ao":0,"ef":[{"ty":25,"nm":"Drop Shadow","mn":"ADBE Drop Shadow","ix":1,"en":1,"ef":[{"ty":2,"nm":"Shadow Color","mn":"ADBE Drop Shadow-0001","ix":1,"v":{"a":0,"k":[1,1,1,0.2]}},{"ty":0,"nm":"Opacity","mn":"ADBE Drop Shadow-0002","ix":2,"v":{"a":0,"k":51}},{"ty":0,"nm":"Direction","mn":"ADBE Drop Shadow-0003","ix":3,"v":{"a":0,"k":180}},{"ty":0,"nm":"Distance","mn":"ADBE Drop Shadow-0004","ix":4,"v":{"a":0,"k":1.8}},{"ty":0,"nm":"Softness","mn":"ADBE Drop Shadow-0005","ix":5,"v":{"a":0,"k":0}},{"ty":7,"nm":"Shadow Only","mn":"ADBE Drop Shadow-0006","ix":6,"v":{"a":0,"k":0}},{"ty":7,"nm":"GPU Rendering","mn":"ADBE Force CPU GPU","ix":7,"v":{"a":0,"k":1}}]}],"shapes":[{"ty":"gr","it":[{"ind":0,"ty":"sh","ix":1,"ks":{"a":0,"k":{"i":[[-2.85,-0.39],[-7,0],[-3.18,0],[-0.48,2.32],[0.81,3.2],[2.43,1.02],[6.67,0],[1.82,-0.63],[0.92,-1.61],[0.41,-3.7]],"o":[[2.86,0.4],[7,0],[3.19,0],[0.96,-4.62],[-1.62,-6.42],[-2.44,-1.02],[-6.66,0],[-1.81,0.62],[-2.83,4.96],[-0.81,7.34]],"v":[[-20.388,13.636],[0.012,12.466],[20.312,13.956],[25.392,10.166],[23.772,-4.744],[17.322,-12.534],[0.462,-13.954],[-17.538,-12.534],[-21.538,-9.534],[-25.538,5.466]],"c":true}},"nm":"Path 1","mn":"ADBE Vector Shape - Group"},{"ty":"fl","c":{"a":0,"k":[0.166959,0.166959,0.166959,1]},"o":{"a":0,"k":100},"r":1,"nm":"Fill 1","mn":"ADBE Vector Graphic - Fill"},{"ty":"tr","p":{"a":0,"k":[0,0],"ix":2},"a":{"a":0,"k":[0,0],"ix":1},"s":{"a":0,"k":[300,300],"ix":3},"r":{"a":0,"k":0,"ix":6},"o":{"a":0,"k":100,"ix":7},"sk":{"a":0,"k":0,"ix":4},"sa":{"a":0,"k":0,"ix":5},"nm":"Transform"}],"nm":"Mask","np":2,"cix":2,"ix":1,"mn":"ADBE Vector Group"},{"ty":"fl","c":{"a":0,"k":[1,0,0,1]},"o":{"a":0,"k":100},"r":1,"nm":"Fill 1","mn":"ADBE Vector Graphic - Fill"}],"ip":0,"op":3600,"st":0,"bm":0,"sr":1},{"ddd":0,"ind":8,"ty":4,"nm":"Path 2 Copy","tt":1,"ks":{"o":{"a":0,"k":3},"r":{"a":0,"k":0},"p":{"a":0,"k":[237.089,112.936,0]},"a":{"a":0,"k":[0,0,0]},"s":{"a":0,"k":[100,100,100]}},"ao":0,"shapes":[{"ty":"gr","it":[{"ind":0,"ty":"sh","ix":1,"ks":{"a":0,"k":{"i":[[-5.2,2.33],[0,0.87],[0,0],[0,0]],"o":[[3.6,-1.61],[0,-4.91],[0,0],[0,0]],"v":[[-1.853,8.804],[4.457,5.134],[1.747,-8.246],[-1.853,-9.046]],"c":true}},"nm":"Path 1","mn":"ADBE Vector Shape - Group"},{"ty":"gf","o":{"a":0,"k":100},"r":1,"g":{"p":3,"k":{"a":0,"k":[0,0.212,0.212,0.212,0.5,0.583,0.583,0.583,1,0.954,0.954,0.954]}},"s":{"a":0,"k":[0,-9.046]},"e":{"a":0,"k":[0,9.046]},"t":1,"nm":"Gradient Fill 1","mn":"ADBE Vector Graphic - G-Fill"},{"ty":"tr","p":{"a":0,"k":[0,0],"ix":2},"a":{"a":0,"k":[0,0],"ix":1},"s":{"a":0,"k":[300,300],"ix":3},"r":{"a":0,"k":0,"ix":6},"o":{"a":0,"k":100,"ix":7},"sk":{"a":0,"k":0,"ix":4},"sa":{"a":0,"k":0,"ix":5},"nm":"Transform"}],"nm":"Path 2 Copy","np":2,"cix":2,"ix":1,"mn":"ADBE Vector Group"}],"ip":0,"op":3600,"st":0,"bm":0,"sr":1},{"ddd":0,"ind":9,"ty":4,"nm":"face1","parent":17,"td":1,"ks":{"o":{"a":0,"k":100},"r":{"a":0,"k":0},"p":{"a":0,"k":[0,0,0]},"a":{"a":0,"k":[0,0,0]},"s":{"a":0,"k":[100,100,100]}},"ao":0,"ef":[{"ty":25,"nm":"Drop Shadow","mn":"ADBE Drop Shadow","ix":1,"en":1,"ef":[{"ty":2,"nm":"Shadow Color","mn":"ADBE Drop Shadow-0001","ix":1,"v":{"a":0,"k":[1,1,1,0.2]}},{"ty":0,"nm":"Opacity","mn":"ADBE Drop Shadow-0002","ix":2,"v":{"a":0,"k":51}},{"ty":0,"nm":"Direction","mn":"ADBE Drop Shadow-0003","ix":3,"v":{"a":0,"k":180}},{"ty":0,"nm":"Distance","mn":"ADBE Drop Shadow-0004","ix":4,"v":{"a":0,"k":1.8}},{"ty":0,"nm":"Softness","mn":"ADBE Drop Shadow-0005","ix":5,"v":{"a":0,"k":0}},{"ty":7,"nm":"Shadow Only","mn":"ADBE Drop Shadow-0006","ix":6,"v":{"a":0,"k":0}},{"ty":7,"nm":"GPU Rendering","mn":"ADBE Force CPU GPU","ix":7,"v":{"a":0,"k":1}}]}],"shapes":[{"ty":"gr","it":[{"ind":0,"ty":"sh","ix":1,"ks":{"a":0,"k":{"i":[[-2.85,-0.39],[-7,0],[-3.18,0],[-0.48,2.32],[0.81,3.2],[2.43,1.02],[6.67,0],[1.82,-0.63],[0.92,-1.61],[0.41,-3.7]],"o":[[2.86,0.4],[7,0],[3.19,0],[0.96,-4.62],[-1.62,-6.42],[-2.44,-1.02],[-6.66,0],[-1.81,0.62],[-2.83,4.96],[-0.81,7.34]],"v":[[-20.388,13.636],[0.012,12.466],[20.312,13.956],[25.392,10.166],[23.772,-4.744],[17.322,-12.534],[0.462,-13.954],[-17.538,-12.534],[-21.538,-9.534],[-25.538,5.466]],"c":true}},"nm":"Path 1","mn":"ADBE Vector Shape - Group"},{"ty":"fl","c":{"a":0,"k":[0.166959,0.166959,0.166959,1]},"o":{"a":0,"k":100},"r":1,"nm":"Fill 1","mn":"ADBE Vector Graphic - Fill"},{"ty":"tr","p":{"a":0,"k":[0,0],"ix":2},"a":{"a":0,"k":[0,0],"ix":1},"s":{"a":0,"k":[300,300],"ix":3},"r":{"a":0,"k":0,"ix":6},"o":{"a":0,"k":100,"ix":7},"sk":{"a":0,"k":0,"ix":4},"sa":{"a":0,"k":0,"ix":5},"nm":"Transform"}],"nm":"Mask","np":2,"cix":2,"ix":1,"mn":"ADBE Vector Group"},{"ty":"fl","c":{"a":0,"k":[1,0,0,1]},"o":{"a":0,"k":100},"r":1,"nm":"Fill 1","mn":"ADBE Vector Graphic - Fill"}],"ip":0,"op":3600,"st":0,"bm":0,"sr":1},{"ddd":0,"ind":10,"ty":4,"nm":"Path 2 Copy 2","tt":1,"ks":{"o":{"a":0,"k":30},"r":{"a":0,"k":0},"p":{"a":0,"k":[129.05,104.819,0]},"a":{"a":0,"k":[0,0,0]},"s":{"a":0,"k":[100,100,100]}},"ao":0,"shapes":[{"ty":"gr","it":[{"ind":0,"ty":"sh","ix":1,"ks":{"a":0,"k":{"i":[[0,0],[-8.91,2.53],[3.34,3.83],[0,0.95],[0,0],[0,0],[0,0],[0,0]],"o":[[0,0],[4.77,-1.36],[-2.72,-3.12],[0,-4.9],[0,0],[0,0],[0,0],[0,0]],"v":[[-3.957,15.255],[13.643,2.465],[13.643,-9.685],[6.523,-13.865],[4.833,-17.265],[-8.777,-10.965],[-16.707,5.375],[-5.717,17.615]],"c":true}},"nm":"Path 1","mn":"ADBE Vector Shape - Group"},{"ty":"gf","o":{"a":0,"k":100},"r":1,"g":{"p":3,"k":{"a":0,"k":[0,0.227,0.227,0.227,0.5,0.233,0.233,0.233,1,0.239,0.239,0.239]}},"s":{"a":0,"k":[16.707,-4.22]},"e":{"a":0,"k":[-8.673,7.558]},"t":1,"nm":"Gradient Fill 1","mn":"ADBE Vector Graphic - G-Fill"},{"ty":"tr","p":{"a":0,"k":[0,0],"ix":2},"a":{"a":0,"k":[0,0],"ix":1},"s":{"a":0,"k":[300,300],"ix":3},"r":{"a":0,"k":0,"ix":6},"o":{"a":0,"k":100,"ix":7},"sk":{"a":0,"k":0,"ix":4},"sa":{"a":0,"k":0,"ix":5},"nm":"Transform"}],"nm":"Path 2 Copy 2","np":2,"cix":2,"ix":1,"mn":"ADBE Vector Group"}],"ip":0,"op":3600,"st":0,"bm":0,"sr":1},{"ddd":0,"ind":11,"ty":4,"nm":"face1","parent":17,"td":1,"ks":{"o":{"a":0,"k":100},"r":{"a":0,"k":0},"p":{"a":0,"k":[0,0,0]},"a":{"a":0,"k":[0,0,0]},"s":{"a":0,"k":[100,100,100]}},"ao":0,"ef":[{"ty":25,"nm":"Drop Shadow","mn":"ADBE Drop Shadow","ix":1,"en":1,"ef":[{"ty":2,"nm":"Shadow Color","mn":"ADBE Drop Shadow-0001","ix":1,"v":{"a":0,"k":[1,1,1,0.2]}},{"ty":0,"nm":"Opacity","mn":"ADBE Drop Shadow-0002","ix":2,"v":{"a":0,"k":51}},{"ty":0,"nm":"Direction","mn":"ADBE Drop Shadow-0003","ix":3,"v":{"a":0,"k":180}},{"ty":0,"nm":"Distance","mn":"ADBE Drop Shadow-0004","ix":4,"v":{"a":0,"k":1.8}},{"ty":0,"nm":"Softness","mn":"ADBE Drop Shadow-0005","ix":5,"v":{"a":0,"k":0}},{"ty":7,"nm":"Shadow Only","mn":"ADBE Drop Shadow-0006","ix":6,"v":{"a":0,"k":0}},{"ty":7,"nm":"GPU Rendering","mn":"ADBE Force CPU GPU","ix":7,"v":{"a":0,"k":1}}]}],"shapes":[{"ty":"gr","it":[{"ind":0,"ty":"sh","ix":1,"ks":{"a":0,"k":{"i":[[-2.85,-0.39],[-7,0],[-3.18,0],[-0.48,2.32],[0.81,3.2],[2.43,1.02],[6.67,0],[1.82,-0.63],[0.92,-1.61],[0.41,-3.7]],"o":[[2.86,0.4],[7,0],[3.19,0],[0.96,-4.62],[-1.62,-6.42],[-2.44,-1.02],[-6.66,0],[-1.81,0.62],[-2.83,4.96],[-0.81,7.34]],"v":[[-20.388,13.636],[0.012,12.466],[20.312,13.956],[25.392,10.166],[23.772,-4.744],[17.322,-12.534],[0.462,-13.954],[-17.538,-12.534],[-21.538,-9.534],[-25.538,5.466]],"c":true}},"nm":"Path 1","mn":"ADBE Vector Shape - Group"},{"ty":"fl","c":{"a":0,"k":[0.166959,0.166959,0.166959,1]},"o":{"a":0,"k":100},"r":1,"nm":"Fill 1","mn":"ADBE Vector Graphic - Fill"},{"ty":"tr","p":{"a":0,"k":[0,0],"ix":2},"a":{"a":0,"k":[0,0],"ix":1},"s":{"a":0,"k":[300,300],"ix":3},"r":{"a":0,"k":0,"ix":6},"o":{"a":0,"k":100,"ix":7},"sk":{"a":0,"k":0,"ix":4},"sa":{"a":0,"k":0,"ix":5},"nm":"Transform"}],"nm":"Mask","np":2,"cix":2,"ix":1,"mn":"ADBE Vector Group"},{"ty":"fl","c":{"a":0,"k":[1,0,0,1]},"o":{"a":0,"k":100},"r":1,"nm":"Fill 1","mn":"ADBE Vector Graphic - Fill"}],"ip":0,"op":3600,"st":0,"bm":0,"sr":1},{"ddd":0,"ind":12,"ty":4,"nm":"Path 2","tt":1,"ks":{"o":{"a":0,"k":20},"r":{"a":0,"k":0},"p":{"a":0,"k":[154.528,105.352,0]},"a":{"a":0,"k":[0,0,0]},"s":{"a":0,"k":[100,100,100]}},"ao":0,"shapes":[{"ty":"gr","it":[{"ind":0,"ty":"sh","ix":1,"ks":{"a":0,"k":{"i":[[0,0],[-8.81,2.91],[0,2.09],[0,0],[0,0],[0,0],[0,0]],"o":[[0,0],[15.9,-5.25],[0,-4.91],[0,0],[0,0],[0,0],[0,0]],"v":[[-12.45,15.083],[5.15,2.283],[25.2,-8.758],[-3.66,-17.438],[-17.27,-11.137],[-25.2,5.193],[-14.21,17.432]],"c":true}},"nm":"Path 1","mn":"ADBE Vector Shape - Group"},{"ty":"gf","o":{"a":0,"k":100},"r":1,"g":{"p":3,"k":{"a":0,"k":[0,0.212,0.212,0.212,0.5,0.583,0.583,0.583,1,0.954,0.954,0.954]}},"s":{"a":0,"k":[25.2,-8.985]},"e":{"a":0,"k":[-16.913,14.746]},"t":1,"nm":"Gradient Fill 1","mn":"ADBE Vector Graphic - G-Fill"},{"ty":"tr","p":{"a":0,"k":[0,0],"ix":2},"a":{"a":0,"k":[0,0],"ix":1},"s":{"a":0,"k":[300,300],"ix":3},"r":{"a":0,"k":0,"ix":6},"o":{"a":0,"k":100,"ix":7},"sk":{"a":0,"k":0,"ix":4},"sa":{"a":0,"k":0,"ix":5},"nm":"Transform"}],"nm":"Path 2","np":2,"cix":2,"ix":1,"mn":"ADBE Vector Group"}],"ip":0,"op":3600,"st":0,"bm":0,"sr":1},{"ddd":0,"ind":13,"ty":4,"nm":"face1","parent":23,"td":1,"ks":{"o":{"a":0,"k":100},"r":{"a":0,"k":0},"p":{"a":0,"k":[0,0,0]},"a":{"a":0,"k":[0,0,0]},"s":{"a":0,"k":[100,100,100]}},"ao":0,"shapes":[{"ty":"gr","it":[{"ind":0,"ty":"sh","ix":1,"ks":{"a":0,"k":{"i":[[-2,-1],[-10.5,0],[-2,1],[-0.76,-1.83],[-1.63,-9.23],[0.95,-3.46],[0,0],[6,15],[-1.16,6.55],[-6.27,14.99]],"o":[[2,1],[10.5,0],[2,-1],[5.43,13.15],[1.34,7.55],[-3.43,12.39],[0,0],[-1.64,-4.1],[1,-5.7],[0.66,-1.61]],"v":[[-17.777,-33.313],[-0.277,-22.313],[17.223,-33.313],[21.223,-31.313],[31.703,2.857],[32.223,19.687],[-0.277,33.687],[-31.777,18.687],[-31.777,2.687],[-21.777,-31.313]],"c":true}},"nm":"Path 1","mn":"ADBE Vector Shape - Group"},{"ty":"gf","o":{"a":0,"k":100},"r":1,"g":{"p":9,"k":{"a":0,"k":[0,0.886,0.886,0.886,0.075,0.893,0.893,0.893,0.151,0.9,0.9,0.9,0.369,0.888,0.888,0.888,0.588,0.876,0.876,0.876,0.688,0.84,0.84,0.84,0.787,0.804,0.804,0.804,0.894,0.79,0.79,0.79,1,0.776,0.776,0.776]}},"s":{"a":0,"k":[0,-33.683]},"e":{"a":0,"k":[0,33.683]},"t":1,"nm":"Gradient Fill 1","mn":"ADBE Vector Graphic - G-Fill"},{"ty":"tr","p":{"a":0,"k":[0,0],"ix":2},"a":{"a":0,"k":[0,0],"ix":1},"s":{"a":0,"k":[300,300],"ix":3},"r":{"a":0,"k":0,"ix":6},"o":{"a":0,"k":100,"ix":7},"sk":{"a":0,"k":0,"ix":4},"sa":{"a":0,"k":0,"ix":5},"nm":"Transform"}],"nm":"Mask","np":2,"cix":2,"ix":1,"mn":"ADBE Vector Group"},{"ty":"fl","c":{"a":0,"k":[1,0,0,1]},"o":{"a":0,"k":100},"r":1,"nm":"Fill 1","mn":"ADBE Vector Graphic - Fill"}],"ip":0,"op":3600,"st":0,"bm":0,"sr":1},{"ddd":0,"ind":14,"ty":4,"nm":"Path 7","tt":1,"ks":{"o":{"a":0,"k":50},"r":{"a":0,"k":0},"p":{"a":0,"k":[215.18,43.263,0]},"a":{"a":0,"k":[0,0,0]},"s":{"a":0,"k":[100,100,100]}},"ao":0,"shapes":[{"ty":"gr","it":[{"ind":0,"ty":"sh","ix":1,"ks":{"a":0,"k":{"i":[[1.23,-1.38],[2.35,-2.44],[0,0],[0,0],[-0.51,1.6]],"o":[[-0.49,0.54],[-1.58,1.65],[0,0],[0,0],[0.52,-1.6]],"v":[[4.553,-5.853],[0.493,-0.743],[-5.727,4.877],[-0.587,6.207],[5.453,-2.573]],"c":true}},"nm":"Path 1","mn":"ADBE Vector Shape - Group"},{"ty":"gf","o":{"a":0,"k":100},"r":1,"g":{"p":3,"k":{"a":0,"k":[0,1,1,1,0.5,0.935,0.935,0.935,1,0.871,0.871,0.871,0,1,0.5,0.5,1,0]}},"s":{"a":0,"k":[1.835,-4.205]},"e":{"a":0,"k":[-3.324,7.253]},"t":1,"nm":"Gradient Fill 1","mn":"ADBE Vector Graphic - G-Fill"},{"ty":"tr","p":{"a":0,"k":[0,0],"ix":2},"a":{"a":0,"k":[0,0],"ix":1},"s":{"a":0,"k":[300,300],"ix":3},"r":{"a":0,"k":0,"ix":6},"o":{"a":0,"k":100,"ix":7},"sk":{"a":0,"k":0,"ix":4},"sa":{"a":0,"k":0,"ix":5},"nm":"Transform"}],"nm":"Path 7","np":2,"cix":2,"ix":1,"mn":"ADBE Vector Group"}],"ip":0,"op":3600,"st":0,"bm":0,"sr":1},{"ddd":0,"ind":15,"ty":4,"nm":"face1","parent":23,"td":1,"ks":{"o":{"a":0,"k":100},"r":{"a":0,"k":0},"p":{"a":0,"k":[0,0,0]},"a":{"a":0,"k":[0,0,0]},"s":{"a":0,"k":[100,100,100]}},"ao":0,"shapes":[{"ty":"gr","it":[{"ind":0,"ty":"sh","ix":1,"ks":{"a":0,"k":{"i":[[-2,-1],[-10.5,0],[-2,1],[-0.76,-1.83],[-1.63,-9.23],[0.95,-3.46],[0,0],[6,15],[-1.16,6.55],[-6.27,14.99]],"o":[[2,1],[10.5,0],[2,-1],[5.43,13.15],[1.34,7.55],[-3.43,12.39],[0,0],[-1.64,-4.1],[1,-5.7],[0.66,-1.61]],"v":[[-17.777,-33.313],[-0.277,-22.313],[17.223,-33.313],[21.223,-31.313],[31.703,2.857],[32.223,19.687],[-0.277,33.687],[-31.777,18.687],[-31.777,2.687],[-21.777,-31.313]],"c":true}},"nm":"Path 1","mn":"ADBE Vector Shape - Group"},{"ty":"gf","o":{"a":0,"k":100},"r":1,"g":{"p":9,"k":{"a":0,"k":[0,0.886,0.886,0.886,0.075,0.893,0.893,0.893,0.151,0.9,0.9,0.9,0.369,0.888,0.888,0.888,0.588,0.876,0.876,0.876,0.688,0.84,0.84,0.84,0.787,0.804,0.804,0.804,0.894,0.79,0.79,0.79,1,0.776,0.776,0.776]}},"s":{"a":0,"k":[0,-33.683]},"e":{"a":0,"k":[0,33.683]},"t":1,"nm":"Gradient Fill 1","mn":"ADBE Vector Graphic - G-Fill"},{"ty":"tr","p":{"a":0,"k":[0,0],"ix":2},"a":{"a":0,"k":[0,0],"ix":1},"s":{"a":0,"k":[300,300],"ix":3},"r":{"a":0,"k":0,"ix":6},"o":{"a":0,"k":100,"ix":7},"sk":{"a":0,"k":0,"ix":4},"sa":{"a":0,"k":0,"ix":5},"nm":"Transform"}],"nm":"Mask","np":2,"cix":2,"ix":1,"mn":"ADBE Vector Group"},{"ty":"fl","c":{"a":0,"k":[1,0,0,1]},"o":{"a":0,"k":100},"r":1,"nm":"Fill 1","mn":"ADBE Vector Graphic - Fill"}],"ip":0,"op":3600,"st":0,"bm":0,"sr":1},{"ddd":0,"ind":16,"ty":4,"nm":"Path 4","tt":1,"ks":{"o":{"a":0,"k":50},"r":{"a":0,"k":0},"p":{"a":0,"k":[124.764,32.853,0]},"a":{"a":0,"k":[0,0,0]},"s":{"a":0,"k":[100,100,100]}},"ao":0,"shapes":[{"ty":"gr","it":[{"ind":0,"ty":"sh","ix":1,"ks":{"a":0,"k":{"i":[[0.47,-0.43],[-0.59,-0.85],[-0.3,0.27],[0.47,0.67]],"o":[[-0.48,0.44],[0.6,0.84],[0.31,-0.28],[-0.48,-0.67]],"v":[[-0.868,-1.881],[-1.338,1.509],[1.512,1.509],[0.632,-0.001]],"c":true}},"nm":"Path 1","mn":"ADBE Vector Shape - Group"},{"ty":"gf","o":{"a":0,"k":100},"r":1,"g":{"p":3,"k":{"a":0,"k":[0,1,1,1,0.5,0.935,0.935,0.935,1,0.871,0.871,0.871]}},"s":{"a":0,"k":[0,-1.951]},"e":{"a":0,"k":[0.515,5.284]},"t":1,"nm":"Gradient Fill 1","mn":"ADBE Vector Graphic - G-Fill"},{"ty":"tr","p":{"a":0,"k":[0,0],"ix":2},"a":{"a":0,"k":[0,0],"ix":1},"s":{"a":0,"k":[300,300],"ix":3},"r":{"a":0,"k":0,"ix":6},"o":{"a":0,"k":100,"ix":7},"sk":{"a":0,"k":0,"ix":4},"sa":{"a":0,"k":0,"ix":5},"nm":"Transform"}],"nm":"Path 4","np":2,"cix":2,"ix":1,"mn":"ADBE Vector Group"}],"ip":0,"op":3600,"st":0,"bm":0,"sr":1},{"ddd":0,"ind":17,"ty":4,"nm":"Mask","ks":{"o":{"a":0,"k":100},"r":{"a":0,"k":0},"p":{"a":0,"k":[178.609,109.609,0]},"a":{"a":0,"k":[0,0,0]},"s":{"a":0,"k":[100,100,100]}},"ao":0,"ef":[{"ty":25,"nm":"Drop Shadow","mn":"ADBE Drop Shadow","ix":1,"en":1,"ef":[{"ty":2,"nm":"Shadow Color","mn":"ADBE Drop Shadow-0001","ix":1,"v":{"a":0,"k":[1,1,1,0.2]}},{"ty":0,"nm":"Opacity","mn":"ADBE Drop Shadow-0002","ix":2,"v":{"a":0,"k":51}},{"ty":0,"nm":"Direction","mn":"ADBE Drop Shadow-0003","ix":3,"v":{"a":0,"k":180}},{"ty":0,"nm":"Distance","mn":"ADBE Drop Shadow-0004","ix":4,"v":{"a":0,"k":1.8}},{"ty":0,"nm":"Softness","mn":"ADBE Drop Shadow-0005","ix":5,"v":{"a":0,"k":0}},{"ty":7,"nm":"Shadow Only","mn":"ADBE Drop Shadow-0006","ix":6,"v":{"a":0,"k":0}},{"ty":7,"nm":"GPU Rendering","mn":"ADBE Force CPU GPU","ix":7,"v":{"a":0,"k":1}}]}],"shapes":[{"ty":"gr","it":[{"ind":0,"ty":"sh","ix":1,"ks":{"a":0,"k":{"i":[[-2.85,-0.39],[-7,0],[-3.18,0],[-0.48,2.32],[0.81,3.2],[2.43,1.02],[6.67,0],[1.82,-0.63],[0.92,-1.61],[0.41,-3.7]],"o":[[2.86,0.4],[7,0],[3.19,0],[0.96,-4.62],[-1.62,-6.42],[-2.44,-1.02],[-6.66,0],[-1.81,0.62],[-2.83,4.96],[-0.81,7.34]],"v":[[-20.388,13.636],[0.012,12.466],[20.312,13.956],[25.392,10.166],[23.772,-4.744],[17.322,-12.534],[0.462,-13.954],[-17.538,-12.534],[-21.538,-9.534],[-25.538,5.466]],"c":true}},"nm":"Path 1","mn":"ADBE Vector Shape - Group"},{"ty":"fl","c":{"a":0,"k":[0.1011642,0.1011642,0.1011642,1]},"o":{"a":0,"k":100},"r":1,"nm":"Fill 1","mn":"ADBE Vector Graphic - Fill"},{"ty":"tr","p":{"a":0,"k":[0,0],"ix":2},"a":{"a":0,"k":[0,0],"ix":1},"s":{"a":0,"k":[300,300],"ix":3},"r":{"a":0,"k":0,"ix":6},"o":{"a":0,"k":100,"ix":7},"sk":{"a":0,"k":0,"ix":4},"sa":{"a":0,"k":0,"ix":5},"nm":"Transform"}],"nm":"Mask","np":2,"cix":2,"ix":1,"mn":"ADBE Vector Group"}],"ip":0,"op":3600,"st":0,"bm":0,"sr":1},{"ddd":0,"ind":18,"ty":4,"nm":"face1","parent":23,"td":1,"ks":{"o":{"a":0,"k":100},"r":{"a":0,"k":0},"p":{"a":0,"k":[0,0,0]},"a":{"a":0,"k":[0,0,0]},"s":{"a":0,"k":[100,100,100]}},"ao":0,"shapes":[{"ty":"gr","it":[{"ind":0,"ty":"sh","ix":1,"ks":{"a":0,"k":{"i":[[-2,-1],[-10.5,0],[-2,1],[-0.76,-1.83],[-1.63,-9.23],[0.95,-3.46],[0,0],[6,15],[-1.16,6.55],[-6.27,14.99]],"o":[[2,1],[10.5,0],[2,-1],[5.43,13.15],[1.34,7.55],[-3.43,12.39],[0,0],[-1.64,-4.1],[1,-5.7],[0.66,-1.61]],"v":[[-17.777,-33.313],[-0.277,-22.313],[17.223,-33.313],[21.223,-31.313],[31.703,2.857],[32.223,19.687],[-0.277,33.687],[-31.777,18.687],[-31.777,2.687],[-21.777,-31.313]],"c":true}},"nm":"Path 1","mn":"ADBE Vector Shape - Group"},{"ty":"gf","o":{"a":0,"k":100},"r":1,"g":{"p":9,"k":{"a":0,"k":[0,0.886,0.886,0.886,0.075,0.893,0.893,0.893,0.151,0.9,0.9,0.9,0.369,0.888,0.888,0.888,0.588,0.876,0.876,0.876,0.688,0.84,0.84,0.84,0.787,0.804,0.804,0.804,0.894,0.79,0.79,0.79,1,0.776,0.776,0.776]}},"s":{"a":0,"k":[0,-33.683]},"e":{"a":0,"k":[0,33.683]},"t":1,"nm":"Gradient Fill 1","mn":"ADBE Vector Graphic - G-Fill"},{"ty":"tr","p":{"a":0,"k":[0,0],"ix":2},"a":{"a":0,"k":[0,0],"ix":1},"s":{"a":0,"k":[300,300],"ix":3},"r":{"a":0,"k":0,"ix":6},"o":{"a":0,"k":100,"ix":7},"sk":{"a":0,"k":0,"ix":4},"sa":{"a":0,"k":0,"ix":5},"nm":"Transform"}],"nm":"Mask","np":2,"cix":2,"ix":1,"mn":"ADBE Vector Group"},{"ty":"fl","c":{"a":0,"k":[1,0,0,1]},"o":{"a":0,"k":100},"r":1,"nm":"Fill 1","mn":"ADBE Vector Graphic - Fill"}],"ip":0,"op":3600,"st":0,"bm":0,"sr":1},{"ddd":0,"ind":19,"ty":4,"nm":"Path 5","tt":1,"ks":{"o":{"a":0,"k":50},"r":{"a":0,"k":0},"p":{"a":0,"k":[115.203,119.263,0]},"a":{"a":0,"k":[0,0,0]},"s":{"a":0,"k":[100,100,100]}},"ao":0,"shapes":[{"ty":"gr","it":[{"ind":0,"ty":"sh","ix":1,"ks":{"a":0,"k":{"i":[[0,0],[-1.19,2.59],[0,0],[-1.16,6.48],[0.78,0.98],[1.31,-1.84],[0,0],[0.48,-7.3]],"o":[[0,0],[1.19,-2.59],[0,0],[1.16,-6.48],[-0.78,-0.98],[-1.31,1.85],[0,0],[-0.48,7.3]],"v":[[-3.456,22.7],[-1.376,14.9],[2.155,8.349],[5.434,-16.17],[6.824,-22.43],[0.764,-19.69],[-1.376,-8.82],[-7.046,13.14]],"c":true}},"nm":"Path 1","mn":"ADBE Vector Shape - Group"},{"ty":"gf","o":{"a":0,"k":100},"r":1,"g":{"p":7,"k":{"a":0,"k":[0,1,1,1,0.124,0.935,0.935,0.935,0.248,0.871,0.871,0.871,0.469,0.867,0.867,0.867,0.691,0.863,0.863,0.863,0.846,0.884,0.884,0.884,1,0.906,0.906,0.906]}},"s":{"a":0,"k":[0,-22.7]},"e":{"a":0,"k":[0,22.7]},"t":1,"nm":"Gradient Fill 1","mn":"ADBE Vector Graphic - G-Fill"},{"ty":"tr","p":{"a":0,"k":[0,0],"ix":2},"a":{"a":0,"k":[0,0],"ix":1},"s":{"a":0,"k":[300,300],"ix":3},"r":{"a":0,"k":0,"ix":6},"o":{"a":0,"k":100,"ix":7},"sk":{"a":0,"k":0,"ix":4},"sa":{"a":0,"k":0,"ix":5},"nm":"Transform"}],"nm":"Path 5","np":2,"cix":2,"ix":1,"mn":"ADBE Vector Group"}],"ip":0,"op":3600,"st":0,"bm":0,"sr":1},{"ddd":0,"ind":20,"ty":4,"nm":"face2","ks":{"o":{"a":0,"k":100},"r":{"a":0,"k":0},"p":{"a":0,"k":[179.344,120.95,0]},"a":{"a":0,"k":[0,0,0]},"s":{"a":0,"k":[100,100,100]}},"ao":0,"shapes":[{"ty":"gr","it":[{"ind":0,"ty":"sh","ix":1,"ks":{"a":0,"k":{"i":[[-2,-1],[-10.5,0],[-2,1],[-0.76,-1.83],[-1.63,-9.23],[0.95,-3.46],[0,0],[6,15],[-1.16,6.55],[-6.27,14.99]],"o":[[2,1],[10.5,0],[2,-1],[5.43,13.15],[1.34,7.55],[-3.43,12.39],[0,0],[-1.64,-4.1],[1,-5.7],[0.66,-1.61]],"v":[[-17.777,-33.313],[-0.277,-22.313],[17.223,-33.313],[21.223,-31.313],[31.703,2.857],[32.223,19.687],[-0.277,33.687],[-31.777,18.687],[-31.777,2.687],[-21.777,-31.313]],"c":true}},"nm":"Path 1","mn":"ADBE Vector Shape - Group"},{"ty":"gf","o":{"a":0,"k":100},"r":1,"g":{"p":3,"k":{"a":0,"k":[0.788,0.898,0.898,0.898,0.894,0.899,0.899,0.899,1,0.899,0.899,0.899,0.889,0,0.944,0.5,1,1,1,1,1,1]}},"s":{"a":0,"k":[0,-33.683]},"e":{"a":0,"k":[0,33.683]},"t":1,"nm":"Gradient Fill 1","mn":"ADBE Vector Graphic - G-Fill"},{"ty":"tr","p":{"a":0,"k":[0,0],"ix":2},"a":{"a":0,"k":[0,0],"ix":1},"s":{"a":0,"k":[300,300],"ix":3},"r":{"a":0,"k":0,"ix":6},"o":{"a":0,"k":100,"ix":7},"sk":{"a":0,"k":0,"ix":4},"sa":{"a":0,"k":0,"ix":5},"nm":"Transform"}],"nm":"Mask","np":2,"cix":2,"ix":1,"mn":"ADBE Vector Group"}],"ip":0,"op":3600,"st":0,"bm":0,"sr":1},{"ddd":0,"ind":21,"ty":4,"nm":"face1","parent":23,"td":1,"ks":{"o":{"a":0,"k":100},"r":{"a":0,"k":0},"p":{"a":0,"k":[0,0,0]},"a":{"a":0,"k":[0,0,0]},"s":{"a":0,"k":[100,100,100]}},"ao":0,"shapes":[{"ty":"gr","it":[{"ind":0,"ty":"sh","ix":1,"ks":{"a":0,"k":{"i":[[-2,-1],[-10.5,0],[-2,1],[-0.76,-1.83],[-1.63,-9.23],[0.95,-3.46],[0,0],[6,15],[-1.16,6.55],[-6.27,14.99]],"o":[[2,1],[10.5,0],[2,-1],[5.43,13.15],[1.34,7.55],[-3.43,12.39],[0,0],[-1.64,-4.1],[1,-5.7],[0.66,-1.61]],"v":[[-17.777,-33.313],[-0.277,-22.313],[17.223,-33.313],[21.223,-31.313],[31.703,2.857],[32.223,19.687],[-0.277,33.687],[-31.777,18.687],[-31.777,2.687],[-21.777,-31.313]],"c":true}},"nm":"Path 1","mn":"ADBE Vector Shape - Group"},{"ty":"gf","o":{"a":0,"k":100},"r":1,"g":{"p":9,"k":{"a":0,"k":[0,0.886,0.886,0.886,0.075,0.893,0.893,0.893,0.151,0.9,0.9,0.9,0.369,0.888,0.888,0.888,0.588,0.876,0.876,0.876,0.688,0.84,0.84,0.84,0.787,0.804,0.804,0.804,0.894,0.79,0.79,0.79,1,0.776,0.776,0.776]}},"s":{"a":0,"k":[0,-33.683]},"e":{"a":0,"k":[0,33.683]},"t":1,"nm":"Gradient Fill 1","mn":"ADBE Vector Graphic - G-Fill"},{"ty":"tr","p":{"a":0,"k":[0,0],"ix":2},"a":{"a":0,"k":[0,0],"ix":1},"s":{"a":0,"k":[300,300],"ix":3},"r":{"a":0,"k":0,"ix":6},"o":{"a":0,"k":100,"ix":7},"sk":{"a":0,"k":0,"ix":4},"sa":{"a":0,"k":0,"ix":5},"nm":"Transform"}],"nm":"Mask","np":2,"cix":2,"ix":1,"mn":"ADBE Vector Group"},{"ty":"fl","c":{"a":0,"k":[1,0,0,1]},"o":{"a":0,"k":100},"r":1,"nm":"Fill 1","mn":"ADBE Vector Graphic - Fill"}],"ip":0,"op":3600,"st":0,"bm":0,"sr":1},{"ddd":0,"ind":22,"ty":4,"nm":"Path 6","tt":1,"ks":{"o":{"a":0,"k":100},"r":{"a":0,"k":0},"p":{"a":0,"k":[244.802,158.058,0]},"a":{"a":0,"k":[0,0,0]},"s":{"a":0,"k":[100,100,100]}},"ao":0,"shapes":[{"ty":"gr","it":[{"ind":0,"ty":"sh","ix":1,"ks":{"a":0,"k":{"i":[[0,0],[0,-7.97],[0,0],[-5.31,7.92],[0,0],[6.1,-3.64]],"o":[[0,0],[0,7.97],[0,0],[5.32,-7.91],[0,0],[-6.09,3.63]],"v":[[-12.013,-5.996],[-7.603,6.344],[-16.293,23.834],[13.227,17.464],[14.637,-22.266],[-4.743,-22.266]],"c":true}},"nm":"Path 1","mn":"ADBE Vector Shape - Group"},{"ty":"gf","o":{"a":0,"k":100},"r":1,"g":{"p":3,"k":{"a":0,"k":[0,0.722,0.722,0.722,0.5,0.812,0.812,0.812,1,0.902,0.902,0.902]}},"s":{"a":0,"k":[-18.516,0]},"e":{"a":0,"k":[10.104,-6.976]},"t":1,"nm":"Gradient Fill 1","mn":"ADBE Vector Graphic - G-Fill"},{"ty":"tr","p":{"a":0,"k":[0,0],"ix":2},"a":{"a":0,"k":[0,0],"ix":1},"s":{"a":0,"k":[300,300],"ix":3},"r":{"a":0,"k":0,"ix":6},"o":{"a":0,"k":100,"ix":7},"sk":{"a":0,"k":0,"ix":4},"sa":{"a":0,"k":0,"ix":5},"nm":"Transform"}],"nm":"Path 6","np":2,"cix":2,"ix":1,"mn":"ADBE Vector Group"}],"ip":0,"op":3600,"st":0,"bm":0,"sr":1},{"ddd":0,"ind":23,"ty":4,"nm":"face1","ks":{"o":{"a":0,"k":100},"r":{"a":0,"k":0},"p":{"a":0,"k":[179.344,120.95,0]},"a":{"a":0,"k":[0,0,0]},"s":{"a":0,"k":[100,100,100]}},"ao":0,"shapes":[{"ty":"gr","it":[{"ind":0,"ty":"sh","ix":1,"ks":{"a":0,"k":{"i":[[-2,-1],[-10.5,0],[-2,1],[-0.76,-1.83],[-1.63,-9.23],[0.95,-3.46],[0,0],[6,15],[-1.16,6.55],[-6.27,14.99]],"o":[[2,1],[10.5,0],[2,-1],[5.43,13.15],[1.34,7.55],[-3.43,12.39],[0,0],[-1.64,-4.1],[1,-5.7],[0.66,-1.61]],"v":[[-17.777,-33.313],[-0.277,-22.313],[17.223,-33.313],[21.223,-31.313],[31.703,2.857],[32.223,19.687],[-0.277,33.687],[-31.777,18.687],[-31.777,2.687],[-21.777,-31.313]],"c":true}},"nm":"Path 1","mn":"ADBE Vector Shape - Group"},{"ty":"gf","o":{"a":0,"k":100},"r":1,"g":{"p":9,"k":{"a":0,"k":[0,0.886,0.886,0.886,0.075,0.893,0.893,0.893,0.151,0.9,0.9,0.9,0.369,0.888,0.888,0.888,0.588,0.876,0.876,0.876,0.688,0.84,0.84,0.84,0.787,0.804,0.804,0.804,0.894,0.79,0.79,0.79,1,0.776,0.776,0.776]}},"s":{"a":0,"k":[0,-33.683]},"e":{"a":0,"k":[0,33.683]},"t":1,"nm":"Gradient Fill 1","mn":"ADBE Vector Graphic - G-Fill"},{"ty":"tr","p":{"a":0,"k":[0,0],"ix":2},"a":{"a":0,"k":[0,0],"ix":1},"s":{"a":0,"k":[300,300],"ix":3},"r":{"a":0,"k":0,"ix":6},"o":{"a":0,"k":100,"ix":7},"sk":{"a":0,"k":0,"ix":4},"sa":{"a":0,"k":0,"ix":5},"nm":"Transform"}],"nm":"Mask","np":2,"cix":2,"ix":1,"mn":"ADBE Vector Group"}],"ip":0,"op":3600,"st":0,"bm":0,"sr":1},{"ddd":0,"ind":24,"ty":4,"nm":"r4","ks":{"o":{"a":0,"k":100},"r":{"a":0,"k":0},"p":{"a":0,"k":[268.592,97.878,0]},"a":{"a":0,"k":[0,0,0]},"s":{"a":0,"k":[-100,100,100]}},"ao":0,"shapes":[{"ty":"gr","it":[{"ind":0,"ty":"sh","ix":1,"ks":{"a":0,"k":{"i":[[0,0],[0,0],[0,0],[0,0]],"o":[[0,0],[0,0],[0,0],[0,0]],"v":[[-0.413,8.649],[-3.913,6.649],[0.407,-8.751],[3.777,-8.241]],"c":true}},"nm":"Path 1","mn":"ADBE Vector Shape - Group"},{"ty":"gf","o":{"a":0,"k":100},"r":1,"g":{"p":11,"k":{"a":0,"k":[0,0.204,0.208,0.224,0.214,0.332,0.334,0.342,0.428,0.46,0.46,0.46,0.471,0.339,0.339,0.339,0.514,0.218,0.218,0.218,0.579,0.21,0.21,0.21,0.643,0.202,0.202,0.202,0.685,0.266,0.266,0.269,0.726,0.329,0.329,0.337,0.863,0.251,0.251,0.255,1,0.173,0.173,0.173]}},"s":{"a":0,"k":[2.534,-8.651]},"e":{"a":0,"k":[-2.417,8.651]},"t":1,"nm":"Gradient Fill 1","mn":"ADBE Vector Graphic - G-Fill"},{"ty":"tr","p":{"a":0,"k":[0,0],"ix":2},"a":{"a":0,"k":[0,0],"ix":1},"s":{"a":0,"k":[300,300],"ix":3},"r":{"a":0,"k":0,"ix":6},"o":{"a":0,"k":100,"ix":7},"sk":{"a":0,"k":0,"ix":4},"sa":{"a":0,"k":0,"ix":5},"nm":"Transform"}],"nm":"Path","np":2,"cix":2,"ix":1,"mn":"ADBE Vector Group"}],"ip":0,"op":3600,"st":0,"bm":0,"sr":1},{"ddd":0,"ind":25,"ty":4,"nm":"r3","ks":{"o":{"a":0,"k":100},"r":{"a":0,"k":0},"p":{"a":0,"k":[270.83,96.346,0]},"a":{"a":0,"k":[0,0,0]},"s":{"a":0,"k":[-100,100,100]}},"ao":0,"shapes":[{"ty":"gr","it":[{"ind":0,"ty":"sh","ix":1,"ks":{"a":0,"k":{"i":[[0,0],[0,0],[0,0],[0,0]],"o":[[0,0],[0,0],[0,0],[0,0]],"v":[[-0.223,7.114],[-3.613,5.494],[-0.043,-7.116],[3.617,-6.456]],"c":true}},"nm":"Path 1","mn":"ADBE Vector Shape - Group"},{"ty":"gf","o":{"a":0,"k":100},"r":1,"g":{"p":3,"k":{"a":0,"k":[0,0,0.902,0.196,0.5,0.2,0.653,0.3,1,0.4,0.404,0.404]}},"s":{"a":0,"k":[-1.997,0]},"e":{"a":0,"k":[3.613,2.355]},"t":1,"nm":"Gradient Fill 1","mn":"ADBE Vector Graphic - G-Fill"},{"ty":"tr","p":{"a":0,"k":[0,0],"ix":2},"a":{"a":0,"k":[0,0],"ix":1},"s":{"a":0,"k":[300,300],"ix":3},"r":{"a":0,"k":0,"ix":6},"o":{"a":0,"k":100,"ix":7},"sk":{"a":0,"k":0,"ix":4},"sa":{"a":0,"k":0,"ix":5},"nm":"Transform"}],"nm":"Path Copy 2","np":2,"cix":2,"ix":1,"mn":"ADBE Vector Group"}],"ip":0,"op":3600,"st":0,"bm":0,"sr":1},{"ddd":0,"ind":26,"ty":4,"nm":"r1","ks":{"o":{"a":0,"k":100},"r":{"a":0,"k":0},"p":{"a":0,"k":[275.59,95.134,0]},"a":{"a":0,"k":[0,0,0]},"s":{"a":0,"k":[-100,100,100]}},"ao":0,"shapes":[{"ty":"gr","it":[{"ind":0,"ty":"sh","ix":1,"ks":{"a":0,"k":{"i":[[0,0],[0,0],[0,0],[0,0]],"o":[[0,0],[0,0],[0,0],[0,0]],"v":[[-0.079,6.565],[-3.579,4.565],[-0.269,-6.565],[3.581,-6.005]],"c":true}},"nm":"Path 1","mn":"ADBE Vector Shape - Group"},{"ty":"gf","o":{"a":0,"k":100},"r":1,"g":{"p":3,"k":{"a":0,"k":[0,0.239,0.255,0.282,0.5,0.32,0.329,0.343,1,0.4,0.404,0.404]}},"s":{"a":0,"k":[-1.978,0]},"e":{"a":0,"k":[3.579,2.173]},"t":1,"nm":"Gradient Fill 1","mn":"ADBE Vector Graphic - G-Fill"},{"ty":"tr","p":{"a":0,"k":[0,0],"ix":2},"a":{"a":0,"k":[0,0],"ix":1},"s":{"a":0,"k":[300,300],"ix":3},"r":{"a":0,"k":0,"ix":6},"o":{"a":0,"k":100,"ix":7},"sk":{"a":0,"k":0,"ix":4},"sa":{"a":0,"k":0,"ix":5},"nm":"Transform"}],"nm":"Path Copy","np":2,"cix":2,"ix":1,"mn":"ADBE Vector Group"}],"ip":0,"op":3600,"st":0,"bm":0,"sr":1},{"ddd":0,"ind":27,"ty":4,"nm":"l3","ks":{"o":{"a":0,"k":100},"r":{"a":0,"k":0},"p":{"a":0,"k":[88.408,97.878,0]},"a":{"a":0,"k":[0,0,0]},"s":{"a":0,"k":[100,100,100]}},"ao":0,"shapes":[{"ty":"gr","it":[{"ind":0,"ty":"sh","ix":1,"ks":{"a":0,"k":{"i":[[0,0],[0,0],[0,0],[0,0]],"o":[[0,0],[0,0],[0,0],[0,0]],"v":[[-0.413,8.649],[-3.913,6.649],[0.407,-8.751],[3.777,-8.241]],"c":true}},"nm":"Path 1","mn":"ADBE Vector Shape - Group"},{"ty":"gf","o":{"a":0,"k":100},"r":1,"g":{"p":11,"k":{"a":0,"k":[0,0.204,0.208,0.224,0.214,0.332,0.334,0.342,0.428,0.46,0.46,0.46,0.471,0.339,0.339,0.339,0.514,0.218,0.218,0.218,0.579,0.21,0.21,0.21,0.643,0.202,0.202,0.202,0.685,0.266,0.266,0.269,0.726,0.329,0.329,0.337,0.863,0.251,0.251,0.255,1,0.173,0.173,0.173]}},"s":{"a":0,"k":[2.534,-8.651]},"e":{"a":0,"k":[-2.417,8.651]},"t":1,"nm":"Gradient Fill 1","mn":"ADBE Vector Graphic - G-Fill"},{"ty":"tr","p":{"a":0,"k":[0,0],"ix":2},"a":{"a":0,"k":[0,0],"ix":1},"s":{"a":0,"k":[300,300],"ix":3},"r":{"a":0,"k":0,"ix":6},"o":{"a":0,"k":100,"ix":7},"sk":{"a":0,"k":0,"ix":4},"sa":{"a":0,"k":0,"ix":5},"nm":"Transform"}],"nm":"Path","np":2,"cix":2,"ix":1,"mn":"ADBE Vector Group"}],"ip":0,"op":3600,"st":0,"bm":0,"sr":1},{"ddd":0,"ind":28,"ty":4,"nm":"l2","ks":{"o":{"a":0,"k":100},"r":{"a":0,"k":0},"p":{"a":0,"k":[86.17,96.346,0]},"a":{"a":0,"k":[0,0,0]},"s":{"a":0,"k":[100,100,100]}},"ao":0,"shapes":[{"ty":"gr","it":[{"ind":0,"ty":"sh","ix":1,"ks":{"a":0,"k":{"i":[[0,0],[0,0],[0,0],[0,0]],"o":[[0,0],[0,0],[0,0],[0,0]],"v":[[-0.223,7.114],[-3.613,5.494],[-0.043,-7.116],[3.617,-6.456]],"c":true}},"nm":"Path 1","mn":"ADBE Vector Shape - Group"},{"ty":"gf","o":{"a":0,"k":100},"r":1,"g":{"p":3,"k":{"a":0,"k":[0,0,0.902,0.196,0.5,0.2,0.653,0.3,1,0.4,0.404,0.404]}},"s":{"a":0,"k":[-1.997,0]},"e":{"a":0,"k":[3.613,2.355]},"t":1,"nm":"Gradient Fill 1","mn":"ADBE Vector Graphic - G-Fill"},{"ty":"tr","p":{"a":0,"k":[0,0],"ix":2},"a":{"a":0,"k":[0,0],"ix":1},"s":{"a":0,"k":[300,300],"ix":3},"r":{"a":0,"k":0,"ix":6},"o":{"a":0,"k":100,"ix":7},"sk":{"a":0,"k":0,"ix":4},"sa":{"a":0,"k":0,"ix":5},"nm":"Transform"}],"nm":"Path Copy 2","np":2,"cix":2,"ix":1,"mn":"ADBE Vector Group"}],"ip":0,"op":3600,"st":0,"bm":0,"sr":1},{"ddd":0,"ind":29,"ty":4,"nm":"l1","ks":{"o":{"a":0,"k":100},"r":{"a":0,"k":0},"p":{"a":0,"k":[81.41,95.134,0]},"a":{"a":0,"k":[0,0,0]},"s":{"a":0,"k":[100,100,100]}},"ao":0,"shapes":[{"ty":"gr","it":[{"ind":0,"ty":"sh","ix":1,"ks":{"a":0,"k":{"i":[[0,0],[0,0],[0,0],[0,0]],"o":[[0,0],[0,0],[0,0],[0,0]],"v":[[-0.079,6.565],[-3.579,4.565],[-0.269,-6.565],[3.581,-6.005]],"c":true}},"nm":"Path 1","mn":"ADBE Vector Shape - Group"},{"ty":"gf","o":{"a":0,"k":100},"r":1,"g":{"p":3,"k":{"a":0,"k":[0,0.239,0.255,0.282,0.5,0.32,0.329,0.343,1,0.4,0.404,0.404]}},"s":{"a":0,"k":[-1.978,0]},"e":{"a":0,"k":[3.579,2.173]},"t":1,"nm":"Gradient Fill 1","mn":"ADBE Vector Graphic - G-Fill"},{"ty":"tr","p":{"a":0,"k":[0,0],"ix":2},"a":{"a":0,"k":[0,0],"ix":1},"s":{"a":0,"k":[300,300],"ix":3},"r":{"a":0,"k":0,"ix":6},"o":{"a":0,"k":100,"ix":7},"sk":{"a":0,"k":0,"ix":4},"sa":{"a":0,"k":0,"ix":5},"nm":"Transform"}],"nm":"Path Copy","np":2,"cix":2,"ix":1,"mn":"ADBE Vector Group"}],"ip":0,"op":3600,"st":0,"bm":0,"sr":1}]},{"id":"comp_59","layers":[{"ddd":0,"ind":1,"ty":4,"nm":"Combined Shape","ks":{"o":{"a":0,"k":40},"r":{"a":0,"k":-9},"p":{"a":0,"k":[151.399,243.907,0]},"a":{"a":0,"k":[0,0,0]},"s":{"a":0,"k":[100,100,100]}},"ao":0,"shapes":[{"ty":"gr","it":[{"ind":0,"ty":"sh","ix":1,"ks":{"a":0,"k":{"i":[[0,0],[0,0],[0,0],[0,0]],"o":[[0,0],[0,0],[0,0],[0,0]],"v":[[-3.336,5.522],[1.454,5.932],[2.094,0.222],[-2.196,1.052]],"c":true}},"nm":"Path 1","mn":"ADBE Vector Shape - Group"},{"ind":1,"ty":"sh","ix":2,"ks":{"a":0,"k":{"i":[[0,0],[0,0],[0,0],[1.05,-1.11]],"o":[[0,0],[0,0],[0,0],[-1.04,1.11]],"v":[[-1.848,-0.453],[2.432,-1.453],[3.332,-5.933],[0.192,-4.483]],"c":true}},"nm":"Path 2","mn":"ADBE Vector Shape - Group"},{"ty":"mm","mm":2,"nm":"Merge Paths 1","mn":"ADBE Vector Filter - Merge"},{"ty":"gf","o":{"a":0,"k":100},"r":1,"g":{"p":3,"k":{"a":0,"k":[0,0.838,0.838,0.838,0.5,0.9,0.9,0.9,1,0.962,0.962,0.962]}},"s":{"a":0,"k":[0,-5.933]},"e":{"a":0,"k":[0,7.178]},"t":1,"nm":"Gradient Fill 1","mn":"ADBE Vector Graphic - G-Fill"},{"ty":"tr","p":{"a":0,"k":[0,0],"ix":2},"a":{"a":0,"k":[0,0],"ix":1},"s":{"a":0,"k":[300,300],"ix":3},"r":{"a":0,"k":0,"ix":6},"o":{"a":0,"k":100,"ix":7},"sk":{"a":0,"k":0,"ix":4},"sa":{"a":0,"k":0,"ix":5},"nm":"Transform"}],"nm":"Combined Shape","np":4,"cix":2,"ix":1,"mn":"ADBE Vector Group"}],"ip":0,"op":3600,"st":0,"bm":0,"sr":1},{"ddd":0,"ind":2,"ty":4,"nm":"Path 3","ks":{"o":{"a":0,"k":100},"r":{"a":0,"k":0},"p":{"a":0,"k":[181.5,235.5,0]},"a":{"a":0,"k":[0,0,0]},"s":{"a":0,"k":[100,100,100]}},"ao":0,"shapes":[{"ty":"gr","it":[{"ind":0,"ty":"sh","ix":1,"ks":{"a":0,"k":{"i":[[0,0],[0,0],[12,0]],"o":[[0,0],[0,0],[-12,0]],"v":[[-14.5,11.5],[14.5,11.5],[-0.5,-11.5]],"c":true}},"nm":"Path 1","mn":"ADBE Vector Shape - Group"},{"ty":"gf","o":{"a":0,"k":100},"r":1,"g":{"p":5,"k":{"a":0,"k":[0,0.979,0.979,0.979,0.348,0.94,0.94,0.94,0.697,0.901,0.901,0.901,0.848,0.806,0.806,0.806,1,0.711,0.711,0.711]}},"s":{"a":0,"k":[0.404,42.672]},"e":{"a":0,"k":[0.304,-7.171]},"t":2,"h":{"a":0,"k":0},"a":{"a":0,"k":0},"nm":"Gradient Fill 1","mn":"ADBE Vector Graphic - G-Fill"},{"ty":"tr","p":{"a":0,"k":[0,0],"ix":2},"a":{"a":0,"k":[0,0],"ix":1},"s":{"a":0,"k":[300,300],"ix":3},"r":{"a":0,"k":0,"ix":6},"o":{"a":0,"k":100,"ix":7},"sk":{"a":0,"k":0,"ix":4},"sa":{"a":0,"k":0,"ix":5},"nm":"Transform"}],"nm":"Path 3","np":2,"cix":2,"ix":1,"mn":"ADBE Vector Group"}],"ip":0,"op":3600,"st":0,"bm":0,"sr":1}]},{"id":"comp_60","layers":[{"ddd":0,"ind":1,"ty":4,"nm":"Ã¢ÂÂ¨ Path 13","parent":3,"td":1,"ks":{"o":{"a":0,"k":100},"r":{"a":0,"k":0},"p":{"a":0,"k":[0,0,0]},"a":{"a":0,"k":[0,0,0]},"s":{"a":0,"k":[100,100,100]}},"ao":0,"shapes":[{"ty":"gr","it":[{"ind":0,"ty":"sh","ix":1,"ks":{"a":0,"k":{"i":[[-0.54,-3.01],[-2.09,0.32],[-1.3,2.57],[-0.86,3.07],[0.93,0.66],[2.45,-4.11]],"o":[[0.53,3.02],[2.09,-0.32],[1.31,-2.57],[1.92,-6.86],[-2.03,-1.43],[-2.46,4.11]],"v":[[-7.244,9.189],[-2.094,13.319],[2.376,9.189],[5.486,-1.911],[6.966,-13.181],[-4.694,-2.931]],"c":true}},"nm":"Path 1","mn":"ADBE Vector Shape - Group"},{"ty":"gf","o":{"a":0,"k":100},"r":1,"g":{"p":3,"k":{"a":0,"k":[0,0,0,0,0.5,0.094,0.171,0.402,1,0.188,0.341,0.804,0,0,0.5,0.5,1,1]}},"s":{"a":0,"k":[4.753,0]},"e":{"a":0,"k":[-3.114,-5.1]},"t":2,"h":{"a":0,"k":0},"a":{"a":0,"k":0},"nm":"Gradient Fill 1","mn":"ADBE Vector Graphic - G-Fill"},{"ty":"tr","p":{"a":0,"k":[0,0],"ix":2},"a":{"a":0,"k":[0,0],"ix":1},"s":{"a":0,"k":[300,300],"ix":3},"r":{"a":0,"k":0,"ix":6},"o":{"a":0,"k":100,"ix":7},"sk":{"a":0,"k":0,"ix":4},"sa":{"a":0,"k":0,"ix":5},"nm":"Transform"}],"nm":"Path 10","np":2,"cix":2,"ix":1,"mn":"ADBE Vector Group"},{"ty":"fl","c":{"a":0,"k":[1,0,0,1]},"o":{"a":0,"k":100},"r":1,"nm":"Fill 1","mn":"ADBE Vector Graphic - Fill"}],"ip":0,"op":3600,"st":0,"bm":0,"sr":1},{"ddd":0,"ind":2,"ty":4,"nm":"Path 10 Copy 2","tt":1,"ks":{"o":{"a":0,"k":100},"r":{"a":0,"k":0},"p":{"a":0,"k":[223.729,253.083,0]},"a":{"a":0,"k":[0,0,0]},"s":{"a":0,"k":[-100,100,100]}},"ao":0,"shapes":[{"ty":"gr","it":[{"ind":0,"ty":"sh","ix":1,"ks":{"a":0,"k":{"i":[[-0.54,-3.01],[-2.09,0.32],[-1.3,2.57],[-0.86,3.07],[0.93,0.66],[2.45,-4.11]],"o":[[0.53,3.02],[2.09,-0.32],[1.31,-2.57],[1.92,-6.86],[-2.03,-1.43],[-2.46,4.11]],"v":[[-7.244,9.189],[-2.094,13.319],[2.376,9.189],[5.486,-1.911],[6.966,-13.181],[-4.694,-2.931]],"c":true}},"nm":"Path 1","mn":"ADBE Vector Shape - Group"},{"ty":"gf","o":{"a":0,"k":100},"r":1,"g":{"p":3,"k":{"a":0,"k":[0,0.673,0.673,0.673,0.5,0.803,0.803,0.803,1,0.933,0.933,0.933,0,1,0.5,0.5,1,0]}},"s":{"a":0,"k":[4.535,-12.089]},"e":{"a":0,"k":[-3.635,2.527]},"t":1,"nm":"Gradient Fill 1","mn":"ADBE Vector Graphic - G-Fill"},{"ty":"tr","p":{"a":0,"k":[0,0],"ix":2},"a":{"a":0,"k":[0,0],"ix":1},"s":{"a":0,"k":[300,300],"ix":3},"r":{"a":0,"k":0,"ix":6},"o":{"a":0,"k":100,"ix":7},"sk":{"a":0,"k":0,"ix":4},"sa":{"a":0,"k":0,"ix":5},"nm":"Transform"}],"nm":"Path 10 Copy 2","np":2,"cix":2,"ix":1,"mn":"ADBE Vector Group"}],"ip":0,"op":3600,"st":0,"bm":0,"sr":1},{"ddd":0,"ind":3,"ty":4,"nm":"Path 10","ks":{"o":{"a":0,"k":100},"r":{"a":0,"k":0},"p":{"a":0,"k":[223.729,253.083,0]},"a":{"a":0,"k":[0,0,0]},"s":{"a":0,"k":[-100,100,100]}},"ao":0,"shapes":[{"ty":"gr","it":[{"ind":0,"ty":"sh","ix":1,"ks":{"a":0,"k":{"i":[[-0.54,-3.01],[-2.09,0.32],[-1.3,2.57],[-0.86,3.07],[0.93,0.66],[2.45,-4.11]],"o":[[0.53,3.02],[2.09,-0.32],[1.31,-2.57],[1.92,-6.86],[-2.03,-1.43],[-2.46,4.11]],"v":[[-7.244,9.189],[-2.094,13.319],[2.376,9.189],[5.486,-1.911],[6.966,-13.181],[-4.694,-2.931]],"c":true}},"nm":"Path 1","mn":"ADBE Vector Shape - Group"},{"ty":"gf","o":{"a":0,"k":100},"r":1,"g":{"p":3,"k":{"a":0,"k":[0,0.741,0.741,0.741,0.5,0.837,0.837,0.837,1,0.933,0.933,0.933]}},"s":{"a":0,"k":[4.753,0]},"e":{"a":0,"k":[-3.114,-5.1]},"t":2,"h":{"a":0,"k":0},"a":{"a":0,"k":0},"nm":"Gradient Fill 1","mn":"ADBE Vector Graphic - G-Fill"},{"ty":"tr","p":{"a":0,"k":[0,0],"ix":2},"a":{"a":0,"k":[0,0],"ix":1},"s":{"a":0,"k":[300,300],"ix":3},"r":{"a":0,"k":0,"ix":6},"o":{"a":0,"k":100,"ix":7},"sk":{"a":0,"k":0,"ix":4},"sa":{"a":0,"k":0,"ix":5},"nm":"Transform"}],"nm":"Path 10","np":2,"cix":2,"ix":1,"mn":"ADBE Vector Group"}],"ip":0,"op":3600,"st":0,"bm":0,"sr":1}]}],"layers":[{"ddd":0,"ind":1,"ty":4,"nm":"Shape Layer 5","ks":{"o":{"a":0,"k":100},"r":{"a":0,"k":0},"p":{"a":0,"k":[145.688,109.25,0]},"a":{"a":0,"k":[-34.312,-24,0]},"s":{"a":0,"k":[100,100,100]}},"ao":0,"shapes":[{"ty":"gr","it":[{"ind":0,"ty":"sh","ix":1,"ks":{"a":0,"k":{"i":[[0,0],[0,0]],"o":[[0,0],[0,0]],"v":[[-42.5,-24],[-26.125,-24]],"c":false}},"nm":"Path 1","mn":"ADBE Vector Shape - Group"},{"ty":"st","c":{"a":0,"k":[0,0.8431373,0.227451,1]},"o":{"a":0,"k":100},"w":{"a":0,"k":7},"lc":2,"lj":2,"nm":"Stroke 1","mn":"ADBE Vector Graphic - Stroke"},{"ty":"tr","p":{"a":0,"k":[66,0],"ix":2},"a":{"a":0,"k":[0,0],"ix":1},"s":{"a":0,"k":[100,100],"ix":3},"r":{"a":0,"k":0,"ix":6},"o":{"a":0,"k":100,"ix":7},"sk":{"a":0,"k":0,"ix":4},"sa":{"a":0,"k":0,"ix":5},"nm":"Transform"}],"nm":"Shape 2","np":2,"cix":2,"ix":1,"mn":"ADBE Vector Group"},{"ty":"gr","it":[{"ind":0,"ty":"sh","ix":1,"ks":{"a":0,"k":{"i":[[0,0],[0,0]],"o":[[0,0],[0,0]],"v":[[-42.5,-24],[-26.125,-24]],"c":false}},"nm":"Path 1","mn":"ADBE Vector Shape - Group"},{"ty":"st","c":{"a":0,"k":[0,0.8431373,0.227451,1]},"o":{"a":0,"k":100},"w":{"a":0,"k":7},"lc":2,"lj":2,"nm":"Stroke 1","mn":"ADBE Vector Graphic - Stroke"},{"ty":"tr","p":{"a":0,"k":[0,0],"ix":2},"a":{"a":0,"k":[0,0],"ix":1},"s":{"a":0,"k":[100,100],"ix":3},"r":{"a":0,"k":0,"ix":6},"o":{"a":0,"k":100,"ix":7},"sk":{"a":0,"k":0,"ix":4},"sa":{"a":0,"k":0,"ix":5},"nm":"Transform"}],"nm":"Shape 1","np":2,"cix":2,"ix":2,"mn":"ADBE Vector Group"}],"ip":505,"op":511,"st":500,"bm":0,"sr":1},{"ddd":0,"ind":2,"ty":4,"nm":"Shape Layer 4","ks":{"o":{"a":0,"k":100},"r":{"a":0,"k":0},"p":{"a":0,"k":[145.688,109.25,0]},"a":{"a":0,"k":[-34.312,-24,0]},"s":{"a":0,"k":[100,100,100]}},"ao":0,"shapes":[{"ty":"gr","it":[{"ind":0,"ty":"sh","ix":1,"ks":{"a":0,"k":{"i":[[0,0],[0,0]],"o":[[0,0],[0,0]],"v":[[-42.5,-24],[-26.125,-24]],"c":false}},"nm":"Path 1","mn":"ADBE Vector Shape - Group"},{"ty":"st","c":{"a":0,"k":[0,0.8431373,0.227451,1]},"o":{"a":0,"k":100},"w":{"a":0,"k":7},"lc":2,"lj":2,"nm":"Stroke 1","mn":"ADBE Vector Graphic - Stroke"},{"ty":"tr","p":{"a":0,"k":[66,0],"ix":2},"a":{"a":0,"k":[0,0],"ix":1},"s":{"a":0,"k":[100,100],"ix":3},"r":{"a":0,"k":0,"ix":6},"o":{"a":0,"k":100,"ix":7},"sk":{"a":0,"k":0,"ix":4},"sa":{"a":0,"k":0,"ix":5},"nm":"Transform"}],"nm":"Shape 2","np":2,"cix":2,"ix":1,"mn":"ADBE Vector Group"},{"ty":"gr","it":[{"ind":0,"ty":"sh","ix":1,"ks":{"a":0,"k":{"i":[[0,0],[0,0]],"o":[[0,0],[0,0]],"v":[[-42.5,-24],[-26.125,-24]],"c":false}},"nm":"Path 1","mn":"ADBE Vector Shape - Group"},{"ty":"st","c":{"a":0,"k":[0,0.8431373,0.227451,1]},"o":{"a":0,"k":100},"w":{"a":0,"k":7},"lc":2,"lj":2,"nm":"Stroke 1","mn":"ADBE Vector Graphic - Stroke"},{"ty":"tr","p":{"a":0,"k":[0,0],"ix":2},"a":{"a":0,"k":[0,0],"ix":1},"s":{"a":0,"k":[100,100],"ix":3},"r":{"a":0,"k":0,"ix":6},"o":{"a":0,"k":100,"ix":7},"sk":{"a":0,"k":0,"ix":4},"sa":{"a":0,"k":0,"ix":5},"nm":"Transform"}],"nm":"Shape 1","np":2,"cix":2,"ix":2,"mn":"ADBE Vector Group"}],"ip":380,"op":386,"st":375,"bm":0,"sr":1},{"ddd":0,"ind":3,"ty":4,"nm":"Shape Layer 3","ks":{"o":{"a":0,"k":100},"r":{"a":0,"k":0},"p":{"a":0,"k":[145.688,109.25,0]},"a":{"a":0,"k":[-34.312,-24,0]},"s":{"a":0,"k":[100,100,100]}},"ao":0,"shapes":[{"ty":"gr","it":[{"ind":0,"ty":"sh","ix":1,"ks":{"a":0,"k":{"i":[[0,0],[0,0]],"o":[[0,0],[0,0]],"v":[[-42.5,-24],[-26.125,-24]],"c":false}},"nm":"Path 1","mn":"ADBE Vector Shape - Group"},{"ty":"st","c":{"a":0,"k":[0,0.8431373,0.227451,1]},"o":{"a":0,"k":100},"w":{"a":0,"k":7},"lc":2,"lj":2,"nm":"Stroke 1","mn":"ADBE Vector Graphic - Stroke"},{"ty":"tr","p":{"a":0,"k":[66,0],"ix":2},"a":{"a":0,"k":[0,0],"ix":1},"s":{"a":0,"k":[100,100],"ix":3},"r":{"a":0,"k":0,"ix":6},"o":{"a":0,"k":100,"ix":7},"sk":{"a":0,"k":0,"ix":4},"sa":{"a":0,"k":0,"ix":5},"nm":"Transform"}],"nm":"Shape 2","np":2,"cix":2,"ix":1,"mn":"ADBE Vector Group"},{"ty":"gr","it":[{"ind":0,"ty":"sh","ix":1,"ks":{"a":0,"k":{"i":[[0,0],[0,0]],"o":[[0,0],[0,0]],"v":[[-42.5,-24],[-26.125,-24]],"c":false}},"nm":"Path 1","mn":"ADBE Vector Shape - Group"},{"ty":"st","c":{"a":0,"k":[0,0.8431373,0.227451,1]},"o":{"a":0,"k":100},"w":{"a":0,"k":7},"lc":2,"lj":2,"nm":"Stroke 1","mn":"ADBE Vector Graphic - Stroke"},{"ty":"tr","p":{"a":0,"k":[0,0],"ix":2},"a":{"a":0,"k":[0,0],"ix":1},"s":{"a":0,"k":[100,100],"ix":3},"r":{"a":0,"k":0,"ix":6},"o":{"a":0,"k":100,"ix":7},"sk":{"a":0,"k":0,"ix":4},"sa":{"a":0,"k":0,"ix":5},"nm":"Transform"}],"nm":"Shape 1","np":2,"cix":2,"ix":2,"mn":"ADBE Vector Group"}],"ip":255,"op":261,"st":250,"bm":0,"sr":1},{"ddd":0,"ind":4,"ty":4,"nm":"Shape Layer 1","ks":{"o":{"a":0,"k":100},"r":{"a":0,"k":0},"p":{"a":0,"k":[145.688,109.25,0]},"a":{"a":0,"k":[-34.312,-24,0]},"s":{"a":0,"k":[100,100,100]}},"ao":0,"shapes":[{"ty":"gr","it":[{"ind":0,"ty":"sh","ix":1,"ks":{"a":0,"k":{"i":[[0,0],[0,0]],"o":[[0,0],[0,0]],"v":[[-42.5,-24],[-26.125,-24]],"c":false}},"nm":"Path 1","mn":"ADBE Vector Shape - Group"},{"ty":"st","c":{"a":0,"k":[0,0.8431373,0.227451,1]},"o":{"a":0,"k":100},"w":{"a":0,"k":7},"lc":2,"lj":2,"nm":"Stroke 1","mn":"ADBE Vector Graphic - Stroke"},{"ty":"tr","p":{"a":0,"k":[66,0],"ix":2},"a":{"a":0,"k":[0,0],"ix":1},"s":{"a":0,"k":[100,100],"ix":3},"r":{"a":0,"k":0,"ix":6},"o":{"a":0,"k":100,"ix":7},"sk":{"a":0,"k":0,"ix":4},"sa":{"a":0,"k":0,"ix":5},"nm":"Transform"}],"nm":"Shape 2","np":2,"cix":2,"ix":1,"mn":"ADBE Vector Group"},{"ty":"gr","it":[{"ind":0,"ty":"sh","ix":1,"ks":{"a":0,"k":{"i":[[0,0],[0,0]],"o":[[0,0],[0,0]],"v":[[-42.5,-24],[-26.125,-24]],"c":false}},"nm":"Path 1","mn":"ADBE Vector Shape - Group"},{"ty":"st","c":{"a":0,"k":[0,0.8431373,0.227451,1]},"o":{"a":0,"k":100},"w":{"a":0,"k":7},"lc":2,"lj":2,"nm":"Stroke 1","mn":"ADBE Vector Graphic - Stroke"},{"ty":"tr","p":{"a":0,"k":[0,0],"ix":2},"a":{"a":0,"k":[0,0],"ix":1},"s":{"a":0,"k":[100,100],"ix":3},"r":{"a":0,"k":0,"ix":6},"o":{"a":0,"k":100,"ix":7},"sk":{"a":0,"k":0,"ix":4},"sa":{"a":0,"k":0,"ix":5},"nm":"Transform"}],"nm":"Shape 1","np":2,"cix":2,"ix":2,"mn":"ADBE Vector Group"}],"ip":5,"op":11,"st":0,"bm":0,"sr":1},{"ddd":0,"ind":5,"ty":4,"nm":"Shape Layer 2","parent":8,"ks":{"o":{"a":0,"k":100},"r":{"a":0,"k":0},"p":{"a":0,"k":[181.5,109.647,0]},"a":{"a":0,"k":[-9,-13.853,0]},"s":{"a":0,"k":[100,100,100]}},"ao":0,"shapes":[{"ty":"gr","it":[{"ind":0,"ty":"sh","ix":1,"ks":{"a":0,"k":{"i":[[8.75,1],[-2.375,-0.375],[-9.125,-0.235],[-2.625,0.5]],"o":[[-17.515,-2.002],[2.375,0.375],[9.125,0.235],[1.846,-0.352]],"v":[[-37,-18.5],[-60,-9],[-43.25,-11.235],[-30.25,-9.5]],"c":true}},"nm":"Path 1","mn":"ADBE Vector Shape - Group"},{"ty":"fl","c":{"a":0,"k":[0,0.8431373,0.227451,1]},"o":{"a":0,"k":100},"r":1,"nm":"Fill 1","mn":"ADBE Vector Graphic - Fill"},{"ty":"tr","p":{"a":0,"k":[-24,0],"ix":2},"a":{"a":0,"k":[0,0],"ix":1},"s":{"a":0,"k":[-100,100],"ix":3},"r":{"a":0,"k":0,"ix":6},"o":{"a":0,"k":100,"ix":7},"sk":{"a":0,"k":0,"ix":4},"sa":{"a":0,"k":0,"ix":5},"nm":"Transform"}],"nm":"Shape 2","np":2,"cix":2,"ix":1,"mn":"ADBE Vector Group"},{"ty":"gr","it":[{"ind":0,"ty":"sh","ix":1,"ks":{"a":0,"k":{"i":[[8.75,1],[-2.375,-0.375],[-9.125,-0.235],[-2.625,0.5]],"o":[[-17.515,-2.002],[2.375,0.375],[9.125,0.235],[1.846,-0.352]],"v":[[-37,-18.5],[-60,-9],[-43.25,-11.235],[-30.25,-9.5]],"c":true}},"nm":"Path 1","mn":"ADBE Vector Shape - Group"},{"ty":"fl","c":{"a":0,"k":[0,0.8431373,0.227451,1]},"o":{"a":0,"k":100},"r":1,"nm":"Fill 1","mn":"ADBE Vector Graphic - Fill"},{"ty":"tr","p":{"a":0,"k":[0,0],"ix":2},"a":{"a":0,"k":[0,0],"ix":1},"s":{"a":0,"k":[100,100],"ix":3},"r":{"a":0,"k":0,"ix":6},"o":{"a":0,"k":100,"ix":7},"sk":{"a":0,"k":0,"ix":4},"sa":{"a":0,"k":0,"ix":5},"nm":"Transform"}],"nm":"Shape 1","np":3,"cix":2,"ix":2,"mn":"ADBE Vector Group"}],"ip":130,"op":156,"st":73,"bm":0,"sr":1},{"ddd":0,"ind":6,"ty":0,"nm":"reye","parent":8,"refId":"comp_56","ks":{"o":{"a":1,"k":[{"i":{"x":[0.833],"y":[0.833]},"o":{"x":[0.167],"y":[0.167]},"n":["0p833_0p833_0p167_0p167"],"t":4,"s":[100],"e":[0]},{"i":{"x":[0.833],"y":[0.833]},"o":{"x":[0.167],"y":[0.167]},"n":["0p833_0p833_0p167_0p167"],"t":5,"s":[0],"e":[0]},{"i":{"x":[0.833],"y":[0.833]},"o":{"x":[0.167],"y":[0.167]},"n":["0p833_0p833_0p167_0p167"],"t":10,"s":[0],"e":[100]},{"i":{"x":[0.833],"y":[0.833]},"o":{"x":[0.167],"y":[0.167]},"n":["0p833_0p833_0p167_0p167"],"t":11,"s":[100],"e":[100]},{"i":{"x":[0.833],"y":[0.833]},"o":{"x":[0.167],"y":[0.167]},"n":["0p833_0p833_0p167_0p167"],"t":129,"s":[100],"e":[0]},{"i":{"x":[0.833],"y":[0.833]},"o":{"x":[0.167],"y":[0.167]},"n":["0p833_0p833_0p167_0p167"],"t":130,"s":[0],"e":[0]},{"i":{"x":[0.833],"y":[0.833]},"o":{"x":[0.167],"y":[0.167]},"n":["0p833_0p833_0p167_0p167"],"t":154,"s":[0],"e":[100]},{"i":{"x":[0.833],"y":[0.833]},"o":{"x":[0.167],"y":[0.167]},"n":["0p833_0p833_0p167_0p167"],"t":155,"s":[100],"e":[100]},{"i":{"x":[0.833],"y":[0.833]},"o":{"x":[0.167],"y":[0.167]},"n":["0p833_0p833_0p167_0p167"],"t":254,"s":[100],"e":[0]},{"i":{"x":[0.833],"y":[0.833]},"o":{"x":[0.167],"y":[0.167]},"n":["0p833_0p833_0p167_0p167"],"t":255,"s":[0],"e":[0]},{"i":{"x":[0.833],"y":[0.833]},"o":{"x":[0.167],"y":[0.167]},"n":["0p833_0p833_0p167_0p167"],"t":260,"s":[0],"e":[100]},{"i":{"x":[0.833],"y":[0.833]},"o":{"x":[0.167],"y":[0.167]},"n":["0p833_0p833_0p167_0p167"],"t":261,"s":[100],"e":[100]},{"i":{"x":[0.833],"y":[0.833]},"o":{"x":[0.167],"y":[0.167]},"n":["0p833_0p833_0p167_0p167"],"t":379,"s":[100],"e":[0]},{"i":{"x":[0.833],"y":[0.833]},"o":{"x":[0.167],"y":[0.167]},"n":["0p833_0p833_0p167_0p167"],"t":380,"s":[0],"e":[0]},{"i":{"x":[0.833],"y":[0.833]},"o":{"x":[0.167],"y":[0.167]},"n":["0p833_0p833_0p167_0p167"],"t":385,"s":[0],"e":[100]},{"i":{"x":[0.833],"y":[0.833]},"o":{"x":[0.167],"y":[0.167]},"n":["0p833_0p833_0p167_0p167"],"t":386,"s":[100],"e":[100]},{"i":{"x":[0.833],"y":[0.833]},"o":{"x":[0.167],"y":[0.167]},"n":["0p833_0p833_0p167_0p167"],"t":504,"s":[100],"e":[0]},{"i":{"x":[0.833],"y":[0.833]},"o":{"x":[0.167],"y":[0.167]},"n":["0p833_0p833_0p167_0p167"],"t":505,"s":[0],"e":[0]},{"i":{"x":[0.833],"y":[0.833]},"o":{"x":[0.167],"y":[0.167]},"n":["0p833_0p833_0p167_0p167"],"t":510,"s":[0],"e":[100]},{"t":511}]},"r":{"a":0,"k":0},"p":{"a":0,"k":[180,135,0]},"a":{"a":0,"k":[180,135,0]},"s":{"a":0,"k":[100,100,100]}},"ao":0,"w":360,"h":270,"ip":0,"op":3600,"st":0,"bm":0,"sr":1},{"ddd":0,"ind":7,"ty":0,"nm":"leye","parent":8,"refId":"comp_57","ks":{"o":{"a":1,"k":[{"i":{"x":[0.833],"y":[0.833]},"o":{"x":[0.167],"y":[0.167]},"n":["0p833_0p833_0p167_0p167"],"t":4,"s":[100],"e":[0]},{"i":{"x":[0.833],"y":[0.833]},"o":{"x":[0.167],"y":[0.167]},"n":["0p833_0p833_0p167_0p167"],"t":5,"s":[0],"e":[0]},{"i":{"x":[0.833],"y":[0.833]},"o":{"x":[0.167],"y":[0.167]},"n":["0p833_0p833_0p167_0p167"],"t":10,"s":[0],"e":[100]},{"i":{"x":[0.833],"y":[0.833]},"o":{"x":[0.167],"y":[0.167]},"n":["0p833_0p833_0p167_0p167"],"t":11,"s":[100],"e":[100]},{"i":{"x":[0.833],"y":[0.833]},"o":{"x":[0.167],"y":[0.167]},"n":["0p833_0p833_0p167_0p167"],"t":129,"s":[100],"e":[0]},{"i":{"x":[0.833],"y":[0.833]},"o":{"x":[0.167],"y":[0.167]},"n":["0p833_0p833_0p167_0p167"],"t":130,"s":[0],"e":[0]},{"i":{"x":[0.833],"y":[0.833]},"o":{"x":[0.167],"y":[0.167]},"n":["0p833_0p833_0p167_0p167"],"t":154,"s":[0],"e":[100]},{"i":{"x":[0.833],"y":[0.833]},"o":{"x":[0.167],"y":[0.167]},"n":["0p833_0p833_0p167_0p167"],"t":155,"s":[100],"e":[100]},{"i":{"x":[0.833],"y":[0.833]},"o":{"x":[0.167],"y":[0.167]},"n":["0p833_0p833_0p167_0p167"],"t":254,"s":[100],"e":[0]},{"i":{"x":[0.833],"y":[0.833]},"o":{"x":[0.167],"y":[0.167]},"n":["0p833_0p833_0p167_0p167"],"t":255,"s":[0],"e":[0]},{"i":{"x":[0.833],"y":[0.833]},"o":{"x":[0.167],"y":[0.167]},"n":["0p833_0p833_0p167_0p167"],"t":260,"s":[0],"e":[100]},{"i":{"x":[0.833],"y":[0.833]},"o":{"x":[0.167],"y":[0.167]},"n":["0p833_0p833_0p167_0p167"],"t":261,"s":[100],"e":[100]},{"i":{"x":[0.833],"y":[0.833]},"o":{"x":[0.167],"y":[0.167]},"n":["0p833_0p833_0p167_0p167"],"t":379,"s":[100],"e":[0]},{"i":{"x":[0.833],"y":[0.833]},"o":{"x":[0.167],"y":[0.167]},"n":["0p833_0p833_0p167_0p167"],"t":380,"s":[0],"e":[0]},{"i":{"x":[0.833],"y":[0.833]},"o":{"x":[0.167],"y":[0.167]},"n":["0p833_0p833_0p167_0p167"],"t":385,"s":[0],"e":[100]},{"i":{"x":[0.833],"y":[0.833]},"o":{"x":[0.167],"y":[0.167]},"n":["0p833_0p833_0p167_0p167"],"t":386,"s":[100],"e":[100]},{"i":{"x":[0.833],"y":[0.833]},"o":{"x":[0.167],"y":[0.167]},"n":["0p833_0p833_0p167_0p167"],"t":504,"s":[100],"e":[0]},{"i":{"x":[0.833],"y":[0.833]},"o":{"x":[0.167],"y":[0.167]},"n":["0p833_0p833_0p167_0p167"],"t":505,"s":[0],"e":[0]},{"i":{"x":[0.833],"y":[0.833]},"o":{"x":[0.167],"y":[0.167]},"n":["0p833_0p833_0p167_0p167"],"t":510,"s":[0],"e":[100]},{"t":511}]},"r":{"a":0,"k":0},"p":{"a":0,"k":[180,135,0]},"a":{"a":0,"k":[180,135,0]},"s":{"a":0,"k":[100,100,100]}},"ao":0,"w":360,"h":270,"ip":0,"op":3600,"st":0,"bm":0,"sr":1},{"ddd":0,"ind":8,"ty":0,"nm":"face","refId":"comp_58","ks":{"o":{"a":0,"k":100},"r":{"a":1,"k":[{"i":{"x":[0.667],"y":[1]},"o":{"x":[0.703],"y":[0]},"n":["0p667_1_0p703_0"],"t":84,"s":[0],"e":[-9]},{"t":114,"s":[-9],"h":1},{"i":{"x":[0.166],"y":[1]},"o":{"x":[0.333],"y":[0]},"n":["0p166_1_0p333_0"],"t":164.002,"s":[-9],"e":[0]},{"t":194.001953125}]},"p":{"a":0,"k":[180,205,0]},"a":{"a":0,"k":[180,205,0]},"s":{"a":0,"k":[100,100,100]}},"ao":0,"w":360,"h":270,"ip":0,"op":3600,"st":0,"bm":0,"sr":1},{"ddd":0,"ind":9,"ty":0,"nm":"body","refId":"comp_59","ks":{"o":{"a":0,"k":100},"r":{"a":0,"k":0},"p":{"a":0,"k":[180,135,0]},"a":{"a":0,"k":[180,135,0]},"s":{"a":0,"k":[100,100,100]}},"ao":0,"w":360,"h":270,"ip":0,"op":3600,"st":0,"bm":0,"sr":1},{"ddd":0,"ind":10,"ty":4,"nm":"lhand2","ks":{"o":{"a":0,"k":100},"r":{"a":1,"k":[{"i":{"x":[0.833],"y":[0.833]},"o":{"x":[0.167],"y":[0.167]},"n":["0p833_0p833_0p167_0p167"],"t":126,"s":[-16],"e":[-4.998]},{"i":{"x":[0.833],"y":[0.833]},"o":{"x":[0.167],"y":[0.167]},"n":["0p833_0p833_0p167_0p167"],"t":135.998,"s":[-4.998],"e":[-16]},{"i":{"x":[0.833],"y":[0.833]},"o":{"x":[0.167],"y":[0.167]},"n":["0p833_0p833_0p167_0p167"],"t":144,"s":[-16],"e":[-5]},{"i":{"x":[0.833],"y":[0.833]},"o":{"x":[0.167],"y":[0.167]},"n":["0p833_0p833_0p167_0p167"],"t":153.998,"s":[-5],"e":[-16]},{"t":163.998046875}]},"p":{"a":0,"k":[159.987,228.941,0]},"a":{"a":0,"k":[34.5,2,0]},"s":{"a":0,"k":[100,100,100]}},"ao":0,"shapes":[{"ty":"gr","it":[{"ind":0,"ty":"sh","ix":1,"ks":{"a":0,"k":{"i":[[0,0],[3.45,-0.59],[-1.12,-3.57],[-8.21,-0.33],[0,0],[0,0],[1.41,-0.01],[4.31,0.58],[0,0],[0.9,0.34]],"o":[[0,0],[-3.45,0.58],[1.11,3.57],[8.21,0.34],[0,0],[0,0],[-4.81,0],[-4.69,-0.64],[0,0],[-0.89,-0.33]],"v":[[-6.907,-5.262],[-11.227,-9.152],[-13.407,-0.962],[-0.517,9.198],[12.113,5.148],[14.113,-1.572],[11.203,-2.672],[1.123,-0.102],[-3.937,-4.092],[-5.127,-7.252]],"c":true}},"nm":"Path 1","mn":"ADBE Vector Shape - Group"},{"ty":"gf","o":{"a":0,"k":100},"r":1,"g":{"p":3,"k":{"a":0,"k":[0,0.741,0.741,0.741,0.5,0.837,0.837,0.837,1,0.933,0.933,0.933]}},"s":{"a":0,"k":[9.039,0]},"e":{"a":0,"k":[-5.922,-3.52]},"t":2,"h":{"a":0,"k":0},"a":{"a":0,"k":0},"nm":"Gradient Fill 1","mn":"ADBE Vector Graphic - G-Fill"},{"ty":"tr","p":{"a":0,"k":[0,0],"ix":2},"a":{"a":0,"k":[0,0],"ix":1},"s":{"a":0,"k":[300,300],"ix":3},"r":{"a":0,"k":-10,"ix":6},"o":{"a":0,"k":100,"ix":7},"sk":{"a":0,"k":0,"ix":4},"sa":{"a":0,"k":0,"ix":5},"nm":"Transform"}],"nm":"Path 12","np":2,"cix":2,"ix":1,"mn":"ADBE Vector Group"}],"ip":126,"op":164,"st":73,"bm":0,"sr":1},{"ddd":0,"ind":11,"ty":0,"nm":"rhand","refId":"comp_60","ks":{"o":{"a":1,"k":[{"i":{"x":[0.833],"y":[0.833]},"o":{"x":[0.167],"y":[0.167]},"n":["0p833_0p833_0p167_0p167"],"t":125,"s":[100],"e":[0]},{"i":{"x":[0.833],"y":[0.833]},"o":{"x":[0.167],"y":[0.167]},"n":["0p833_0p833_0p167_0p167"],"t":126,"s":[0],"e":[0]},{"i":{"x":[0.833],"y":[0.833]},"o":{"x":[0.167],"y":[0.167]},"n":["0p833_0p833_0p167_0p167"],"t":163,"s":[0],"e":[100]},{"t":164}]},"r":{"a":1,"k":[{"i":{"x":[0.833],"y":[0.833]},"o":{"x":[0.167],"y":[0.167]},"n":["0p833_0p833_0p167_0p167"],"t":124,"s":[0],"e":[10]},{"i":{"x":[0.833],"y":[0.833]},"o":{"x":[0.167],"y":[0.167]},"n":["0p833_0p833_0p167_0p167"],"t":126,"s":[10],"e":[10]},{"i":{"x":[0.833],"y":[0.833]},"o":{"x":[0.167],"y":[0.167]},"n":["0p833_0p833_0p167_0p167"],"t":164,"s":[10],"e":[0]},{"t":166}]},"p":{"a":0,"k":[159.5,242,0]},"a":{"a":0,"k":[204.5,244.889,0]},"s":{"a":0,"k":[-100,100,100]}},"ao":0,"w":360,"h":290,"ip":0,"op":3600,"st":0,"bm":0,"sr":1},{"ddd":0,"ind":12,"ty":0,"nm":"rhand","refId":"comp_60","ks":{"o":{"a":0,"k":100},"r":{"a":0,"k":0},"p":{"a":0,"k":[180,142,0]},"a":{"a":0,"k":[180,145,0]},"s":{"a":0,"k":[100,100,100]}},"ao":0,"w":360,"h":290,"ip":0,"op":3600,"st":0,"bm":0,"sr":1}]}